OpportunityID,OpportunityName,AccountID,RepID,StageID,CreatedDate,CloseDate,ExpectedCloseDate,Status,ACV,Probability,LeadSource,Product,DaysInStage,DaysSinceActivity,AttentionReason,IsAtRisk,IsOverdue,SalesCycleDays
1,Cobalt 046 • Service Suite,46,11,7,2025-05-25,2025-07-18,2025-07-18,Lost,9700,0,Partner,Service Suite,0,0,On track,0,0,54
2,Summit 150 • CRM Enterprise,150,9,6,2025-12-31,2026-03-11,2026-03-11,Won,15400,1,Event,CRM Enterprise,0,0,On track,0,0,70
3,Juniper 128 • CRM Pro,128,9,7,2025-05-09,2025-05-30,2025-05-30,Lost,156900,0,Outbound,CRM Pro,0,0,On track,0,0,21
4,Northstar 091 • CRM Pro,91,9,7,2026-04-13,2026-05-26,2026-05-26,Lost,49900,0,Event,CRM Pro,0,0,On track,0,0,43
5,Summit 066 • CRM Pro,66,5,7,2026-03-29,2026-05-26,2026-05-26,Lost,18700,0,Event,CRM Pro,0,0,On track,0,0,58
6,Meridian 129 • CRM Enterprise,129,10,7,2026-05-14,2026-08-11,2026-08-11,Lost,55500,0,Partner,CRM Enterprise,0,0,On track,0,0,89
7,Northstar 145 • Service Suite,145,9,6,2025-03-23,2025-08-17,2025-08-17,Won,125200,1,Inbound,Service Suite,0,0,On track,0,0,147
8,Juniper 098 • CRM Pro,98,6,6,2025-09-29,2025-12-23,2025-12-23,Won,22300,1,Event,CRM Pro,0,0,On track,0,0,85
9,Beacon 005 • CRM Pro,5,9,6,2025-01-17,2025-02-26,2025-02-26,Won,21100,1,Partner,CRM Pro,0,0,On track,0,0,40
10,Beacon 059 • Service Suite,59,3,6,2026-04-13,2026-07-12,2026-07-12,Won,60900,1,Partner,Service Suite,0,0,On track,0,0,90
11,Summit 132 • CRM Pro,132,9,6,2025-06-11,2025-09-08,2025-09-08,Won,24600,1,Event,CRM Pro,0,0,On track,0,0,89
12,Juniper 020 • CRM Enterprise,20,1,6,2025-05-24,2025-11-17,2025-11-17,Won,44400,1,Outbound,CRM Enterprise,0,0,On track,0,0,177
13,Northstar 097 • CRM Enterprise,97,2,7,2025-07-24,2025-08-19,2025-08-19,Lost,20100,0,Event,CRM Enterprise,0,0,On track,0,0,26
14,Beacon 173 • CRM Enterprise,173,6,7,2026-08-14,2026-09-04,2026-09-04,Lost,37000,0,Event,CRM Enterprise,0,0,On track,0,0,21
15,Meridian 123 • CRM Enterprise,123,5,4,2026-07-30,,2026-12-29,Open,47500,0.7,Outbound,CRM Enterprise,17,13,On track,0,0,
16,Cobalt 082 • CRM Enterprise,82,12,7,2025-08-17,2025-10-14,2025-10-14,Lost,6000,0,Partner,CRM Enterprise,0,0,On track,0,0,58
17,Juniper 122 • CRM Pro,122,7,6,2025-11-28,2026-02-03,2026-02-03,Won,20500,1,Partner,CRM Pro,0,0,On track,0,0,67
18,Beacon 005 • CRM Enterprise,5,9,7,2025-01-15,2025-01-20,2025-01-20,Lost,10700,0,Partner,CRM Enterprise,0,0,On track,0,0,5
19,Cobalt 154 • CRM Enterprise,154,5,7,2025-06-22,2025-08-28,2025-08-28,Lost,51800,0,Inbound,CRM Enterprise,0,0,On track,0,0,67
20,Cobalt 166 • CRM Pro,166,12,6,2025-06-22,2025-09-16,2025-09-16,Won,12800,1,Inbound,CRM Pro,0,0,On track,0,0,86
21,Beacon 113 • CRM Pro,113,2,6,2026-04-12,2026-08-07,2026-08-07,Won,8100,1,Partner,CRM Pro,0,0,On track,0,0,117
22,Cobalt 106 • Service Suite,106,10,2,2026-09-14,,2026-12-07,Open,16300,0.3,Outbound,Service Suite,7,16,No activity 14+ days,1,0,
23,Summit 006 • CRM Enterprise,6,7,6,2025-02-19,2025-04-27,2025-04-27,Won,18100,1,Inbound,CRM Enterprise,0,0,On track,0,0,67
24,Beacon 017 • CRM Pro,17,12,6,2026-06-14,2026-08-26,2026-08-26,Won,10000,1,Partner,CRM Pro,0,0,On track,0,0,73
25,Juniper 074 • CRM Pro,74,1,7,2025-11-19,2026-01-05,2026-01-05,Lost,26800,0,Partner,CRM Pro,0,0,On track,0,0,47
26,Summit 054 • Service Suite,54,5,7,2025-04-02,2025-04-11,2025-04-11,Lost,28700,0,Partner,Service Suite,0,0,On track,0,0,9
27,Meridian 057 • Service Suite,57,12,7,2025-04-26,2025-06-13,2025-06-13,Lost,43800,0,Inbound,Service Suite,0,0,On track,0,0,48
28,Summit 108 • Service Suite,108,2,6,2025-10-09,2025-12-19,2025-12-19,Won,21000,1,Partner,Service Suite,0,0,On track,0,0,71
29,Beacon 149 • CRM Enterprise,149,11,7,2026-03-17,2026-04-24,2026-04-24,Lost,15300,0,Event,CRM Enterprise,0,0,On track,0,0,38
30,Summit 006 • CRM Pro,6,2,2,2026-09-05,,2026-12-20,Open,6600,0.3,Event,CRM Pro,5,25,No activity 14+ days,1,0,
31,Cobalt 142 • CRM Pro,142,12,7,2025-08-23,2025-09-30,2025-09-30,Lost,97500,0,Event,CRM Pro,0,0,On track,0,0,38
32,Juniper 122 • CRM Enterprise,122,9,7,2025-09-19,2025-11-05,2025-11-05,Lost,46800,0,Outbound,CRM Enterprise,0,0,On track,0,0,47
33,Summit 006 • CRM Pro,6,6,4,2026-07-22,,2026-12-07,Open,16400,0.7,Outbound,CRM Pro,11,44,No activity 14+ days,1,0,
34,Juniper 032 • CRM Pro,32,6,5,2026-07-28,,2026-10-15,Open,8600,0.85,Outbound,CRM Pro,5,10,On track,0,0,
35,Summit 084 • CRM Pro,84,5,2,2026-09-01,,2026-12-15,Open,103700,0.3,Outbound,CRM Pro,0,29,No activity 14+ days,1,0,
36,Northstar 163 • CRM Enterprise,163,1,6,2025-10-21,2026-01-02,2026-01-02,Won,6500,1,Outbound,CRM Enterprise,0,0,On track,0,0,73
37,Juniper 152 • CRM Pro,152,4,1,2026-09-23,,2026-11-30,Open,125600,0.15,Outbound,CRM Pro,7,7,On track,0,0,
38,Cobalt 142 • CRM Pro,142,12,7,2025-07-07,2025-08-07,2025-08-07,Lost,138900,0,Partner,CRM Pro,0,0,On track,0,0,31
39,Northstar 103 • Service Suite,103,11,7,2025-04-25,2025-06-19,2025-06-19,Lost,54600,0,Event,Service Suite,0,0,On track,0,0,55
40,Northstar 175 • CRM Enterprise,175,12,6,2026-03-10,2026-06-16,2026-06-16,Won,36000,1,Partner,CRM Enterprise,0,0,On track,0,0,98
41,Northstar 139 • CRM Pro,139,7,5,2026-07-28,,2026-10-07,Open,16700,0.85,Inbound,CRM Pro,9,29,No activity 14+ days,1,0,
42,Juniper 080 • CRM Enterprise,80,3,6,2026-02-17,2026-05-08,2026-05-08,Won,16600,1,Event,CRM Enterprise,0,0,On track,0,0,80
43,Summit 162 • Service Suite,162,1,6,2026-05-19,2026-08-18,2026-08-18,Won,13700,1,Event,Service Suite,0,0,On track,0,0,91
44,Beacon 047 • CRM Pro,47,6,6,2026-06-12,2026-09-05,2026-09-05,Won,11200,1,Partner,CRM Pro,0,0,On track,0,0,85
45,Northstar 151 • Service Suite,151,4,7,2025-12-05,2026-01-14,2026-01-14,Lost,12300,0,Partner,Service Suite,0,0,On track,0,0,40
46,Juniper 098 • CRM Enterprise,98,11,7,2025-01-24,2025-02-03,2025-02-03,Lost,29000,0,Outbound,CRM Enterprise,0,0,On track,0,0,10
47,Summit 180 • CRM Pro,180,9,1,2026-09-25,,2027-03-04,Open,13600,0.15,Outbound,CRM Pro,5,5,On track,0,0,
48,Beacon 011 • CRM Pro,11,3,6,2025-10-03,2026-03-07,2026-03-07,Won,129700,1,Inbound,CRM Pro,0,0,On track,0,0,155
49,Meridian 063 • CRM Enterprise,63,5,6,2026-03-23,2026-05-18,2026-05-18,Won,7400,1,Event,CRM Enterprise,0,0,On track,0,0,56
50,Northstar 091 • CRM Enterprise,91,8,4,2026-08-14,,2027-01-04,Open,49400,0.7,Partner,CRM Enterprise,1,6,On track,0,0,
51,Beacon 143 • CRM Pro,143,11,7,2025-06-03,2025-08-25,2025-08-25,Lost,82300,0,Inbound,CRM Pro,0,0,On track,0,0,83
52,Cobalt 046 • CRM Enterprise,46,6,6,2025-06-16,2025-08-22,2025-08-22,Won,4300,1,Outbound,CRM Enterprise,0,0,On track,0,0,67
53,Northstar 013 • CRM Enterprise,13,8,7,2025-05-01,2025-06-28,2025-06-28,Lost,21400,0,Event,CRM Enterprise,0,0,On track,0,0,58
54,Juniper 050 • CRM Enterprise,50,8,7,2026-02-16,2026-03-28,2026-03-28,Lost,50200,0,Outbound,CRM Enterprise,0,0,On track,0,0,40
55,Meridian 159 • Service Suite,159,8,7,2025-01-07,2025-03-12,2025-03-12,Lost,13800,0,Outbound,Service Suite,0,0,On track,0,0,64
56,Summit 036 • CRM Pro,36,6,6,2025-04-04,2025-07-12,2025-07-12,Won,6200,1,Event,CRM Pro,0,0,On track,0,0,99
57,Meridian 003 • Service Suite,3,4,7,2025-03-25,2025-05-24,2025-05-24,Lost,19700,0,Partner,Service Suite,0,0,On track,0,0,60
58,Northstar 175 • Service Suite,175,10,7,2025-02-19,2025-05-02,2025-05-02,Lost,21000,0,Partner,Service Suite,0,0,On track,0,0,72
59,Beacon 137 • CRM Enterprise,137,12,7,2025-01-10,2025-03-08,2025-03-08,Lost,41800,0,Outbound,CRM Enterprise,0,0,On track,0,0,57
60,Summit 132 • CRM Enterprise,132,9,6,2025-10-23,2025-12-28,2025-12-28,Won,36000,1,Inbound,CRM Enterprise,0,0,On track,0,0,66
61,Northstar 091 • CRM Enterprise,91,2,7,2026-05-26,2026-09-03,2026-09-03,Lost,57600,0,Event,CRM Enterprise,0,0,On track,0,0,100
62,Meridian 027 • Service Suite,27,4,7,2025-04-24,2025-05-29,2025-05-29,Lost,8300,0,Partner,Service Suite,0,0,On track,0,0,35
63,Juniper 104 • Service Suite,104,9,7,2025-07-28,2025-10-24,2025-10-24,Lost,171200,0,Inbound,Service Suite,0,0,On track,0,0,88
64,Juniper 086 • CRM Enterprise,86,10,1,2026-08-28,,2027-01-21,Open,77900,0.15,Inbound,CRM Enterprise,33,17,No activity 14+ days,1,0,
65,Meridian 057 • CRM Enterprise,57,12,6,2025-02-10,2025-04-29,2025-04-29,Won,20000,1,Inbound,CRM Enterprise,0,0,On track,0,0,78
66,Northstar 043 • Service Suite,43,1,6,2026-01-21,2026-03-25,2026-03-25,Won,18200,1,Outbound,Service Suite,0,0,On track,0,0,63
67,Beacon 071 • CRM Enterprise,71,5,6,2025-04-10,2025-07-08,2025-07-08,Won,24900,1,Outbound,CRM Enterprise,0,0,On track,0,0,89
68,Juniper 080 • CRM Pro,80,12,7,2025-12-03,2026-02-03,2026-02-03,Lost,53400,0,Inbound,CRM Pro,0,0,On track,0,0,62
69,Juniper 014 • Service Suite,14,9,7,2025-01-23,2025-03-31,2025-03-31,Lost,20700,0,Partner,Service Suite,0,0,On track,0,0,67
70,Meridian 117 • CRM Enterprise,117,7,6,2026-03-06,2026-05-10,2026-05-10,Won,46300,1,Event,CRM Enterprise,0,0,On track,0,0,65
71,Cobalt 094 • Service Suite,94,8,7,2025-01-02,2025-01-07,2025-01-07,Lost,28500,0,Event,Service Suite,0,0,On track,0,0,5
72,Cobalt 028 • CRM Pro,28,6,6,2025-04-15,2025-06-29,2025-06-29,Won,64100,1,Outbound,CRM Pro,0,0,On track,0,0,75
73,Beacon 173 • CRM Enterprise,173,12,6,2026-05-23,2026-09-01,2026-09-01,Won,39500,1,Partner,CRM Enterprise,0,0,On track,0,0,101
74,Northstar 067 • CRM Pro,67,4,7,2025-06-29,2025-08-15,2025-08-15,Lost,156800,0,Partner,CRM Pro,0,0,On track,0,0,47
75,Beacon 131 • CRM Pro,131,1,6,2025-03-22,2025-06-06,2025-06-06,Won,33400,1,Partner,CRM Pro,0,0,On track,0,0,76
76,Cobalt 154 • CRM Pro,154,3,7,2025-04-21,2025-05-25,2025-05-25,Lost,22400,0,Event,CRM Pro,0,0,On track,0,0,34
77,Juniper 110 • CRM Pro,110,10,7,2025-01-23,2025-02-19,2025-02-19,Lost,36500,0,Outbound,CRM Pro,0,0,On track,0,0,27
78,Meridian 129 • CRM Pro,129,12,7,2026-06-28,2026-08-23,2026-08-23,Lost,48000,0,Event,CRM Pro,0,0,On track,0,0,56
79,Summit 108 • CRM Pro,108,11,6,2025-06-17,2025-08-26,2025-08-26,Won,49200,1,Inbound,CRM Pro,0,0,On track,0,0,70
80,Summit 150 • CRM Enterprise,150,8,6,2025-10-03,2025-12-27,2025-12-27,Won,30500,1,Outbound,CRM Enterprise,0,0,On track,0,0,85
81,Beacon 137 • CRM Enterprise,137,2,7,2025-11-08,2025-12-28,2025-12-28,Lost,38500,0,Inbound,CRM Enterprise,0,0,On track,0,0,50
82,Juniper 176 • Service Suite,176,3,7,2025-04-01,2025-06-01,2025-06-01,Lost,20700,0,Partner,Service Suite,0,0,On track,0,0,61
83,Summit 006 • CRM Pro,6,4,6,2025-08-06,2025-10-07,2025-10-07,Won,10800,1,Inbound,CRM Pro,0,0,On track,0,0,62
84,Juniper 170 • CRM Enterprise,170,8,6,2025-05-17,2025-07-30,2025-07-30,Won,51300,1,Partner,CRM Enterprise,0,0,On track,0,0,74
85,Juniper 116 • CRM Pro,116,11,6,2026-02-18,2026-07-19,2026-07-19,Won,106000,1,Outbound,CRM Pro,0,0,On track,0,0,151
86,Juniper 128 • CRM Pro,128,6,6,2025-04-04,2025-09-12,2025-09-12,Won,53500,1,Event,CRM Pro,0,0,On track,0,0,161
87,Northstar 133 • Service Suite,133,12,7,2026-02-22,2026-03-16,2026-03-16,Lost,29200,0,Event,Service Suite,0,0,On track,0,0,22
88,Beacon 173 • CRM Pro,173,12,6,2026-04-11,2026-07-29,2026-07-29,Won,16500,1,Outbound,CRM Pro,0,0,On track,0,0,109
89,Summit 120 • CRM Pro,120,6,6,2025-10-01,2026-01-02,2026-01-02,Won,21200,1,Event,CRM Pro,0,0,On track,0,0,93
90,Beacon 053 • Service Suite,53,10,6,2025-03-26,2025-07-13,2025-07-13,Won,24200,1,Outbound,Service Suite,0,0,On track,0,0,109
91,Juniper 110 • CRM Enterprise,110,10,7,2025-12-12,2026-01-25,2026-01-25,Lost,45500,0,Partner,CRM Enterprise,0,0,On track,0,0,44
92,Summit 054 • CRM Enterprise,54,9,3,2026-08-06,,2027-01-27,Open,40400,0.5,Outbound,CRM Enterprise,9,18,No activity 14+ days,1,0,
93,Summit 036 • CRM Enterprise,36,2,6,2025-12-30,2026-03-11,2026-03-11,Won,13300,1,Event,CRM Enterprise,0,0,On track,0,0,71
94,Meridian 045 • CRM Enterprise,45,12,5,2026-08-02,,2026-12-02,Open,47200,0.85,Event,CRM Enterprise,7,35,No activity 14+ days,1,0,
95,Juniper 110 • CRM Pro,110,9,6,2025-08-25,2025-12-01,2025-12-01,Won,59700,1,Outbound,CRM Pro,0,0,On track,0,0,98
96,Juniper 014 • Service Suite,14,10,7,2025-07-21,2025-08-14,2025-08-14,Lost,17600,0,Event,Service Suite,0,0,On track,0,0,24
97,Meridian 021 • Service Suite,21,11,1,2026-09-24,,2027-02-01,Open,49500,0.15,Event,Service Suite,6,6,On track,0,0,
98,Cobalt 142 • CRM Enterprise,142,4,7,2025-12-10,2026-05-17,2026-05-17,Lost,131300,0,Outbound,CRM Enterprise,0,0,On track,0,0,158
99,Juniper 002 • Service Suite,2,2,7,2025-02-16,2025-04-05,2025-04-05,Lost,44900,0,Event,Service Suite,0,0,On track,0,0,48
100,Juniper 032 • CRM Enterprise,32,1,1,2026-09-24,,2027-01-26,Open,18700,0.15,Event,CRM Enterprise,6,6,On track,0,0,
101,Juniper 068 • CRM Enterprise,68,9,7,2026-03-01,2026-04-24,2026-04-24,Lost,21500,0,Partner,CRM Enterprise,0,0,On track,0,0,54
102,Meridian 171 • CRM Enterprise,171,1,1,2026-09-22,,2027-02-08,Open,37000,0.15,Partner,CRM Enterprise,8,8,On track,0,0,
103,Juniper 164 • CRM Pro,164,2,7,2025-12-16,2026-01-02,2026-01-02,Lost,14500,0,Partner,CRM Pro,0,0,On track,0,0,17
104,Juniper 176 • Service Suite,176,12,6,2026-03-27,2026-06-01,2026-06-01,Won,17700,1,Outbound,Service Suite,0,0,On track,0,0,66
105,Summit 012 • Service Suite,12,11,7,2025-09-30,2025-11-09,2025-11-09,Lost,60600,0,Outbound,Service Suite,0,0,On track,0,0,40
106,Northstar 145 • Service Suite,145,5,6,2025-09-18,2026-02-14,2026-02-14,Won,47500,1,Inbound,Service Suite,0,0,On track,0,0,149
107,Summit 048 • CRM Enterprise,48,9,3,2026-08-11,,2026-12-16,Open,37700,0.5,Partner,CRM Enterprise,14,44,No activity 14+ days,1,0,
108,Summit 114 • CRM Pro,114,12,6,2025-03-30,2025-05-25,2025-05-25,Won,59800,1,Outbound,CRM Pro,0,0,On track,0,0,56
109,Beacon 029 • CRM Enterprise,29,11,7,2025-09-24,2025-12-05,2025-12-05,Lost,7200,0,Event,CRM Enterprise,0,0,On track,0,0,72
110,Northstar 007 • CRM Pro,7,4,7,2025-12-14,2026-03-29,2026-03-29,Lost,50000,0,Partner,CRM Pro,0,0,On track,0,0,105
111,Northstar 145 • CRM Pro,145,11,6,2025-03-28,2025-09-19,2025-09-19,Won,54000,1,Inbound,CRM Pro,0,0,On track,0,0,175
112,Beacon 053 • CRM Pro,53,11,7,2026-08-17,2026-09-12,2026-09-12,Lost,46800,0,Outbound,CRM Pro,0,0,On track,0,0,26
113,Juniper 008 • CRM Enterprise,8,1,7,2026-07-02,2026-08-28,2026-08-28,Lost,14200,0,Partner,CRM Enterprise,0,0,On track,0,0,57
114,Summit 060 • Service Suite,60,10,6,2026-02-04,2026-04-19,2026-04-19,Won,25400,1,Inbound,Service Suite,0,0,On track,0,0,74
115,Summit 108 • CRM Enterprise,108,7,6,2026-02-11,2026-05-05,2026-05-05,Won,62800,1,Partner,CRM Enterprise,0,0,On track,0,0,83
116,Summit 036 • CRM Pro,36,7,6,2026-07-02,2026-09-17,2026-09-17,Won,21300,1,Outbound,CRM Pro,0,0,On track,0,0,77
117,Northstar 013 • CRM Enterprise,13,9,7,2025-07-03,2025-08-13,2025-08-13,Lost,11100,0,Inbound,CRM Enterprise,0,0,On track,0,0,41
118,Cobalt 058 • Service Suite,58,4,7,2026-06-22,2026-08-23,2026-08-23,Lost,42300,0,Outbound,Service Suite,0,0,On track,0,0,62
119,Beacon 173 • CRM Pro,173,6,7,2025-10-09,2025-10-23,2025-10-23,Lost,40100,0,Partner,CRM Pro,0,0,On track,0,0,14
120,Summit 132 • CRM Pro,132,1,4,2026-07-27,,2026-09-26,Open,42700,0.7,Inbound,CRM Pro,3,17,Close date overdue,1,1,
121,Meridian 039 • CRM Enterprise,39,2,7,2025-03-03,2025-05-10,2025-05-10,Lost,29500,0,Partner,CRM Enterprise,0,0,On track,0,0,68
122,Cobalt 058 • Service Suite,58,6,7,2026-08-20,2026-09-29,2026-09-29,Lost,145600,0,Outbound,Service Suite,0,0,On track,0,0,40
123,Beacon 029 • Service Suite,29,11,7,2025-08-13,2025-09-30,2025-09-30,Lost,21200,0,Event,Service Suite,0,0,On track,0,0,48
124,Meridian 159 • Service Suite,159,12,7,2025-11-16,2025-12-03,2025-12-03,Lost,7000,0,Inbound,Service Suite,0,0,On track,0,0,17
125,Summit 042 • Service Suite,42,7,6,2025-01-23,2025-07-07,2025-07-07,Won,143900,1,Event,Service Suite,0,0,On track,0,0,165
126,Beacon 083 • Service Suite,83,5,1,2026-09-20,,2027-03-01,Open,62100,0.15,Outbound,Service Suite,10,8,On track,0,0,
127,Juniper 068 • Service Suite,68,8,6,2025-05-10,2025-07-25,2025-07-25,Won,12300,1,Event,Service Suite,0,0,On track,0,0,76
128,Juniper 104 • CRM Enterprise,104,10,6,2026-05-03,2026-09-16,2026-09-16,Won,39100,1,Inbound,CRM Enterprise,0,0,On track,0,0,136
129,Juniper 134 • CRM Enterprise,134,10,7,2026-07-14,2026-09-02,2026-09-02,Lost,17800,0,Outbound,CRM Enterprise,0,0,On track,0,0,50
130,Northstar 049 • Service Suite,49,2,6,2026-06-29,2026-08-16,2026-08-16,Won,44100,1,Inbound,Service Suite,0,0,On track,0,0,48
131,Juniper 110 • Service Suite,110,8,7,2025-05-14,2025-07-21,2025-07-21,Lost,47800,0,Outbound,Service Suite,0,0,On track,0,0,68
132,Northstar 013 • CRM Pro,13,11,6,2026-01-27,2026-04-17,2026-04-17,Won,13200,1,Event,CRM Pro,0,0,On track,0,0,80
133,Summit 042 • Service Suite,42,11,4,2026-06-22,,2026-11-15,Open,141200,0.7,Inbound,Service Suite,18,39,No activity 14+ days,1,0,
134,Beacon 143 • Service Suite,143,12,7,2025-06-24,2025-08-20,2025-08-20,Lost,162100,0,Inbound,Service Suite,0,0,On track,0,0,57
135,Cobalt 100 • CRM Enterprise,100,11,6,2025-07-03,2025-09-29,2025-09-29,Won,19700,1,Event,CRM Enterprise,0,0,On track,0,0,88
136,Summit 090 • Service Suite,90,6,6,2025-12-25,2026-03-13,2026-03-13,Won,36600,1,Outbound,Service Suite,0,0,On track,0,0,78
137,Cobalt 178 • CRM Enterprise,178,10,7,2026-03-22,2026-09-04,2026-09-04,Lost,78400,0,Partner,CRM Enterprise,0,0,On track,0,0,166
138,Juniper 086 • Service Suite,86,5,6,2025-01-20,2025-06-03,2025-06-03,Won,128900,1,Outbound,Service Suite,0,0,On track,0,0,134
139,Meridian 087 • CRM Pro,87,7,7,2025-05-29,2025-09-07,2025-09-07,Lost,108300,0,Partner,CRM Pro,0,0,On track,0,0,101
140,Beacon 005 • CRM Enterprise,5,6,6,2025-06-26,2025-09-29,2025-09-29,Won,12600,1,Outbound,CRM Enterprise,0,0,On track,0,0,95
141,Juniper 068 • CRM Enterprise,68,11,6,2025-10-10,2025-11-26,2025-11-26,Won,9400,1,Partner,CRM Enterprise,0,0,On track,0,0,47
142,Northstar 157 • CRM Enterprise,157,2,7,2025-03-10,2025-03-15,2025-03-15,Lost,10400,0,Inbound,CRM Enterprise,0,0,On track,0,0,5
143,Northstar 007 • Service Suite,7,11,6,2025-09-14,2026-01-27,2026-01-27,Won,105200,1,Event,Service Suite,0,0,On track,0,0,135
144,Meridian 099 • CRM Pro,99,4,6,2026-03-27,2026-05-24,2026-05-24,Won,50400,1,Outbound,CRM Pro,0,0,On track,0,0,58
145,Summit 162 • CRM Pro,162,12,6,2026-04-11,2026-07-18,2026-07-18,Won,31700,1,Partner,CRM Pro,0,0,On track,0,0,98
146,Northstar 055 • Service Suite,55,9,6,2025-02-05,2025-05-02,2025-05-02,Won,21100,1,Outbound,Service Suite,0,0,On track,0,0,86
147,Summit 114 • CRM Enterprise,114,11,2,2026-09-02,,2026-11-29,Open,50400,0.3,Outbound,CRM Enterprise,2,18,No activity 14+ days,1,0,
148,Meridian 081 • CRM Enterprise,81,8,7,2026-02-10,2026-04-03,2026-04-03,Lost,56300,0,Partner,CRM Enterprise,0,0,On track,0,0,52
149,Summit 072 • Service Suite,72,2,2,2026-09-01,,2027-01-24,Open,14500,0.3,Event,Service Suite,13,1,On track,0,0,
150,Northstar 163 • CRM Pro,163,9,6,2025-11-17,2026-01-28,2026-01-28,Won,17300,1,Partner,CRM Pro,0,0,On track,0,0,72
151,Northstar 079 • CRM Pro,79,5,7,2026-07-29,2026-08-07,2026-08-07,Lost,45500,0,Inbound,CRM Pro,0,0,On track,0,0,9
152,Summit 012 • CRM Pro,12,12,7,2026-03-07,2026-04-13,2026-04-13,Lost,51500,0,Partner,CRM Pro,0,0,On track,0,0,37
153,Juniper 098 • Service Suite,98,6,7,2026-04-26,2026-08-12,2026-08-12,Lost,14900,0,Outbound,Service Suite,0,0,On track,0,0,108
154,Summit 180 • CRM Enterprise,180,8,5,2026-08-06,,2026-12-13,Open,57800,0.85,Inbound,CRM Enterprise,8,42,No activity 14+ days,1,0,
155,Meridian 159 • Service Suite,159,7,7,2025-05-29,2025-08-11,2025-08-11,Lost,13700,0,Inbound,Service Suite,0,0,On track,0,0,74
156,Juniper 068 • Service Suite,68,7,6,2025-11-26,2026-03-04,2026-03-04,Won,13400,1,Inbound,Service Suite,0,0,On track,0,0,98
157,Northstar 115 • CRM Pro,115,3,6,2025-04-08,2025-07-12,2025-07-12,Won,47500,1,Partner,CRM Pro,0,0,On track,0,0,95
158,Beacon 137 • Service Suite,137,9,6,2025-09-11,2025-11-04,2025-11-04,Won,14700,1,Event,Service Suite,0,0,On track,0,0,54
159,Beacon 077 • CRM Pro,77,11,7,2025-08-17,2025-10-23,2025-10-23,Lost,78400,0,Inbound,CRM Pro,0,0,On track,0,0,67
160,Northstar 049 • CRM Enterprise,49,12,7,2025-08-10,2025-09-01,2025-09-01,Lost,30400,0,Event,CRM Enterprise,0,0,On track,0,0,22
161,Cobalt 166 • CRM Enterprise,166,2,6,2026-06-23,2026-09-23,2026-09-23,Won,43900,1,Partner,CRM Enterprise,0,0,On track,0,0,92
162,Juniper 098 • Service Suite,98,11,6,2026-05-23,2026-08-10,2026-08-10,Won,33000,1,Outbound,Service Suite,0,0,On track,0,0,79
163,Beacon 011 • Service Suite,11,4,7,2025-12-21,2026-05-31,2026-05-31,Lost,128400,0,Inbound,Service Suite,0,0,On track,0,0,161
164,Summit 006 • CRM Enterprise,6,11,3,2026-08-30,,2027-01-13,Open,13400,0.5,Partner,CRM Enterprise,13,31,No activity 14+ days,1,0,
165,Juniper 056 • CRM Enterprise,56,12,6,2026-07-02,2026-09-28,2026-09-28,Won,8000,1,Inbound,CRM Enterprise,0,0,On track,0,0,88
166,Juniper 164 • Service Suite,164,4,7,2026-05-19,2026-07-31,2026-07-31,Lost,52600,0,Inbound,Service Suite,0,0,On track,0,0,73
167,Northstar 163 • CRM Pro,163,1,6,2025-07-28,2025-10-17,2025-10-17,Won,14500,1,Outbound,CRM Pro,0,0,On track,0,0,81
168,Juniper 026 • Service Suite,26,8,7,2026-07-02,2026-07-15,2026-07-15,Lost,27000,0,Outbound,Service Suite,0,0,On track,0,0,13
169,Northstar 031 • CRM Pro,31,3,7,2026-05-13,2026-09-21,2026-09-21,Lost,35400,0,Inbound,CRM Pro,0,0,On track,0,0,131
170,Juniper 026 • CRM Pro,26,3,7,2025-05-11,2025-06-16,2025-06-16,Lost,24000,0,Event,CRM Pro,0,0,On track,0,0,36
171,Cobalt 142 • Service Suite,142,8,7,2025-04-12,2025-09-22,2025-09-22,Lost,91300,0,Outbound,Service Suite,0,0,On track,0,0,163
172,Northstar 037 • CRM Pro,37,4,6,2025-07-23,2025-10-25,2025-10-25,Won,32900,1,Event,CRM Pro,0,0,On track,0,0,94
173,Cobalt 004 • CRM Pro,4,10,7,2026-07-03,2026-07-23,2026-07-23,Lost,16700,0,Event,CRM Pro,0,0,On track,0,0,20
174,Juniper 074 • CRM Enterprise,74,8,6,2025-10-13,2026-01-19,2026-01-19,Won,30000,1,Event,CRM Enterprise,0,0,On track,0,0,98
175,Juniper 098 • CRM Pro,98,10,6,2026-05-01,2026-07-26,2026-07-26,Won,61900,1,Outbound,CRM Pro,0,0,On track,0,0,86
176,Cobalt 058 • Service Suite,58,9,6,2025-10-09,2026-02-28,2026-02-28,Won,148300,1,Inbound,Service Suite,0,0,On track,0,0,142
177,Summit 060 • CRM Enterprise,60,10,7,2026-06-20,2026-08-17,2026-08-17,Lost,53500,0,Partner,CRM Enterprise,0,0,On track,0,0,58
178,Meridian 051 • CRM Pro,51,3,6,2026-03-25,2026-06-11,2026-06-11,Won,50800,1,Outbound,CRM Pro,0,0,On track,0,0,78
179,Cobalt 106 • CRM Enterprise,106,10,7,2025-06-30,2025-08-29,2025-08-29,Lost,19800,0,Outbound,CRM Enterprise,0,0,On track,0,0,60
180,Beacon 173 • Service Suite,173,9,6,2025-03-02,2025-05-18,2025-05-18,Won,59400,1,Inbound,Service Suite,0,0,On track,0,0,77
181,Meridian 081 • Service Suite,81,9,7,2025-06-21,2025-08-15,2025-08-15,Lost,63900,0,Inbound,Service Suite,0,0,On track,0,0,55
182,Cobalt 148 • CRM Enterprise,148,10,7,2025-11-17,2026-01-03,2026-01-03,Lost,26900,0,Partner,CRM Enterprise,0,0,On track,0,0,47
183,Juniper 116 • CRM Enterprise,116,10,6,2025-10-17,2026-04-06,2026-04-06,Won,162600,1,Inbound,CRM Enterprise,0,0,On track,0,0,171
184,Beacon 065 • CRM Pro,65,3,6,2025-12-21,2026-03-17,2026-03-17,Won,6900,1,Partner,CRM Pro,0,0,On track,0,0,86
185,Northstar 043 • CRM Pro,43,12,7,2026-09-04,2026-09-23,2026-09-23,Lost,18500,0,Partner,CRM Pro,0,0,On track,0,0,19
186,Cobalt 172 • CRM Pro,172,6,7,2025-04-28,2025-09-15,2025-09-15,Lost,64300,0,Outbound,CRM Pro,0,0,On track,0,0,140
187,Summit 138 • Service Suite,138,9,2,2026-09-15,,2026-11-14,Open,41600,0.3,Outbound,Service Suite,9,15,No activity 14+ days,1,0,
188,Meridian 033 • CRM Enterprise,33,8,1,2026-09-11,,2027-02-07,Open,156600,0.15,Outbound,CRM Enterprise,19,11,On track,0,0,
189,Meridian 063 • CRM Enterprise,63,1,6,2026-02-06,2026-06-02,2026-06-02,Won,17000,1,Outbound,CRM Enterprise,0,0,On track,0,0,116
190,Northstar 175 • CRM Pro,175,4,6,2026-07-30,2026-09-28,2026-09-28,Won,54300,1,Outbound,CRM Pro,0,0,On track,0,0,60
191,Cobalt 118 • CRM Pro,118,8,7,2025-05-26,2025-07-23,2025-07-23,Lost,20800,0,Event,CRM Pro,0,0,On track,0,0,58
192,Cobalt 004 • CRM Pro,4,9,6,2025-04-09,2025-07-11,2025-07-11,Won,11600,1,Outbound,CRM Pro,0,0,On track,0,0,93
193,Cobalt 136 • Service Suite,136,11,7,2025-06-26,2025-08-12,2025-08-12,Lost,55300,0,Inbound,Service Suite,0,0,On track,0,0,47
194,Juniper 176 • CRM Enterprise,176,5,7,2026-03-13,2026-04-26,2026-04-26,Lost,5300,0,Outbound,CRM Enterprise,0,0,On track,0,0,44
195,Meridian 111 • CRM Enterprise,111,2,7,2025-01-30,2025-06-06,2025-06-06,Lost,123000,0,Inbound,CRM Enterprise,0,0,On track,0,0,127
196,Beacon 077 • CRM Pro,77,9,7,2026-03-11,2026-07-21,2026-07-21,Lost,100600,0,Outbound,CRM Pro,0,0,On track,0,0,132
197,Beacon 101 • Service Suite,101,10,4,2026-08-07,,2026-11-03,Open,20300,0.7,Partner,Service Suite,19,25,No activity 14+ days,1,0,
198,Cobalt 028 • CRM Pro,28,2,6,2025-02-10,2025-05-19,2025-05-19,Won,41500,1,Partner,CRM Pro,0,0,On track,0,0,98
199,Beacon 089 • Service Suite,89,10,7,2026-02-10,2026-02-19,2026-02-19,Lost,31400,0,Partner,Service Suite,0,0,On track,0,0,9
200,Summit 036 • Service Suite,36,5,7,2025-10-30,2025-12-05,2025-12-05,Lost,15100,0,Event,Service Suite,0,0,On track,0,0,36
201,Juniper 134 • CRM Enterprise,134,5,6,2026-08-02,2026-09-30,2026-09-30,Won,9900,1,Outbound,CRM Enterprise,0,0,On track,0,0,59
202,Summit 114 • Service Suite,114,6,3,2026-08-13,,2026-11-02,Open,25700,0.5,Partner,Service Suite,20,5,On track,0,0,
203,Summit 180 • CRM Enterprise,180,3,6,2025-07-22,2025-09-29,2025-09-29,Won,35800,1,Partner,CRM Enterprise,0,0,On track,0,0,69
204,Meridian 003 • CRM Enterprise,3,9,6,2026-03-18,2026-06-07,2026-06-07,Won,34000,1,Inbound,CRM Enterprise,0,0,On track,0,0,81
205,Juniper 038 • Service Suite,38,4,7,2025-02-15,2025-05-31,2025-05-31,Lost,141900,0,Outbound,Service Suite,0,0,On track,0,0,105
206,Northstar 133 • CRM Pro,133,6,6,2025-11-30,2026-02-05,2026-02-05,Won,58700,1,Partner,CRM Pro,0,0,On track,0,0,67
207,Juniper 086 • CRM Pro,86,11,6,2025-10-28,2026-03-27,2026-03-27,Won,36200,1,Outbound,CRM Pro,0,0,On track,0,0,150
208,Northstar 169 • Service Suite,169,8,6,2025-12-15,2026-03-11,2026-03-11,Won,23700,1,Partner,Service Suite,0,0,On track,0,0,86
209,Northstar 061 • CRM Enterprise,61,5,7,2026-01-27,2026-03-23,2026-03-23,Lost,19200,0,Partner,CRM Enterprise,0,0,On track,0,0,55
210,Cobalt 076 • CRM Pro,76,5,6,2026-04-02,2026-07-28,2026-07-28,Won,135800,1,Outbound,CRM Pro,0,0,On track,0,0,117
211,Juniper 074 • Service Suite,74,5,6,2026-01-08,2026-04-07,2026-04-07,Won,25200,1,Outbound,Service Suite,0,0,On track,0,0,89
212,Cobalt 088 • CRM Pro,88,1,6,2025-09-06,2026-01-09,2026-01-09,Won,7300,1,Inbound,CRM Pro,0,0,On track,0,0,125
213,Juniper 152 • CRM Enterprise,152,10,7,2025-10-06,2026-01-14,2026-01-14,Lost,105600,0,Outbound,CRM Enterprise,0,0,On track,0,0,100
214,Northstar 001 • CRM Pro,1,10,7,2025-08-16,2025-09-26,2025-09-26,Lost,134800,0,Inbound,CRM Pro,0,0,On track,0,0,41
215,Northstar 019 • CRM Pro,19,7,4,2026-06-06,,2026-08-20,Open,56500,0.7,Event,CRM Pro,20,12,Close date overdue,1,1,
216,Juniper 014 • CRM Pro,14,1,7,2025-04-25,2025-06-22,2025-06-22,Lost,10500,0,Event,CRM Pro,0,0,On track,0,0,58
217,Cobalt 118 • CRM Pro,118,2,6,2025-06-20,2025-08-16,2025-08-16,Won,11200,1,Event,CRM Pro,0,0,On track,0,0,57
218,Summit 102 • CRM Pro,102,8,7,2026-05-16,2026-07-05,2026-07-05,Lost,38700,0,Inbound,CRM Pro,0,0,On track,0,0,50
219,Cobalt 166 • CRM Pro,166,1,7,2026-02-03,2026-04-14,2026-04-14,Lost,42900,0,Inbound,CRM Pro,0,0,On track,0,0,70
220,Summit 138 • CRM Pro,138,8,7,2026-01-20,2026-02-23,2026-02-23,Lost,61600,0,Event,CRM Pro,0,0,On track,0,0,34
221,Summit 060 • Service Suite,60,7,6,2025-02-19,2025-05-04,2025-05-04,Won,26300,1,Outbound,Service Suite,0,0,On track,0,0,74
222,Beacon 077 • CRM Enterprise,77,6,7,2025-05-12,2025-08-10,2025-08-10,Lost,154100,0,Partner,CRM Enterprise,0,0,On track,0,0,90
223,Cobalt 172 • CRM Pro,172,12,7,2025-11-18,2026-02-13,2026-02-13,Lost,173200,0,Outbound,CRM Pro,0,0,On track,0,0,87
224,Meridian 033 • CRM Enterprise,33,12,4,2026-06-17,,2026-11-15,Open,91800,0.7,Event,CRM Enterprise,13,10,On track,0,0,
225,Beacon 155 • Service Suite,155,3,7,2026-06-01,2026-07-13,2026-07-13,Lost,21100,0,Outbound,Service Suite,0,0,On track,0,0,42
226,Meridian 063 • CRM Enterprise,63,1,7,2025-10-19,2025-12-12,2025-12-12,Lost,7700,0,Inbound,CRM Enterprise,0,0,On track,0,0,54
227,Meridian 129 • Service Suite,129,1,6,2025-12-25,2026-03-12,2026-03-12,Won,26800,1,Partner,Service Suite,0,0,On track,0,0,77
228,Cobalt 154 • CRM Enterprise,154,2,7,2025-05-11,2025-06-01,2025-06-01,Lost,14800,0,Inbound,CRM Enterprise,0,0,On track,0,0,21
229,Juniper 134 • CRM Enterprise,134,1,7,2025-09-17,2025-10-17,2025-10-17,Lost,10700,0,Outbound,CRM Enterprise,0,0,On track,0,0,30
230,Summit 066 • CRM Pro,66,1,7,2025-07-24,2025-08-18,2025-08-18,Lost,30500,0,Inbound,CRM Pro,0,0,On track,0,0,25
231,Beacon 029 • CRM Enterprise,29,5,6,2025-04-18,2025-07-11,2025-07-11,Won,5000,1,Inbound,CRM Enterprise,0,0,On track,0,0,84
232,Meridian 057 • CRM Enterprise,57,4,7,2026-05-03,2026-06-07,2026-06-07,Lost,48500,0,Outbound,CRM Enterprise,0,0,On track,0,0,35
233,Beacon 131 • CRM Pro,131,9,6,2025-12-28,2026-02-06,2026-02-06,Won,38800,1,Outbound,CRM Pro,0,0,On track,0,0,40
234,Cobalt 082 • CRM Pro,82,11,6,2025-05-21,2025-08-07,2025-08-07,Won,4800,1,Outbound,CRM Pro,0,0,On track,0,0,78
235,Juniper 122 • Service Suite,122,12,7,2025-04-26,2025-06-06,2025-06-06,Lost,44700,0,Outbound,Service Suite,0,0,On track,0,0,41
236,Summit 138 • CRM Enterprise,138,12,6,2025-07-21,2025-10-13,2025-10-13,Won,38100,1,Event,CRM Enterprise,0,0,On track,0,0,84
237,Juniper 164 • Service Suite,164,1,6,2026-03-20,2026-05-01,2026-05-01,Won,60900,1,Partner,Service Suite,0,0,On track,0,0,42
238,Summit 090 • Service Suite,90,2,6,2026-07-05,2026-08-23,2026-08-23,Won,13200,1,Event,Service Suite,0,0,On track,0,0,49
239,Meridian 003 • CRM Enterprise,3,9,7,2026-06-30,2026-09-12,2026-09-12,Lost,43200,0,Partner,CRM Enterprise,0,0,On track,0,0,74
240,Summit 006 • Service Suite,6,2,6,2026-03-28,2026-06-19,2026-06-19,Won,7900,1,Inbound,Service Suite,0,0,On track,0,0,83
241,Beacon 113 • Service Suite,113,2,7,2026-04-29,2026-06-15,2026-06-15,Lost,12000,0,Inbound,Service Suite,0,0,On track,0,0,47
242,Juniper 026 • Service Suite,26,2,7,2025-04-02,2025-07-03,2025-07-03,Lost,60000,0,Inbound,Service Suite,0,0,On track,0,0,92
243,Meridian 147 • Service Suite,147,4,6,2025-12-13,2026-03-14,2026-03-14,Won,39800,1,Outbound,Service Suite,0,0,On track,0,0,91
244,Meridian 027 • Service Suite,27,7,6,2025-10-10,2025-12-28,2025-12-28,Won,18900,1,Partner,Service Suite,0,0,On track,0,0,79
245,Juniper 146 • CRM Enterprise,146,12,7,2025-01-08,2025-03-03,2025-03-03,Lost,7400,0,Event,CRM Enterprise,0,0,On track,0,0,54
246,Northstar 049 • CRM Pro,49,9,7,2025-04-01,2025-04-16,2025-04-16,Lost,25800,0,Event,CRM Pro,0,0,On track,0,0,15
247,Beacon 041 • CRM Pro,41,3,7,2025-10-12,2025-11-24,2025-11-24,Lost,16500,0,Outbound,CRM Pro,0,0,On track,0,0,43
248,Meridian 123 • CRM Pro,123,12,7,2026-05-21,2026-06-10,2026-06-10,Lost,62500,0,Inbound,CRM Pro,0,0,On track,0,0,20
249,Juniper 158 • CRM Pro,158,5,7,2026-02-06,2026-04-15,2026-04-15,Lost,58700,0,Inbound,CRM Pro,0,0,On track,0,0,68
250,Juniper 158 • Service Suite,158,11,6,2025-03-08,2025-05-01,2025-05-01,Won,33900,1,Outbound,Service Suite,0,0,On track,0,0,54
251,Cobalt 166 • CRM Enterprise,166,12,7,2025-09-30,2025-10-25,2025-10-25,Lost,59900,0,Event,CRM Enterprise,0,0,On track,0,0,25
252,Meridian 051 • Service Suite,51,1,4,2026-08-06,,2027-01-04,Open,45900,0.7,Partner,Service Suite,2,13,On track,0,0,
253,Cobalt 046 • CRM Pro,46,3,6,2025-10-04,2025-12-29,2025-12-29,Won,7200,1,Inbound,CRM Pro,0,0,On track,0,0,86
254,Meridian 087 • CRM Pro,87,11,6,2025-08-05,2026-01-26,2026-01-26,Won,95600,1,Event,CRM Pro,0,0,On track,0,0,174
255,Juniper 098 • Service Suite,98,3,6,2025-06-23,2025-09-14,2025-09-14,Won,49700,1,Inbound,Service Suite,0,0,On track,0,0,83
256,Cobalt 106 • CRM Enterprise,106,6,6,2025-01-21,2025-03-27,2025-03-27,Won,12300,1,Event,CRM Enterprise,0,0,On track,0,0,65
257,Meridian 159 • Service Suite,159,12,6,2025-08-26,2025-11-25,2025-11-25,Won,5600,1,Outbound,Service Suite,0,0,On track,0,0,91
258,Beacon 071 • CRM Enterprise,71,9,7,2025-03-26,2025-06-29,2025-06-29,Lost,39100,0,Partner,CRM Enterprise,0,0,On track,0,0,95
259,Northstar 115 • CRM Enterprise,115,11,7,2026-06-13,2026-08-15,2026-08-15,Lost,13000,0,Outbound,CRM Enterprise,0,0,On track,0,0,63
260,Summit 012 • CRM Pro,12,7,7,2025-07-13,2025-08-09,2025-08-09,Lost,48900,0,Inbound,CRM Pro,0,0,On track,0,0,27
261,Beacon 131 • CRM Pro,131,7,3,2026-08-30,,2027-01-12,Open,26900,0.5,Inbound,CRM Pro,4,2,On track,0,0,
262,Juniper 110 • CRM Enterprise,110,12,7,2025-10-01,2025-11-10,2025-11-10,Lost,50000,0,Partner,CRM Enterprise,0,0,On track,0,0,40
263,Meridian 141 • Service Suite,141,10,7,2025-08-14,2025-09-28,2025-09-28,Lost,43400,0,Outbound,Service Suite,0,0,On track,0,0,45
264,Beacon 029 • CRM Enterprise,29,6,6,2025-03-08,2025-05-05,2025-05-05,Won,18300,1,Inbound,CRM Enterprise,0,0,On track,0,0,58
265,Juniper 026 • CRM Enterprise,26,10,7,2025-02-12,2025-04-02,2025-04-02,Lost,28500,0,Inbound,CRM Enterprise,0,0,On track,0,0,49
266,Meridian 015 • CRM Pro,15,10,6,2025-07-14,2025-10-20,2025-10-20,Won,8500,1,Outbound,CRM Pro,0,0,On track,0,0,98
267,Juniper 152 • CRM Enterprise,152,5,1,2026-09-02,,2026-12-29,Open,43700,0.15,Outbound,CRM Enterprise,28,28,No activity 14+ days,1,0,
268,Beacon 035 • CRM Pro,35,2,3,2026-07-06,,2026-11-10,Open,40600,0.5,Partner,CRM Pro,19,17,No activity 14+ days,1,0,
269,Meridian 021 • CRM Enterprise,21,5,7,2025-12-07,2026-01-16,2026-01-16,Lost,39600,0,Outbound,CRM Enterprise,0,0,On track,0,0,40
270,Meridian 153 • CRM Enterprise,153,7,5,2026-06-06,,2026-11-29,Open,19700,0.85,Partner,CRM Enterprise,12,14,No activity 14+ days,1,0,
271,Juniper 122 • CRM Pro,122,10,6,2025-12-11,2026-02-22,2026-02-22,Won,61200,1,Partner,CRM Pro,0,0,On track,0,0,73
272,Beacon 089 • CRM Pro,89,4,7,2026-07-11,2026-08-21,2026-08-21,Lost,26900,0,Partner,CRM Pro,0,0,On track,0,0,41
273,Juniper 062 • Service Suite,62,11,6,2025-02-01,2025-05-06,2025-05-06,Won,7500,1,Inbound,Service Suite,0,0,On track,0,0,94
274,Summit 078 • CRM Pro,78,7,7,2025-07-08,2025-10-10,2025-10-10,Lost,12600,0,Inbound,CRM Pro,0,0,On track,0,0,94
275,Beacon 059 • Service Suite,59,9,7,2026-04-30,2026-06-26,2026-06-26,Lost,22600,0,Inbound,Service Suite,0,0,On track,0,0,57
276,Beacon 071 • Service Suite,71,8,6,2026-05-30,2026-08-24,2026-08-24,Won,40100,1,Partner,Service Suite,0,0,On track,0,0,86
277,Cobalt 130 • Service Suite,130,8,5,2026-07-12,,2026-10-16,Open,53900,0.85,Inbound,Service Suite,23,31,No activity 14+ days,1,0,
278,Cobalt 058 • CRM Enterprise,58,1,7,2025-02-04,2025-03-11,2025-03-11,Lost,97900,0,Event,CRM Enterprise,0,0,On track,0,0,35
279,Juniper 104 • Service Suite,104,8,7,2026-01-27,2026-04-22,2026-04-22,Lost,75600,0,Outbound,Service Suite,0,0,On track,0,0,85
280,Meridian 021 • CRM Enterprise,21,1,6,2026-05-18,2026-07-19,2026-07-19,Won,50900,1,Inbound,CRM Enterprise,0,0,On track,0,0,62
281,Northstar 079 • Service Suite,79,11,6,2026-02-01,2026-05-24,2026-05-24,Won,17200,1,Partner,Service Suite,0,0,On track,0,0,112
282,Cobalt 118 • CRM Pro,118,10,6,2025-07-05,2025-09-23,2025-09-23,Won,8400,1,Event,CRM Pro,0,0,On track,0,0,80
283,Beacon 047 • CRM Pro,47,7,6,2025-02-05,2025-05-03,2025-05-03,Won,20400,1,Outbound,CRM Pro,0,0,On track,0,0,87
284,Meridian 081 • Service Suite,81,8,7,2026-02-21,2026-04-17,2026-04-17,Lost,15800,0,Outbound,Service Suite,0,0,On track,0,0,55
285,Northstar 037 • Service Suite,37,9,7,2026-01-27,2026-04-19,2026-04-19,Lost,44800,0,Partner,Service Suite,0,0,On track,0,0,82
286,Meridian 135 • Service Suite,135,9,4,2026-08-09,,2026-11-18,Open,14500,0.7,Partner,Service Suite,6,39,No activity 14+ days,1,0,
287,Meridian 129 • CRM Pro,129,11,6,2026-01-11,2026-04-04,2026-04-04,Won,47800,1,Event,CRM Pro,0,0,On track,0,0,83
288,Summit 036 • CRM Pro,36,5,2,2026-09-04,,2027-01-06,Open,21300,0.3,Outbound,CRM Pro,14,0,On track,0,0,
289,Cobalt 010 • CRM Enterprise,10,4,3,2026-08-13,,2026-11-04,Open,23700,0.5,Inbound,CRM Enterprise,13,17,No activity 14+ days,1,0,
290,Cobalt 088 • CRM Pro,88,6,6,2025-12-11,2026-04-10,2026-04-10,Won,5600,1,Outbound,CRM Pro,0,0,On track,0,0,120
291,Beacon 029 • Service Suite,29,5,7,2025-05-27,2025-06-18,2025-06-18,Lost,14900,0,Event,Service Suite,0,0,On track,0,0,22
292,Summit 030 • CRM Pro,30,6,7,2026-05-16,2026-06-18,2026-06-18,Lost,17200,0,Outbound,CRM Pro,0,0,On track,0,0,33
293,Meridian 099 • Service Suite,99,7,7,2025-03-19,2025-05-14,2025-05-14,Lost,16400,0,Partner,Service Suite,0,0,On track,0,0,56
294,Summit 090 • Service Suite,90,7,7,2026-07-21,2026-08-12,2026-08-12,Lost,60900,0,Outbound,Service Suite,0,0,On track,0,0,22
295,Juniper 050 • CRM Pro,50,9,1,2026-09-18,,2027-03-09,Open,31200,0.15,Inbound,CRM Pro,12,12,On track,0,0,
296,Northstar 019 • CRM Enterprise,19,12,6,2025-07-19,2026-01-12,2026-01-12,Won,63900,1,Outbound,CRM Enterprise,0,0,On track,0,0,177
297,Summit 108 • Service Suite,108,4,6,2025-08-31,2025-11-25,2025-11-25,Won,48500,1,Inbound,Service Suite,0,0,On track,0,0,86
298,Meridian 057 • Service Suite,57,2,7,2025-11-01,2025-12-07,2025-12-07,Lost,37200,0,Inbound,Service Suite,0,0,On track,0,0,36
299,Northstar 103 • CRM Enterprise,103,9,6,2026-01-27,2026-04-11,2026-04-11,Won,24300,1,Partner,CRM Enterprise,0,0,On track,0,0,74
300,Meridian 111 • Service Suite,111,5,7,2026-01-10,2026-02-14,2026-02-14,Lost,112700,0,Inbound,Service Suite,0,0,On track,0,0,35
301,Beacon 065 • CRM Pro,65,8,1,2026-09-05,,2027-01-22,Open,4600,0.15,Partner,CRM Pro,25,25,No activity 14+ days,1,0,
302,Cobalt 142 • CRM Pro,142,2,6,2025-04-07,2025-09-04,2025-09-04,Won,72700,1,Event,CRM Pro,0,0,On track,0,0,150
303,Cobalt 106 • CRM Enterprise,106,5,5,2026-07-18,,2026-11-21,Open,14600,0.85,Partner,CRM Enterprise,11,36,No activity 14+ days,1,0,
304,Northstar 025 • CRM Pro,25,1,7,2026-01-27,2026-03-10,2026-03-10,Lost,21400,0,Event,CRM Pro,0,0,On track,0,0,42
305,Northstar 031 • Service Suite,31,9,6,2025-12-08,2026-05-11,2026-05-11,Won,52700,1,Event,Service Suite,0,0,On track,0,0,154
306,Summit 168 • Service Suite,168,11,2,2026-09-11,,2027-01-13,Open,16300,0.3,Inbound,Service Suite,1,19,No activity 14+ days,1,0,
307,Northstar 139 • Service Suite,139,12,3,2026-09-07,,2026-12-04,Open,20100,0.5,Inbound,Service Suite,0,16,No activity 14+ days,1,0,
308,Beacon 179 • Service Suite,179,3,6,2025-04-05,2025-06-21,2025-06-21,Won,15300,1,Inbound,Service Suite,0,0,On track,0,0,77
309,Beacon 179 • CRM Pro,179,8,7,2026-03-14,2026-05-10,2026-05-10,Lost,18400,0,Partner,CRM Pro,0,0,On track,0,0,57
310,Cobalt 022 • CRM Pro,22,8,7,2026-05-28,2026-06-18,2026-06-18,Lost,31300,0,Outbound,CRM Pro,0,0,On track,0,0,21
311,Cobalt 112 • CRM Pro,112,7,6,2025-08-03,2025-10-11,2025-10-11,Won,17100,1,Inbound,CRM Pro,0,0,On track,0,0,69
312,Cobalt 130 • CRM Pro,130,11,6,2025-08-02,2025-10-03,2025-10-03,Won,50200,1,Event,CRM Pro,0,0,On track,0,0,62
313,Northstar 085 • CRM Pro,85,1,7,2026-04-21,2026-04-27,2026-04-27,Lost,11600,0,Inbound,CRM Pro,0,0,On track,0,0,6
314,Beacon 155 • CRM Enterprise,155,11,7,2026-05-25,2026-07-20,2026-07-20,Lost,10400,0,Event,CRM Enterprise,0,0,On track,0,0,56
315,Cobalt 088 • CRM Pro,88,6,7,2025-05-26,2025-07-23,2025-07-23,Lost,16100,0,Partner,CRM Pro,0,0,On track,0,0,58
316,Juniper 176 • CRM Pro,176,4,6,2025-03-21,2025-06-20,2025-06-20,Won,7600,1,Partner,CRM Pro,0,0,On track,0,0,91
317,Juniper 080 • CRM Pro,80,2,6,2025-05-24,2025-08-14,2025-08-14,Won,38600,1,Event,CRM Pro,0,0,On track,0,0,82
318,Meridian 171 • CRM Enterprise,171,11,6,2026-03-21,2026-06-25,2026-06-25,Won,59700,1,Event,CRM Enterprise,0,0,On track,0,0,96
319,Summit 108 • Service Suite,108,1,7,2025-01-16,2025-02-08,2025-02-08,Lost,25300,0,Event,Service Suite,0,0,On track,0,0,23
320,Juniper 098 • Service Suite,98,5,7,2026-06-10,2026-07-21,2026-07-21,Lost,20200,0,Event,Service Suite,0,0,On track,0,0,41
321,Cobalt 004 • CRM Enterprise,4,8,6,2026-02-23,2026-05-06,2026-05-06,Won,14700,1,Outbound,CRM Enterprise,0,0,On track,0,0,72
322,Beacon 101 • Service Suite,101,8,6,2025-06-05,2025-08-30,2025-08-30,Won,4100,1,Outbound,Service Suite,0,0,On track,0,0,86
323,Northstar 049 • Service Suite,49,7,6,2026-06-23,2026-09-12,2026-09-12,Won,52900,1,Partner,Service Suite,0,0,On track,0,0,81
324,Meridian 099 • CRM Pro,99,2,7,2026-06-10,2026-07-10,2026-07-10,Lost,21500,0,Partner,CRM Pro,0,0,On track,0,0,30
325,Juniper 134 • Service Suite,134,10,7,2025-11-12,2026-02-01,2026-02-01,Lost,17800,0,Partner,Service Suite,0,0,On track,0,0,81
326,Juniper 032 • Service Suite,32,12,6,2025-10-11,2026-01-06,2026-01-06,Won,15000,1,Inbound,Service Suite,0,0,On track,0,0,87
327,Beacon 107 • Service Suite,107,2,6,2025-10-05,2026-01-20,2026-01-20,Won,11800,1,Event,Service Suite,0,0,On track,0,0,107
328,Juniper 044 • CRM Pro,44,3,7,2025-01-28,2025-03-06,2025-03-06,Lost,46700,0,Partner,CRM Pro,0,0,On track,0,0,37
329,Meridian 039 • Service Suite,39,7,7,2025-02-07,2025-03-15,2025-03-15,Lost,51800,0,Event,Service Suite,0,0,On track,0,0,36
330,Northstar 103 • CRM Pro,103,7,7,2026-05-21,2026-07-04,2026-07-04,Lost,18200,0,Partner,CRM Pro,0,0,On track,0,0,44
331,Cobalt 172 • CRM Enterprise,172,11,7,2025-10-23,2025-11-27,2025-11-27,Lost,85200,0,Inbound,CRM Enterprise,0,0,On track,0,0,35
332,Beacon 137 • CRM Enterprise,137,6,7,2025-04-11,2025-05-31,2025-05-31,Lost,63200,0,Event,CRM Enterprise,0,0,On track,0,0,50
333,Juniper 008 • Service Suite,8,7,6,2025-12-05,2026-02-22,2026-02-22,Won,12200,1,Outbound,Service Suite,0,0,On track,0,0,79
334,Beacon 173 • CRM Enterprise,173,8,7,2026-03-30,2026-05-17,2026-05-17,Lost,32100,0,Partner,CRM Enterprise,0,0,On track,0,0,48
335,Meridian 075 • CRM Enterprise,75,10,7,2025-10-26,2025-10-31,2025-10-31,Lost,14600,0,Event,CRM Enterprise,0,0,On track,0,0,5
336,Northstar 133 • Service Suite,133,3,7,2025-12-21,2026-01-27,2026-01-27,Lost,36500,0,Event,Service Suite,0,0,On track,0,0,37
337,Beacon 083 • Service Suite,83,11,6,2025-09-25,2025-12-29,2025-12-29,Won,65700,1,Partner,Service Suite,0,0,On track,0,0,95
338,Cobalt 046 • Service Suite,46,1,6,2026-07-18,2026-09-28,2026-09-28,Won,4200,1,Event,Service Suite,0,0,On track,0,0,72
339,Juniper 146 • Service Suite,146,7,6,2025-11-24,2026-01-30,2026-01-30,Won,12200,1,Outbound,Service Suite,0,0,On track,0,0,67
340,Beacon 155 • CRM Pro,155,8,7,2025-10-29,2026-01-19,2026-01-19,Lost,16700,0,Inbound,CRM Pro,0,0,On track,0,0,82
341,Meridian 129 • CRM Pro,129,3,6,2026-04-13,2026-07-24,2026-07-24,Won,45400,1,Inbound,CRM Pro,0,0,On track,0,0,102
342,Cobalt 148 • Service Suite,148,5,6,2026-04-03,2026-07-08,2026-07-08,Won,44400,1,Inbound,Service Suite,0,0,On track,0,0,96
343,Beacon 041 • CRM Pro,41,5,6,2025-11-14,2026-02-04,2026-02-04,Won,18800,1,Event,CRM Pro,0,0,On track,0,0,82
344,Summit 048 • CRM Pro,48,10,7,2026-02-08,2026-03-28,2026-03-28,Lost,62600,0,Event,CRM Pro,0,0,On track,0,0,48
345,Meridian 117 • CRM Pro,117,3,7,2026-01-04,2026-01-21,2026-01-21,Lost,46500,0,Event,CRM Pro,0,0,On track,0,0,17
346,Cobalt 034 • CRM Pro,34,8,6,2025-10-27,2026-02-01,2026-02-01,Won,53800,1,Partner,CRM Pro,0,0,On track,0,0,97
347,Cobalt 094 • CRM Enterprise,94,4,3,2026-08-01,,2026-10-10,Open,30800,0.5,Partner,CRM Enterprise,25,34,No activity 14+ days,1,0,
348,Summit 012 • Service Suite,12,4,7,2026-04-30,2026-05-25,2026-05-25,Lost,35700,0,Event,Service Suite,0,0,On track,0,0,25
349,Juniper 038 • CRM Enterprise,38,2,7,2025-10-14,2026-01-04,2026-01-04,Lost,69500,0,Outbound,CRM Enterprise,0,0,On track,0,0,82
350,Northstar 049 • CRM Pro,49,9,6,2025-05-09,2025-06-30,2025-06-30,Won,56600,1,Partner,CRM Pro,0,0,On track,0,0,52
351,Summit 114 • Service Suite,114,9,7,2025-05-28,2025-08-12,2025-08-12,Lost,64200,0,Outbound,Service Suite,0,0,On track,0,0,76
352,Cobalt 064 • Service Suite,64,12,6,2026-07-05,2026-09-21,2026-09-21,Won,18900,1,Event,Service Suite,0,0,On track,0,0,78
353,Meridian 153 • CRM Enterprise,153,4,7,2026-02-18,2026-04-26,2026-04-26,Lost,65500,0,Partner,CRM Enterprise,0,0,On track,0,0,67
354,Beacon 041 • CRM Enterprise,41,5,7,2025-05-26,2025-08-01,2025-08-01,Lost,9500,0,Partner,CRM Enterprise,0,0,On track,0,0,67
355,Beacon 035 • Service Suite,35,3,7,2025-11-01,2025-11-23,2025-11-23,Lost,88100,0,Partner,Service Suite,0,0,On track,0,0,22
356,Summit 030 • CRM Enterprise,30,1,7,2025-04-01,2025-06-09,2025-06-09,Lost,15700,0,Inbound,CRM Enterprise,0,0,On track,0,0,69
357,Cobalt 046 • CRM Enterprise,46,11,6,2025-03-17,2025-05-07,2025-05-07,Won,15600,1,Inbound,CRM Enterprise,0,0,On track,0,0,51
358,Meridian 099 • Service Suite,99,10,7,2025-10-07,2025-10-30,2025-10-30,Lost,37000,0,Inbound,Service Suite,0,0,On track,0,0,23
359,Juniper 110 • CRM Pro,110,12,6,2025-12-19,2026-03-09,2026-03-09,Won,24100,1,Partner,CRM Pro,0,0,On track,0,0,80
360,Summit 072 • CRM Pro,72,10,7,2026-02-01,2026-05-02,2026-05-02,Lost,34400,0,Partner,CRM Pro,0,0,On track,0,0,90
361,Juniper 032 • CRM Enterprise,32,2,7,2025-04-17,2025-05-08,2025-05-08,Lost,4400,0,Partner,CRM Enterprise,0,0,On track,0,0,21
362,Juniper 152 • CRM Pro,152,9,7,2025-05-03,2025-07-02,2025-07-02,Lost,145500,0,Partner,CRM Pro,0,0,On track,0,0,60
363,Cobalt 160 • CRM Enterprise,160,9,7,2025-11-29,2026-01-09,2026-01-09,Lost,163500,0,Event,CRM Enterprise,0,0,On track,0,0,41
364,Juniper 062 • Service Suite,62,2,6,2026-01-22,2026-04-01,2026-04-01,Won,15300,1,Partner,Service Suite,0,0,On track,0,0,69
365,Cobalt 166 • CRM Enterprise,166,5,6,2025-11-30,2026-02-03,2026-02-03,Won,58700,1,Inbound,CRM Enterprise,0,0,On track,0,0,65
366,Juniper 032 • CRM Pro,32,7,6,2025-05-28,2025-08-14,2025-08-14,Won,14700,1,Outbound,CRM Pro,0,0,On track,0,0,78
367,Summit 084 • CRM Pro,84,2,6,2026-01-14,2026-05-22,2026-05-22,Won,122700,1,Partner,CRM Pro,0,0,On track,0,0,128
368,Beacon 077 • CRM Enterprise,77,4,7,2025-11-13,2026-03-24,2026-03-24,Lost,115400,0,Inbound,CRM Enterprise,0,0,On track,0,0,131
369,Northstar 085 • CRM Enterprise,85,3,6,2026-05-22,2026-07-23,2026-07-23,Won,19300,1,Outbound,CRM Enterprise,0,0,On track,0,0,62
370,Meridian 165 • Service Suite,165,3,7,2025-02-16,2025-04-15,2025-04-15,Lost,42700,0,Inbound,Service Suite,0,0,On track,0,0,58
371,Beacon 041 • CRM Enterprise,41,5,7,2025-02-17,2025-03-26,2025-03-26,Lost,7500,0,Inbound,CRM Enterprise,0,0,On track,0,0,37
372,Cobalt 154 • CRM Enterprise,154,10,6,2025-03-06,2025-06-15,2025-06-15,Won,15400,1,Outbound,CRM Enterprise,0,0,On track,0,0,101
373,Northstar 091 • CRM Enterprise,91,1,6,2025-06-14,2025-09-07,2025-09-07,Won,41800,1,Partner,CRM Enterprise,0,0,On track,0,0,85
374,Meridian 003 • CRM Enterprise,3,8,7,2026-05-30,2026-07-01,2026-07-01,Lost,18900,0,Outbound,CRM Enterprise,0,0,On track,0,0,32
375,Juniper 044 • CRM Pro,44,3,7,2026-06-08,2026-07-10,2026-07-10,Lost,25700,0,Event,CRM Pro,0,0,On track,0,0,32
376,Beacon 071 • CRM Enterprise,71,8,7,2026-04-13,2026-07-03,2026-07-03,Lost,44800,0,Inbound,CRM Enterprise,0,0,On track,0,0,81
377,Meridian 099 • CRM Pro,99,10,4,2026-08-09,,2026-11-16,Open,15800,0.7,Outbound,CRM Pro,12,35,No activity 14+ days,1,0,
378,Cobalt 064 • CRM Pro,64,8,6,2026-04-16,2026-07-21,2026-07-21,Won,26700,1,Partner,CRM Pro,0,0,On track,0,0,96
379,Juniper 014 • CRM Enterprise,14,2,6,2025-12-22,2026-03-05,2026-03-05,Won,19500,1,Inbound,CRM Enterprise,0,0,On track,0,0,73
380,Northstar 067 • CRM Enterprise,67,7,7,2026-05-17,2026-07-17,2026-07-17,Lost,71800,0,Event,CRM Enterprise,0,0,On track,0,0,61
381,Beacon 077 • Service Suite,77,4,7,2025-10-27,2026-02-04,2026-02-04,Lost,52700,0,Event,Service Suite,0,0,On track,0,0,100
382,Cobalt 130 • CRM Enterprise,130,8,2,2026-09-18,,2026-11-28,Open,59200,0.3,Event,CRM Enterprise,3,12,On track,0,0,
383,Summit 114 • CRM Enterprise,114,8,6,2025-12-25,2026-03-08,2026-03-08,Won,30300,1,Event,CRM Enterprise,0,0,On track,0,0,73
384,Meridian 159 • CRM Enterprise,159,9,4,2026-07-10,,2026-12-19,Open,4200,0.7,Outbound,CRM Enterprise,22,42,No activity 14+ days,1,0,
385,Summit 174 • Service Suite,174,12,6,2026-05-20,2026-08-04,2026-08-04,Won,17000,1,Inbound,Service Suite,0,0,On track,0,0,76
386,Meridian 147 • Service Suite,147,4,6,2025-04-18,2025-06-07,2025-06-07,Won,33400,1,Inbound,Service Suite,0,0,On track,0,0,50
387,Summit 180 • Service Suite,180,9,6,2025-01-27,2025-05-10,2025-05-10,Won,38800,1,Outbound,Service Suite,0,0,On track,0,0,103
388,Beacon 113 • CRM Pro,113,2,6,2025-07-18,2025-09-15,2025-09-15,Won,6000,1,Inbound,CRM Pro,0,0,On track,0,0,59
389,Northstar 073 • Service Suite,73,6,7,2026-02-04,2026-04-05,2026-04-05,Lost,81700,0,Partner,Service Suite,0,0,On track,0,0,60
390,Cobalt 088 • CRM Enterprise,88,9,6,2026-06-04,2026-08-27,2026-08-27,Won,16900,1,Event,CRM Enterprise,0,0,On track,0,0,84
391,Meridian 141 • Service Suite,141,7,7,2025-06-19,2025-09-09,2025-09-09,Lost,47100,0,Inbound,Service Suite,0,0,On track,0,0,82
392,Beacon 017 • CRM Enterprise,17,3,6,2026-03-03,2026-05-21,2026-05-21,Won,4300,1,Outbound,CRM Enterprise,0,0,On track,0,0,79
393,Cobalt 034 • Service Suite,34,5,6,2025-02-04,2025-05-05,2025-05-05,Won,59000,1,Inbound,Service Suite,0,0,On track,0,0,90
394,Beacon 053 • Service Suite,53,1,5,2026-06-19,,2026-09-13,Open,35300,0.85,Inbound,Service Suite,18,14,Close date overdue,1,1,
395,Beacon 077 • CRM Enterprise,77,5,1,2026-09-17,,2027-01-16,Open,134600,0.15,Outbound,CRM Enterprise,13,13,On track,0,0,
396,Juniper 164 • CRM Enterprise,164,7,7,2026-01-26,2026-03-09,2026-03-09,Lost,51100,0,Partner,CRM Enterprise,0,0,On track,0,0,42
397,Cobalt 028 • CRM Pro,28,3,7,2025-12-08,2026-02-12,2026-02-12,Lost,57600,0,Inbound,CRM Pro,0,0,On track,0,0,66
398,Cobalt 106 • CRM Enterprise,106,9,7,2026-03-17,2026-05-29,2026-05-29,Lost,9600,0,Partner,CRM Enterprise,0,0,On track,0,0,73
399,Meridian 081 • CRM Enterprise,81,3,6,2025-10-22,2026-01-27,2026-01-27,Won,39400,1,Event,CRM Enterprise,0,0,On track,0,0,97
400,Northstar 145 • CRM Enterprise,145,10,6,2025-09-12,2026-02-17,2026-02-17,Won,166200,1,Outbound,CRM Enterprise,0,0,On track,0,0,158
401,Juniper 110 • Service Suite,110,3,7,2025-02-18,2025-04-13,2025-04-13,Lost,37700,0,Inbound,Service Suite,0,0,On track,0,0,54
402,Beacon 095 • CRM Enterprise,95,8,6,2025-10-20,2026-01-01,2026-01-01,Won,5000,1,Partner,CRM Enterprise,0,0,On track,0,0,73
403,Juniper 020 • CRM Enterprise,20,7,2,2026-07-25,,2026-11-27,Open,151900,0.3,Event,CRM Enterprise,34,21,No activity 14+ days,1,0,
404,Summit 162 • CRM Pro,162,7,7,2026-02-03,2026-03-11,2026-03-11,Lost,17600,0,Inbound,CRM Pro,0,0,On track,0,0,36
405,Northstar 037 • Service Suite,37,12,6,2026-01-03,2026-03-15,2026-03-15,Won,33200,1,Inbound,Service Suite,0,0,On track,0,0,71
406,Beacon 047 • CRM Pro,47,10,3,2026-08-06,,2026-10-12,Open,14300,0.5,Event,CRM Pro,11,16,No activity 14+ days,1,0,
407,Northstar 073 • CRM Enterprise,73,4,7,2025-12-20,2026-04-08,2026-04-08,Lost,128100,0,Partner,CRM Enterprise,0,0,On track,0,0,109
408,Meridian 039 • Service Suite,39,11,6,2025-10-14,2025-12-21,2025-12-21,Won,55100,1,Outbound,Service Suite,0,0,On track,0,0,68
409,Northstar 043 • CRM Pro,43,2,6,2025-06-07,2025-08-21,2025-08-21,Won,19600,1,Inbound,CRM Pro,0,0,On track,0,0,75
410,Beacon 077 • CRM Enterprise,77,12,6,2025-07-24,2026-01-09,2026-01-09,Won,32600,1,Outbound,CRM Enterprise,0,0,On track,0,0,169
411,Summit 138 • CRM Pro,138,12,7,2025-11-30,2026-01-28,2026-01-28,Lost,65300,0,Event,CRM Pro,0,0,On track,0,0,59
412,Cobalt 130 • CRM Enterprise,130,8,6,2025-05-14,2025-08-08,2025-08-08,Won,55400,1,Inbound,CRM Enterprise,0,0,On track,0,0,86
413,Northstar 067 • Service Suite,67,7,7,2026-06-03,2026-08-29,2026-08-29,Lost,139400,0,Event,Service Suite,0,0,On track,0,0,87
414,Northstar 085 • CRM Pro,85,5,6,2025-03-27,2025-06-18,2025-06-18,Won,8500,1,Inbound,CRM Pro,0,0,On track,0,0,83
415,Beacon 179 • CRM Pro,179,3,6,2025-05-02,2025-07-10,2025-07-10,Won,13000,1,Event,CRM Pro,0,0,On track,0,0,69
416,Meridian 129 • Service Suite,129,3,7,2026-06-29,2026-08-25,2026-08-25,Lost,51300,0,Outbound,Service Suite,0,0,On track,0,0,57
417,Cobalt 034 • Service Suite,34,6,7,2026-07-01,2026-07-20,2026-07-20,Lost,14000,0,Partner,Service Suite,0,0,On track,0,0,19
418,Summit 132 • Service Suite,132,6,6,2025-09-22,2026-01-08,2026-01-08,Won,23700,1,Partner,Service Suite,0,0,On track,0,0,108
419,Beacon 113 • CRM Pro,113,4,7,2025-03-21,2025-05-04,2025-05-04,Lost,17100,0,Inbound,CRM Pro,0,0,On track,0,0,44
420,Juniper 038 • CRM Pro,38,10,6,2025-05-22,2025-10-20,2025-10-20,Won,166800,1,Inbound,CRM Pro,0,0,On track,0,0,151
421,Cobalt 094 • CRM Pro,94,8,6,2025-05-05,2025-08-13,2025-08-13,Won,49400,1,Partner,CRM Pro,0,0,On track,0,0,100
422,Meridian 045 • CRM Pro,45,6,1,2026-09-28,,2027-03-24,Open,32100,0.15,Partner,CRM Pro,2,2,On track,0,0,
423,Meridian 117 • CRM Pro,117,1,1,2026-09-23,,2027-01-01,Open,33700,0.15,Event,CRM Pro,7,4,On track,0,0,
424,Cobalt 112 • CRM Enterprise,112,11,7,2026-01-25,2026-03-03,2026-03-03,Lost,17600,0,Event,CRM Enterprise,0,0,On track,0,0,37
425,Juniper 062 • CRM Pro,62,5,1,2026-09-25,,2027-03-23,Open,12000,0.15,Outbound,CRM Pro,5,5,On track,0,0,
426,Juniper 092 • Service Suite,92,8,7,2026-03-16,2026-06-22,2026-06-22,Lost,85000,0,Partner,Service Suite,0,0,On track,0,0,98
427,Meridian 099 • CRM Pro,99,3,6,2025-03-30,2025-07-05,2025-07-05,Won,30500,1,Event,CRM Pro,0,0,On track,0,0,97
428,Meridian 009 • CRM Pro,9,9,6,2026-01-11,2026-04-24,2026-04-24,Won,65800,1,Partner,CRM Pro,0,0,On track,0,0,103
429,Cobalt 136 • Service Suite,136,7,7,2025-05-20,2025-06-29,2025-06-29,Lost,51000,0,Inbound,Service Suite,0,0,On track,0,0,40
430,Meridian 123 • CRM Enterprise,123,4,6,2026-04-22,2026-07-15,2026-07-15,Won,45200,1,Outbound,CRM Enterprise,0,0,On track,0,0,84
431,Cobalt 034 • CRM Pro,34,3,7,2026-04-18,2026-06-15,2026-06-15,Lost,34400,0,Partner,CRM Pro,0,0,On track,0,0,58
432,Beacon 155 • Service Suite,155,1,6,2025-03-19,2025-06-07,2025-06-07,Won,10100,1,Partner,Service Suite,0,0,On track,0,0,80
433,Cobalt 124 • CRM Pro,124,8,1,2026-09-25,,2027-03-16,Open,114000,0.15,Event,CRM Pro,5,1,On track,0,0,
434,Cobalt 052 • Service Suite,52,4,7,2025-06-23,2025-08-26,2025-08-26,Lost,15900,0,Event,Service Suite,0,0,On track,0,0,64
435,Cobalt 016 • CRM Pro,16,6,5,2026-04-18,,2026-08-20,Open,135000,0.85,Outbound,CRM Pro,21,3,Close date overdue,1,1,
436,Northstar 019 • CRM Enterprise,19,11,1,2026-09-20,,2026-12-31,Open,158100,0.15,Outbound,CRM Enterprise,10,10,On track,0,0,
437,Cobalt 166 • CRM Enterprise,166,7,6,2026-07-10,2026-09-16,2026-09-16,Won,33400,1,Event,CRM Enterprise,0,0,On track,0,0,68
438,Northstar 169 • CRM Enterprise,169,1,6,2025-12-07,2026-02-06,2026-02-06,Won,57300,1,Inbound,CRM Enterprise,0,0,On track,0,0,61
439,Juniper 026 • CRM Pro,26,11,6,2025-06-26,2025-09-04,2025-09-04,Won,14400,1,Outbound,CRM Pro,0,0,On track,0,0,70
440,Meridian 153 • CRM Enterprise,153,1,1,2026-09-15,,2026-12-17,Open,55100,0.15,Partner,CRM Enterprise,15,15,No activity 14+ days,1,0,
441,Cobalt 028 • Service Suite,28,1,7,2026-04-01,2026-06-01,2026-06-01,Lost,14800,0,Inbound,Service Suite,0,0,On track,0,0,61
442,Cobalt 010 • CRM Pro,10,2,6,2026-05-26,2026-09-01,2026-09-01,Won,21600,1,Inbound,CRM Pro,0,0,On track,0,0,98
443,Summit 108 • Service Suite,108,8,7,2025-12-16,2026-01-03,2026-01-03,Lost,49200,0,Partner,Service Suite,0,0,On track,0,0,18
444,Beacon 149 • Service Suite,149,2,7,2025-08-23,2025-09-24,2025-09-24,Lost,43200,0,Inbound,Service Suite,0,0,On track,0,0,32
445,Cobalt 160 • Service Suite,160,12,7,2025-12-21,2026-04-14,2026-04-14,Lost,67000,0,Inbound,Service Suite,0,0,On track,0,0,114
446,Summit 162 • CRM Enterprise,162,10,7,2025-07-08,2025-09-23,2025-09-23,Lost,14600,0,Outbound,CRM Enterprise,0,0,On track,0,0,77
447,Summit 024 • CRM Enterprise,24,12,6,2025-10-29,2026-02-14,2026-02-14,Won,13100,1,Event,CRM Enterprise,0,0,On track,0,0,108
448,Summit 078 • CRM Enterprise,78,7,7,2025-08-01,2025-09-14,2025-09-14,Lost,45000,0,Outbound,CRM Enterprise,0,0,On track,0,0,44
449,Juniper 092 • CRM Enterprise,92,2,7,2025-10-23,2026-01-17,2026-01-17,Lost,126000,0,Partner,CRM Enterprise,0,0,On track,0,0,86
450,Beacon 095 • CRM Pro,95,6,7,2025-07-06,2025-08-14,2025-08-14,Lost,14200,0,Inbound,CRM Pro,0,0,On track,0,0,39
451,Juniper 050 • CRM Pro,50,1,6,2026-02-07,2026-05-05,2026-05-05,Won,64100,1,Inbound,CRM Pro,0,0,On track,0,0,87
452,Summit 042 • Service Suite,42,8,6,2025-07-17,2025-12-28,2025-12-28,Won,146400,1,Event,Service Suite,0,0,On track,0,0,164
453,Meridian 009 • CRM Enterprise,9,6,6,2026-03-30,2026-06-12,2026-06-12,Won,47100,1,Partner,CRM Enterprise,0,0,On track,0,0,74
454,Juniper 014 • CRM Enterprise,14,8,6,2026-06-14,2026-08-20,2026-08-20,Won,4100,1,Event,CRM Enterprise,0,0,On track,0,0,67
455,Northstar 145 • CRM Enterprise,145,11,7,2025-11-15,2026-02-02,2026-02-02,Lost,108800,0,Event,CRM Enterprise,0,0,On track,0,0,79
456,Cobalt 142 • CRM Pro,142,2,6,2026-04-14,2026-08-18,2026-08-18,Won,119500,1,Event,CRM Pro,0,0,On track,0,0,126
457,Summit 024 • CRM Enterprise,24,4,7,2025-10-29,2025-12-28,2025-12-28,Lost,7200,0,Event,CRM Enterprise,0,0,On track,0,0,60
458,Summit 084 • CRM Enterprise,84,8,7,2025-03-20,2025-04-09,2025-04-09,Lost,121500,0,Outbound,CRM Enterprise,0,0,On track,0,0,20
459,Northstar 115 • Service Suite,115,12,7,2026-04-27,2026-06-10,2026-06-10,Lost,55000,0,Outbound,Service Suite,0,0,On track,0,0,44
460,Meridian 021 • CRM Enterprise,21,11,3,2026-08-24,,2026-10-23,Open,23300,0.5,Inbound,CRM Enterprise,5,8,On track,0,0,
461,Summit 162 • CRM Enterprise,162,4,1,2026-09-23,,2027-03-06,Open,58600,0.15,Partner,CRM Enterprise,7,7,On track,0,0,
462,Juniper 014 • CRM Pro,14,6,6,2026-03-06,2026-05-09,2026-05-09,Won,20800,1,Event,CRM Pro,0,0,On track,0,0,64
463,Juniper 050 • CRM Pro,50,2,2,2026-09-02,,2026-11-23,Open,51500,0.3,Event,CRM Pro,3,28,No activity 14+ days,1,0,
464,Meridian 045 • Service Suite,45,9,6,2025-10-28,2026-02-14,2026-02-14,Won,50100,1,Partner,Service Suite,0,0,On track,0,0,109
465,Juniper 152 • Service Suite,152,5,6,2025-01-02,2025-06-08,2025-06-08,Won,139300,1,Event,Service Suite,0,0,On track,0,0,157
466,Beacon 095 • Service Suite,95,6,6,2025-09-26,2025-12-26,2025-12-26,Won,8200,1,Inbound,Service Suite,0,0,On track,0,0,91
467,Cobalt 016 • Service Suite,16,8,7,2025-04-07,2025-04-29,2025-04-29,Lost,108800,0,Event,Service Suite,0,0,On track,0,0,22
468,Summit 096 • CRM Enterprise,96,9,7,2025-11-24,2026-01-06,2026-01-06,Lost,4300,0,Event,CRM Enterprise,0,0,On track,0,0,43
469,Summit 030 • Service Suite,30,12,6,2025-01-16,2025-04-20,2025-04-20,Won,17800,1,Partner,Service Suite,0,0,On track,0,0,94
470,Beacon 065 • CRM Pro,65,8,7,2026-05-22,2026-07-22,2026-07-22,Lost,10400,0,Partner,CRM Pro,0,0,On track,0,0,61
471,Juniper 062 • CRM Pro,62,9,6,2025-08-13,2025-10-29,2025-10-29,Won,18900,1,Event,CRM Pro,0,0,On track,0,0,77
472,Beacon 173 • Service Suite,173,12,6,2026-05-19,2026-07-06,2026-07-06,Won,22700,1,Outbound,Service Suite,0,0,On track,0,0,48
473,Summit 006 • CRM Enterprise,6,9,6,2025-08-07,2025-10-14,2025-10-14,Won,5700,1,Outbound,CRM Enterprise,0,0,On track,0,0,68
474,Northstar 019 • CRM Enterprise,19,4,5,2026-04-18,,2026-09-11,Open,175100,0.85,Outbound,CRM Enterprise,34,37,Close date overdue,1,1,
475,Summit 108 • Service Suite,108,4,7,2025-09-20,2025-10-10,2025-10-10,Lost,17700,0,Outbound,Service Suite,0,0,On track,0,0,20
476,Beacon 143 • CRM Pro,143,1,1,2026-09-19,,2027-03-15,Open,148200,0.15,Inbound,CRM Pro,11,11,On track,0,0,
477,Cobalt 172 • CRM Pro,172,2,6,2025-03-13,2025-09-01,2025-09-01,Won,102200,1,Outbound,CRM Pro,0,0,On track,0,0,172
478,Northstar 151 • Service Suite,151,8,7,2025-09-14,2025-09-28,2025-09-28,Lost,20900,0,Outbound,Service Suite,0,0,On track,0,0,14
479,Summit 132 • CRM Pro,132,12,7,2026-07-01,2026-09-10,2026-09-10,Lost,33400,0,Inbound,CRM Pro,0,0,On track,0,0,71
480,Summit 180 • Service Suite,180,2,7,2026-08-03,2026-09-25,2026-09-25,Lost,24200,0,Inbound,Service Suite,0,0,On track,0,0,53
481,Beacon 119 • CRM Enterprise,119,6,6,2025-09-23,2025-12-04,2025-12-04,Won,15600,1,Event,CRM Enterprise,0,0,On track,0,0,72
482,Beacon 113 • Service Suite,113,12,7,2025-12-22,2026-03-31,2026-03-31,Lost,17500,0,Outbound,Service Suite,0,0,On track,0,0,99
483,Beacon 173 • CRM Pro,173,2,7,2026-08-11,2026-09-22,2026-09-22,Lost,20700,0,Event,CRM Pro,0,0,On track,0,0,42
484,Cobalt 082 • Service Suite,82,11,7,2025-12-03,2025-12-21,2025-12-21,Lost,14200,0,Event,Service Suite,0,0,On track,0,0,18
485,Juniper 002 • CRM Pro,2,7,6,2025-08-28,2025-11-22,2025-11-22,Won,27800,1,Event,CRM Pro,0,0,On track,0,0,86
486,Cobalt 088 • CRM Pro,88,7,6,2025-11-22,2026-01-29,2026-01-29,Won,4100,1,Outbound,CRM Pro,0,0,On track,0,0,68
487,Northstar 031 • Service Suite,31,12,7,2026-01-08,2026-05-31,2026-05-31,Lost,138100,0,Event,Service Suite,0,0,On track,0,0,143
488,Cobalt 040 • Service Suite,40,11,7,2025-03-14,2025-05-14,2025-05-14,Lost,42600,0,Event,Service Suite,0,0,On track,0,0,61
489,Northstar 175 • CRM Pro,175,9,6,2025-07-05,2025-10-07,2025-10-07,Won,42000,1,Event,CRM Pro,0,0,On track,0,0,94
490,Northstar 073 • CRM Enterprise,73,2,6,2025-07-19,2025-12-06,2025-12-06,Won,116100,1,Inbound,CRM Enterprise,0,0,On track,0,0,140
491,Northstar 067 • Service Suite,67,2,7,2025-02-20,2025-03-24,2025-03-24,Lost,174500,0,Partner,Service Suite,0,0,On track,0,0,32
492,Juniper 062 • Service Suite,62,8,7,2025-10-31,2026-01-15,2026-01-15,Lost,18900,0,Partner,Service Suite,0,0,On track,0,0,76
493,Beacon 155 • CRM Enterprise,155,5,6,2025-12-12,2026-03-27,2026-03-27,Won,14900,1,Outbound,CRM Enterprise,0,0,On track,0,0,105
494,Beacon 083 • CRM Pro,83,1,6,2026-01-23,2026-05-19,2026-05-19,Won,64700,1,Event,CRM Pro,0,0,On track,0,0,116
495,Summit 168 • CRM Enterprise,168,4,7,2026-02-22,2026-03-21,2026-03-21,Lost,40600,0,Partner,CRM Enterprise,0,0,On track,0,0,27
496,Juniper 068 • CRM Enterprise,68,12,7,2025-11-26,2026-02-02,2026-02-02,Lost,20900,0,Inbound,CRM Enterprise,0,0,On track,0,0,68
497,Northstar 019 • CRM Enterprise,19,10,7,2026-03-20,2026-09-13,2026-09-13,Lost,157700,0,Event,CRM Enterprise,0,0,On track,0,0,177
498,Cobalt 082 • CRM Enterprise,82,4,7,2026-07-01,2026-07-20,2026-07-20,Lost,21900,0,Event,CRM Enterprise,0,0,On track,0,0,19
499,Cobalt 046 • CRM Enterprise,46,4,6,2025-03-13,2025-05-28,2025-05-28,Won,16300,1,Outbound,CRM Enterprise,0,0,On track,0,0,76
500,Meridian 111 • Service Suite,111,5,7,2026-04-20,2026-05-17,2026-05-17,Lost,152500,0,Inbound,Service Suite,0,0,On track,0,0,27
501,Northstar 145 • CRM Pro,145,9,6,2025-10-11,2026-03-09,2026-03-09,Won,166400,1,Inbound,CRM Pro,0,0,On track,0,0,149
502,Summit 012 • CRM Pro,12,2,7,2025-09-25,2025-11-28,2025-11-28,Lost,17000,0,Event,CRM Pro,0,0,On track,0,0,64
503,Juniper 032 • CRM Pro,32,1,6,2026-03-08,2026-05-18,2026-05-18,Won,9900,1,Outbound,CRM Pro,0,0,On track,0,0,71
504,Summit 144 • Service Suite,144,10,7,2025-03-04,2025-05-09,2025-05-09,Lost,106300,0,Partner,Service Suite,0,0,On track,0,0,66
505,Meridian 003 • CRM Enterprise,3,1,7,2025-04-14,2025-06-30,2025-06-30,Lost,54200,0,Event,CRM Enterprise,0,0,On track,0,0,77
506,Cobalt 058 • CRM Pro,58,2,7,2026-02-18,2026-04-06,2026-04-06,Lost,43700,0,Inbound,CRM Pro,0,0,On track,0,0,47
507,Northstar 055 • CRM Pro,55,12,7,2025-04-06,2025-05-03,2025-05-03,Lost,17200,0,Partner,CRM Pro,0,0,On track,0,0,27
508,Summit 084 • CRM Enterprise,84,4,7,2026-01-07,2026-05-11,2026-05-11,Lost,102500,0,Partner,CRM Enterprise,0,0,On track,0,0,124
509,Northstar 079 • CRM Enterprise,79,11,7,2026-04-13,2026-05-16,2026-05-16,Lost,50100,0,Partner,CRM Enterprise,0,0,On track,0,0,33
510,Beacon 113 • Service Suite,113,12,7,2025-07-16,2025-07-24,2025-07-24,Lost,16600,0,Outbound,Service Suite,0,0,On track,0,0,8
511,Beacon 095 • CRM Enterprise,95,10,6,2025-03-20,2025-06-02,2025-06-02,Won,11000,1,Inbound,CRM Enterprise,0,0,On track,0,0,74
512,Summit 048 • CRM Enterprise,48,2,6,2025-08-08,2025-10-28,2025-10-28,Won,40400,1,Partner,CRM Enterprise,0,0,On track,0,0,81
513,Summit 072 • Service Suite,72,7,7,2025-08-19,2025-11-15,2025-11-15,Lost,50400,0,Inbound,Service Suite,0,0,On track,0,0,88
514,Meridian 177 • CRM Pro,177,5,6,2026-02-03,2026-04-01,2026-04-01,Won,55700,1,Partner,CRM Pro,0,0,On track,0,0,57
515,Juniper 002 • CRM Pro,2,11,7,2025-02-03,2025-02-13,2025-02-13,Lost,26800,0,Event,CRM Pro,0,0,On track,0,0,10
516,Meridian 111 • CRM Enterprise,111,3,7,2026-04-02,2026-09-07,2026-09-07,Lost,106100,0,Event,CRM Enterprise,0,0,On track,0,0,158
517,Cobalt 082 • CRM Enterprise,82,12,6,2026-04-22,2026-07-15,2026-07-15,Won,14600,1,Outbound,CRM Enterprise,0,0,On track,0,0,84
518,Juniper 134 • CRM Enterprise,134,10,6,2025-12-24,2026-04-01,2026-04-01,Won,4500,1,Event,CRM Enterprise,0,0,On track,0,0,98
519,Northstar 073 • CRM Pro,73,1,7,2025-02-01,2025-07-07,2025-07-07,Lost,103700,0,Partner,CRM Pro,0,0,On track,0,0,156
520,Beacon 119 • CRM Pro,119,4,6,2025-04-13,2025-06-29,2025-06-29,Won,34500,1,Event,CRM Pro,0,0,On track,0,0,77
521,Cobalt 160 • CRM Enterprise,160,3,7,2025-08-07,2025-12-09,2025-12-09,Lost,148400,0,Event,CRM Enterprise,0,0,On track,0,0,124
522,Juniper 068 • Service Suite,68,8,2,2026-09-13,,2026-12-09,Open,14100,0.3,Inbound,Service Suite,8,17,No activity 14+ days,1,0,
523,Meridian 099 • CRM Pro,99,4,7,2025-10-10,2025-12-21,2025-12-21,Lost,15000,0,Inbound,CRM Pro,0,0,On track,0,0,72
524,Summit 114 • CRM Enterprise,114,1,6,2025-11-22,2026-01-30,2026-01-30,Won,35100,1,Outbound,CRM Enterprise,0,0,On track,0,0,69
525,Northstar 007 • CRM Pro,7,7,7,2025-09-10,2026-01-15,2026-01-15,Lost,116800,0,Partner,CRM Pro,0,0,On track,0,0,127
526,Cobalt 166 • CRM Enterprise,166,12,7,2026-04-14,2026-07-06,2026-07-06,Lost,62300,0,Outbound,CRM Enterprise,0,0,On track,0,0,83
527,Cobalt 178 • Service Suite,178,12,4,2026-05-03,,2026-07-25,Open,154800,0.7,Outbound,Service Suite,41,2,Close date overdue,1,1,
528,Meridian 093 • Service Suite,93,2,7,2025-06-08,2025-07-18,2025-07-18,Lost,13900,0,Outbound,Service Suite,0,0,On track,0,0,40
529,Cobalt 166 • CRM Pro,166,2,4,2026-08-17,,2027-01-09,Open,30800,0.7,Outbound,CRM Pro,3,35,No activity 14+ days,1,0,
530,Beacon 071 • Service Suite,71,10,7,2025-09-05,2025-10-08,2025-10-08,Lost,63900,0,Partner,Service Suite,0,0,On track,0,0,33
531,Summit 138 • CRM Enterprise,138,11,7,2025-10-07,2025-10-26,2025-10-26,Lost,37700,0,Inbound,CRM Enterprise,0,0,On track,0,0,19
532,Juniper 080 • CRM Pro,80,8,7,2025-05-13,2025-07-08,2025-07-08,Lost,35000,0,Partner,CRM Pro,0,0,On track,0,0,56
533,Northstar 121 • CRM Enterprise,121,9,7,2026-04-20,2026-07-16,2026-07-16,Lost,126700,0,Inbound,CRM Enterprise,0,0,On track,0,0,87
534,Meridian 141 • Service Suite,141,12,7,2025-09-21,2025-12-06,2025-12-06,Lost,64900,0,Inbound,Service Suite,0,0,On track,0,0,76
535,Juniper 152 • Service Suite,152,11,3,2026-06-20,,2026-09-13,Open,70600,0.5,Inbound,Service Suite,26,32,Close date overdue,1,1,
536,Beacon 023 • CRM Pro,23,8,7,2026-04-22,2026-06-18,2026-06-18,Lost,20800,0,Partner,CRM Pro,0,0,On track,0,0,57
537,Cobalt 154 • CRM Pro,154,10,7,2026-06-21,2026-08-02,2026-08-02,Lost,17300,0,Outbound,CRM Pro,0,0,On track,0,0,42
538,Meridian 051 • CRM Pro,51,9,7,2026-08-11,2026-09-11,2026-09-11,Lost,35700,0,Event,CRM Pro,0,0,On track,0,0,31
539,Cobalt 136 • CRM Enterprise,136,9,4,2026-08-06,,2027-01-01,Open,26000,0.7,Outbound,CRM Enterprise,1,43,No activity 14+ days,1,0,
540,Northstar 007 • CRM Enterprise,7,2,6,2025-12-22,2026-05-29,2026-05-29,Won,163500,1,Partner,CRM Enterprise,0,0,On track,0,0,158
541,Cobalt 022 • Service Suite,22,2,7,2025-04-04,2025-06-18,2025-06-18,Lost,20100,0,Partner,Service Suite,0,0,On track,0,0,75
542,Beacon 035 • CRM Enterprise,35,9,6,2025-10-16,2026-03-10,2026-03-10,Won,131100,1,Partner,CRM Enterprise,0,0,On track,0,0,145
543,Cobalt 160 • Service Suite,160,4,7,2025-01-30,2025-05-31,2025-05-31,Lost,91000,0,Partner,Service Suite,0,0,On track,0,0,121
544,Cobalt 076 • Service Suite,76,10,6,2025-07-15,2025-12-09,2025-12-09,Won,91500,1,Partner,Service Suite,0,0,On track,0,0,147
545,Juniper 056 • Service Suite,56,5,7,2026-07-29,2026-09-08,2026-09-08,Lost,16600,0,Outbound,Service Suite,0,0,On track,0,0,41
546,Northstar 139 • CRM Pro,139,4,1,2026-09-28,,2026-11-27,Open,13500,0.15,Event,CRM Pro,2,2,On track,0,0,
547,Cobalt 106 • CRM Pro,106,2,7,2025-10-13,2025-12-18,2025-12-18,Lost,13800,0,Event,CRM Pro,0,0,On track,0,0,66
548,Summit 108 • CRM Enterprise,108,10,5,2026-07-23,,2026-12-01,Open,23700,0.85,Outbound,CRM Enterprise,10,20,No activity 14+ days,1,0,
549,Juniper 008 • CRM Pro,8,6,6,2025-07-04,2025-10-15,2025-10-15,Won,12800,1,Event,CRM Pro,0,0,On track,0,0,103
550,Meridian 045 • CRM Pro,45,1,1,2026-09-16,,2027-01-23,Open,36500,0.15,Inbound,CRM Pro,14,9,On track,0,0,
551,Summit 132 • Service Suite,132,5,7,2026-05-21,2026-06-24,2026-06-24,Lost,36300,0,Outbound,Service Suite,0,0,On track,0,0,34
552,Summit 150 • CRM Enterprise,150,6,7,2025-04-29,2025-05-25,2025-05-25,Lost,20700,0,Partner,CRM Enterprise,0,0,On track,0,0,26
553,Beacon 131 • CRM Enterprise,131,4,7,2026-03-01,2026-06-01,2026-06-01,Lost,53600,0,Outbound,CRM Enterprise,0,0,On track,0,0,92
554,Meridian 057 • CRM Enterprise,57,9,6,2026-06-19,2026-08-19,2026-08-19,Won,33500,1,Inbound,CRM Enterprise,0,0,On track,0,0,61
555,Northstar 151 • CRM Pro,151,1,7,2025-07-06,2025-08-16,2025-08-16,Lost,13700,0,Event,CRM Pro,0,0,On track,0,0,41
556,Juniper 158 • CRM Enterprise,158,3,6,2025-05-23,2025-09-02,2025-09-02,Won,58200,1,Event,CRM Enterprise,0,0,On track,0,0,102
557,Summit 120 • CRM Enterprise,120,4,6,2025-07-04,2025-09-30,2025-09-30,Won,7500,1,Inbound,CRM Enterprise,0,0,On track,0,0,88
558,Meridian 171 • Service Suite,171,12,6,2026-05-14,2026-07-30,2026-07-30,Won,56400,1,Partner,Service Suite,0,0,On track,0,0,77
559,Summit 156 • CRM Pro,156,5,2,2026-09-19,,2027-01-15,Open,58400,0.3,Inbound,CRM Pro,3,8,On track,0,0,
560,Cobalt 118 • CRM Pro,118,4,6,2025-09-29,2025-12-11,2025-12-11,Won,16500,1,Event,CRM Pro,0,0,On track,0,0,73
561,Juniper 164 • Service Suite,164,7,6,2026-04-12,2026-07-22,2026-07-22,Won,54800,1,Event,Service Suite,0,0,On track,0,0,101
562,Beacon 095 • CRM Enterprise,95,12,7,2025-01-17,2025-04-24,2025-04-24,Lost,18000,0,Outbound,CRM Enterprise,0,0,On track,0,0,97
563,Juniper 152 • CRM Pro,152,3,6,2026-03-13,2026-08-11,2026-08-11,Won,142700,1,Inbound,CRM Pro,0,0,On track,0,0,151
564,Summit 036 • CRM Pro,36,1,6,2025-04-06,2025-06-23,2025-06-23,Won,12100,1,Partner,CRM Pro,0,0,On track,0,0,78
565,Beacon 053 • CRM Pro,53,1,7,2025-12-07,2026-02-01,2026-02-01,Lost,65200,0,Inbound,CRM Pro,0,0,On track,0,0,56
566,Summit 096 • CRM Pro,96,7,6,2025-07-23,2025-10-13,2025-10-13,Won,13400,1,Outbound,CRM Pro,0,0,On track,0,0,82
567,Juniper 038 • CRM Pro,38,2,7,2025-05-10,2025-06-21,2025-06-21,Lost,77700,0,Partner,CRM Pro,0,0,On track,0,0,42
568,Meridian 003 • CRM Enterprise,3,12,7,2025-10-07,2025-10-31,2025-10-31,Lost,20400,0,Inbound,CRM Enterprise,0,0,On track,0,0,24
569,Beacon 053 • CRM Enterprise,53,5,6,2025-02-20,2025-06-02,2025-06-02,Won,19900,1,Outbound,CRM Enterprise,0,0,On track,0,0,102
570,Northstar 055 • Service Suite,55,3,6,2026-06-10,2026-08-23,2026-08-23,Won,26200,1,Partner,Service Suite,0,0,On track,0,0,74
571,Cobalt 124 • CRM Enterprise,124,5,7,2025-04-02,2025-08-22,2025-08-22,Lost,152300,0,Event,CRM Enterprise,0,0,On track,0,0,142
572,Northstar 175 • CRM Pro,175,1,6,2025-01-08,2025-04-04,2025-04-04,Won,28700,1,Partner,CRM Pro,0,0,On track,0,0,86
573,Summit 018 • CRM Enterprise,18,11,1,2026-09-12,,2026-12-04,Open,16800,0.15,Event,CRM Enterprise,18,18,No activity 14+ days,1,0,
574,Juniper 176 • Service Suite,176,5,6,2025-09-14,2025-11-23,2025-11-23,Won,9700,1,Partner,Service Suite,0,0,On track,0,0,70
575,Summit 114 • CRM Enterprise,114,11,7,2026-07-13,2026-09-16,2026-09-16,Lost,18000,0,Partner,CRM Enterprise,0,0,On track,0,0,65
576,Northstar 019 • Service Suite,19,11,6,2025-12-27,2026-06-22,2026-06-22,Won,143100,1,Inbound,Service Suite,0,0,On track,0,0,177
577,Beacon 131 • CRM Enterprise,131,5,7,2025-03-20,2025-06-12,2025-06-12,Lost,50400,0,Event,CRM Enterprise,0,0,On track,0,0,84
578,Cobalt 058 • CRM Enterprise,58,2,6,2026-01-07,2026-07-05,2026-07-05,Won,147400,1,Event,CRM Enterprise,0,0,On track,0,0,179
579,Juniper 098 • CRM Pro,98,12,6,2025-12-31,2026-03-15,2026-03-15,Won,59400,1,Inbound,CRM Pro,0,0,On track,0,0,74
580,Juniper 092 • Service Suite,92,6,6,2025-03-02,2025-08-08,2025-08-08,Won,86600,1,Event,Service Suite,0,0,On track,0,0,159
581,Cobalt 070 • CRM Enterprise,70,2,6,2025-03-27,2025-06-01,2025-06-01,Won,53200,1,Event,CRM Enterprise,0,0,On track,0,0,66
582,Northstar 025 • CRM Enterprise,25,11,7,2026-05-18,2026-08-07,2026-08-07,Lost,13600,0,Event,CRM Enterprise,0,0,On track,0,0,81
583,Beacon 041 • CRM Pro,41,7,6,2026-01-23,2026-03-24,2026-03-24,Won,5400,1,Inbound,CRM Pro,0,0,On track,0,0,60
584,Beacon 101 • CRM Pro,101,7,7,2025-08-20,2025-09-12,2025-09-12,Lost,12500,0,Inbound,CRM Pro,0,0,On track,0,0,23
585,Beacon 059 • Service Suite,59,8,6,2025-10-10,2026-01-16,2026-01-16,Won,53200,1,Inbound,Service Suite,0,0,On track,0,0,98
586,Cobalt 088 • Service Suite,88,2,7,2026-06-01,2026-06-19,2026-06-19,Lost,14700,0,Event,Service Suite,0,0,On track,0,0,18
587,Northstar 085 • CRM Pro,85,9,7,2025-12-20,2026-02-06,2026-02-06,Lost,13400,0,Inbound,CRM Pro,0,0,On track,0,0,48
588,Juniper 134 • CRM Enterprise,134,5,7,2025-07-12,2025-09-20,2025-09-20,Lost,9600,0,Partner,CRM Enterprise,0,0,On track,0,0,70
589,Cobalt 094 • CRM Enterprise,94,12,7,2025-12-13,2026-02-20,2026-02-20,Lost,54200,0,Inbound,CRM Enterprise,0,0,On track,0,0,69
590,Juniper 098 • Service Suite,98,12,2,2026-09-21,,2026-12-23,Open,38100,0.3,Outbound,Service Suite,0,9,On track,0,0,
591,Juniper 086 • Service Suite,86,4,6,2025-11-08,2026-04-26,2026-04-26,Won,162200,1,Outbound,Service Suite,0,0,On track,0,0,169
592,Meridian 105 • Service Suite,105,7,7,2025-09-12,2025-10-30,2025-10-30,Lost,6000,0,Partner,Service Suite,0,0,On track,0,0,48
593,Beacon 005 • CRM Enterprise,5,9,7,2026-06-28,2026-08-19,2026-08-19,Lost,20500,0,Inbound,CRM Enterprise,0,0,On track,0,0,52
594,Northstar 013 • CRM Enterprise,13,2,7,2025-08-04,2025-09-17,2025-09-17,Lost,10500,0,Outbound,CRM Enterprise,0,0,On track,0,0,44
595,Juniper 140 • CRM Pro,140,6,7,2025-07-11,2025-08-05,2025-08-05,Lost,21300,0,Event,CRM Pro,0,0,On track,0,0,25
596,Meridian 165 • CRM Pro,165,8,1,2026-09-26,,2026-12-29,Open,31600,0.15,Event,CRM Pro,4,4,On track,0,0,
597,Summit 120 • CRM Enterprise,120,9,7,2025-02-26,2025-05-07,2025-05-07,Lost,8800,0,Inbound,CRM Enterprise,0,0,On track,0,0,70
598,Meridian 087 • CRM Enterprise,87,4,6,2026-03-27,2026-09-04,2026-09-04,Won,109300,1,Partner,CRM Enterprise,0,0,On track,0,0,161
599,Meridian 111 • CRM Pro,111,2,7,2025-04-14,2025-05-19,2025-05-19,Lost,115000,0,Partner,CRM Pro,0,0,On track,0,0,35
600,Summit 120 • CRM Pro,120,5,7,2026-01-10,2026-02-20,2026-02-20,Lost,10300,0,Inbound,CRM Pro,0,0,On track,0,0,41
601,Meridian 039 • CRM Pro,39,3,4,2026-07-31,,2026-11-14,Open,37100,0.7,Outbound,CRM Pro,8,20,No activity 14+ days,1,0,
602,Beacon 155 • Service Suite,155,6,6,2025-01-30,2025-03-22,2025-03-22,Won,7700,1,Event,Service Suite,0,0,On track,0,0,51
603,Meridian 063 • CRM Pro,63,4,7,2025-04-13,2025-05-24,2025-05-24,Lost,17400,0,Outbound,CRM Pro,0,0,On track,0,0,41
604,Cobalt 088 • CRM Pro,88,7,7,2025-01-18,2025-03-04,2025-03-04,Lost,14500,0,Event,CRM Pro,0,0,On track,0,0,45
605,Cobalt 142 • Service Suite,142,11,6,2025-06-16,2025-11-20,2025-11-20,Won,55400,1,Event,Service Suite,0,0,On track,0,0,157
606,Summit 114 • CRM Enterprise,114,10,6,2025-11-04,2026-01-31,2026-01-31,Won,60000,1,Partner,CRM Enterprise,0,0,On track,0,0,88
607,Juniper 098 • CRM Enterprise,98,1,7,2026-02-06,2026-03-25,2026-03-25,Lost,42300,0,Inbound,CRM Enterprise,0,0,On track,0,0,47
608,Meridian 003 • Service Suite,3,1,7,2025-12-27,2026-02-19,2026-02-19,Lost,41900,0,Event,Service Suite,0,0,On track,0,0,54
609,Northstar 037 • Service Suite,37,9,1,2026-09-27,,2026-12-24,Open,45400,0.15,Partner,Service Suite,3,3,On track,0,0,
610,Northstar 091 • CRM Enterprise,91,6,6,2026-04-01,2026-06-04,2026-06-04,Won,18600,1,Inbound,CRM Enterprise,0,0,On track,0,0,64
611,Beacon 053 • CRM Enterprise,53,7,6,2025-06-22,2025-09-20,2025-09-20,Won,48800,1,Event,CRM Enterprise,0,0,On track,0,0,90
612,Summit 042 • CRM Enterprise,42,11,6,2026-04-15,2026-09-27,2026-09-27,Won,111300,1,Partner,CRM Enterprise,0,0,On track,0,0,165
613,Northstar 073 • CRM Pro,73,7,6,2025-10-29,2026-02-25,2026-02-25,Won,154600,1,Partner,CRM Pro,0,0,On track,0,0,119
614,Northstar 175 • Service Suite,175,9,6,2026-04-18,2026-07-20,2026-07-20,Won,24300,1,Inbound,Service Suite,0,0,On track,0,0,93
615,Juniper 080 • Service Suite,80,11,7,2025-09-24,2025-11-12,2025-11-12,Lost,56400,0,Outbound,Service Suite,0,0,On track,0,0,49
616,Meridian 051 • CRM Pro,51,6,7,2026-02-15,2026-02-22,2026-02-22,Lost,55000,0,Inbound,CRM Pro,0,0,On track,0,0,7
617,Northstar 097 • Service Suite,97,11,7,2025-08-25,2025-10-08,2025-10-08,Lost,15300,0,Partner,Service Suite,0,0,On track,0,0,44
618,Summit 150 • CRM Enterprise,150,11,7,2026-06-27,2026-08-06,2026-08-06,Lost,40900,0,Partner,CRM Enterprise,0,0,On track,0,0,40
619,Cobalt 010 • CRM Pro,10,11,6,2025-02-22,2025-06-02,2025-06-02,Won,51300,1,Event,CRM Pro,0,0,On track,0,0,100
620,Summit 072 • CRM Pro,72,9,6,2025-10-20,2026-01-03,2026-01-03,Won,32900,1,Inbound,CRM Pro,0,0,On track,0,0,75
621,Summit 180 • CRM Pro,180,4,1,2026-09-06,,2026-11-25,Open,61600,0.15,Partner,CRM Pro,24,24,No activity 14+ days,1,0,
622,Cobalt 142 • Service Suite,142,4,7,2025-01-22,2025-05-10,2025-05-10,Lost,91700,0,Outbound,Service Suite,0,0,On track,0,0,108
623,Summit 060 • CRM Enterprise,60,9,7,2025-06-07,2025-08-18,2025-08-18,Lost,56500,0,Inbound,CRM Enterprise,0,0,On track,0,0,72
624,Juniper 086 • CRM Enterprise,86,7,6,2026-01-27,2026-06-27,2026-06-27,Won,164000,1,Event,CRM Enterprise,0,0,On track,0,0,151
625,Meridian 045 • CRM Pro,45,2,6,2025-07-28,2025-09-28,2025-09-28,Won,45400,1,Event,CRM Pro,0,0,On track,0,0,62
626,Juniper 002 • Service Suite,2,5,7,2026-06-18,2026-09-08,2026-09-08,Lost,58500,0,Event,Service Suite,0,0,On track,0,0,82
627,Northstar 115 • Service Suite,115,3,6,2025-09-26,2025-12-28,2025-12-28,Won,52700,1,Inbound,Service Suite,0,0,On track,0,0,93
628,Summit 144 • Service Suite,144,3,1,2026-09-29,,2027-02-11,Open,94300,0.15,Event,Service Suite,1,1,On track,0,0,
629,Summit 138 • Service Suite,138,8,7,2025-01-11,2025-03-29,2025-03-29,Lost,45100,0,Inbound,Service Suite,0,0,On track,0,0,77
630,Beacon 017 • CRM Enterprise,17,6,6,2026-03-24,2026-06-18,2026-06-18,Won,4500,1,Event,CRM Enterprise,0,0,On track,0,0,86
631,Northstar 007 • Service Suite,7,3,7,2025-04-13,2025-09-13,2025-09-13,Lost,160100,0,Partner,Service Suite,0,0,On track,0,0,153
632,Cobalt 046 • CRM Enterprise,46,11,7,2025-10-05,2025-10-22,2025-10-22,Lost,7700,0,Partner,CRM Enterprise,0,0,On track,0,0,17
633,Cobalt 172 • Service Suite,172,5,2,2026-08-16,,2026-12-09,Open,53200,0.3,Partner,Service Suite,21,13,On track,0,0,
634,Meridian 081 • CRM Enterprise,81,8,7,2026-08-04,2026-09-12,2026-09-12,Lost,26500,0,Event,CRM Enterprise,0,0,On track,0,0,39
635,Summit 024 • CRM Pro,24,12,6,2025-04-10,2025-06-28,2025-06-28,Won,17300,1,Inbound,CRM Pro,0,0,On track,0,0,79
636,Juniper 032 • Service Suite,32,5,7,2026-06-30,2026-08-29,2026-08-29,Lost,21600,0,Inbound,Service Suite,0,0,On track,0,0,60
637,Beacon 095 • CRM Pro,95,4,6,2026-04-15,2026-07-15,2026-07-15,Won,9300,1,Inbound,CRM Pro,0,0,On track,0,0,91
638,Beacon 053 • CRM Pro,53,3,6,2025-01-06,2025-02-25,2025-02-25,Won,48600,1,Partner,CRM Pro,0,0,On track,0,0,50
639,Beacon 017 • CRM Enterprise,17,7,6,2025-09-11,2025-11-20,2025-11-20,Won,9800,1,Inbound,CRM Enterprise,0,0,On track,0,0,70
640,Beacon 179 • CRM Enterprise,179,12,7,2025-02-05,2025-02-11,2025-02-11,Lost,14800,0,Outbound,CRM Enterprise,0,0,On track,0,0,6
641,Summit 090 • Service Suite,90,5,6,2025-05-22,2025-07-27,2025-07-27,Won,40200,1,Event,Service Suite,0,0,On track,0,0,66
642,Beacon 059 • Service Suite,59,8,7,2025-12-23,2026-01-22,2026-01-22,Lost,25700,0,Inbound,Service Suite,0,0,On track,0,0,30
643,Northstar 157 • CRM Pro,157,2,7,2025-04-18,2025-05-30,2025-05-30,Lost,17900,0,Partner,CRM Pro,0,0,On track,0,0,42
644,Juniper 104 • CRM Enterprise,104,2,6,2026-03-09,2026-08-12,2026-08-12,Won,136500,1,Inbound,CRM Enterprise,0,0,On track,0,0,156
645,Meridian 069 • CRM Enterprise,69,10,7,2025-02-20,2025-04-30,2025-04-30,Lost,49000,0,Outbound,CRM Enterprise,0,0,On track,0,0,69
646,Juniper 062 • CRM Enterprise,62,6,7,2026-01-03,2026-02-11,2026-02-11,Lost,8300,0,Inbound,CRM Enterprise,0,0,On track,0,0,39
647,Northstar 043 • CRM Pro,43,2,3,2026-08-09,,2026-12-06,Open,19200,0.5,Partner,CRM Pro,13,29,No activity 14+ days,1,0,
648,Meridian 045 • Service Suite,45,6,7,2025-02-07,2025-02-17,2025-02-17,Lost,26200,0,Outbound,Service Suite,0,0,On track,0,0,10
649,Northstar 145 • CRM Enterprise,145,5,7,2026-05-04,2026-09-28,2026-09-28,Lost,174200,0,Partner,CRM Enterprise,0,0,On track,0,0,147
650,Beacon 017 • CRM Enterprise,17,6,6,2026-05-18,2026-08-11,2026-08-11,Won,14300,1,Outbound,CRM Enterprise,0,0,On track,0,0,85
651,Meridian 033 • Service Suite,33,12,7,2025-09-06,2025-10-07,2025-10-07,Lost,156000,0,Event,Service Suite,0,0,On track,0,0,31
652,Summit 072 • Service Suite,72,1,7,2025-09-09,2025-10-17,2025-10-17,Lost,24300,0,Outbound,Service Suite,0,0,On track,0,0,38
653,Meridian 165 • Service Suite,165,7,7,2026-04-25,2026-05-14,2026-05-14,Lost,41400,0,Partner,Service Suite,0,0,On track,0,0,19
654,Beacon 167 • Service Suite,167,9,7,2025-10-23,2026-02-10,2026-02-10,Lost,85100,0,Event,Service Suite,0,0,On track,0,0,110
655,Cobalt 040 • CRM Pro,40,5,7,2025-07-13,2025-07-29,2025-07-29,Lost,54600,0,Partner,CRM Pro,0,0,On track,0,0,16
656,Beacon 101 • Service Suite,101,1,7,2026-03-07,2026-04-30,2026-04-30,Lost,21000,0,Partner,Service Suite,0,0,On track,0,0,54
657,Meridian 165 • CRM Pro,165,2,6,2026-03-31,2026-06-19,2026-06-19,Won,31600,1,Inbound,CRM Pro,0,0,On track,0,0,80
658,Beacon 179 • CRM Enterprise,179,3,1,2026-09-23,,2027-01-06,Open,20100,0.15,Inbound,CRM Enterprise,7,7,On track,0,0,
659,Meridian 111 • CRM Pro,111,3,6,2025-05-24,2025-10-12,2025-10-12,Won,168200,1,Partner,CRM Pro,0,0,On track,0,0,141
660,Meridian 051 • CRM Pro,51,7,1,2026-09-27,,2027-01-02,Open,51100,0.15,Partner,CRM Pro,3,3,On track,0,0,
661,Summit 162 • CRM Pro,162,5,7,2025-02-25,2025-05-06,2025-05-06,Lost,26400,0,Event,CRM Pro,0,0,On track,0,0,70
662,Northstar 007 • Service Suite,7,2,7,2025-06-15,2025-08-25,2025-08-25,Lost,94300,0,Partner,Service Suite,0,0,On track,0,0,71
663,Summit 162 • Service Suite,162,12,7,2026-03-25,2026-06-22,2026-06-22,Lost,31500,0,Outbound,Service Suite,0,0,On track,0,0,89
664,Cobalt 016 • Service Suite,16,11,6,2025-04-13,2025-09-20,2025-09-20,Won,89000,1,Inbound,Service Suite,0,0,On track,0,0,160
665,Summit 054 • Service Suite,54,6,7,2025-06-04,2025-06-30,2025-06-30,Lost,59500,0,Event,Service Suite,0,0,On track,0,0,26
666,Cobalt 082 • CRM Enterprise,82,12,3,2026-08-24,,2027-01-12,Open,17600,0.5,Partner,CRM Enterprise,8,37,No activity 14+ days,1,0,
667,Northstar 061 • Service Suite,61,12,7,2025-12-26,2026-01-01,2026-01-01,Lost,11600,0,Outbound,Service Suite,0,0,On track,0,0,6
668,Beacon 167 • CRM Pro,167,12,7,2026-02-17,2026-06-16,2026-06-16,Lost,122400,0,Event,CRM Pro,0,0,On track,0,0,119
669,Beacon 029 • CRM Pro,29,1,3,2026-08-31,,2027-01-05,Open,11500,0.5,Event,CRM Pro,6,29,No activity 14+ days,1,0,
670,Meridian 045 • CRM Enterprise,45,11,7,2025-07-19,2025-08-07,2025-08-07,Lost,25200,0,Partner,CRM Enterprise,0,0,On track,0,0,19
671,Juniper 068 • CRM Pro,68,5,6,2026-06-25,2026-09-21,2026-09-21,Won,9100,1,Partner,CRM Pro,0,0,On track,0,0,88
672,Summit 168 • Service Suite,168,9,6,2026-02-18,2026-05-14,2026-05-14,Won,34400,1,Event,Service Suite,0,0,On track,0,0,85
673,Northstar 157 • CRM Pro,157,9,7,2025-12-08,2026-01-28,2026-01-28,Lost,20100,0,Event,CRM Pro,0,0,On track,0,0,51
674,Northstar 025 • CRM Enterprise,25,2,6,2025-06-05,2025-09-09,2025-09-09,Won,16400,1,Outbound,CRM Enterprise,0,0,On track,0,0,96
675,Meridian 171 • CRM Enterprise,171,2,6,2025-01-30,2025-05-13,2025-05-13,Won,19300,1,Inbound,CRM Enterprise,0,0,On track,0,0,103
676,Beacon 167 • CRM Enterprise,167,9,5,2026-06-06,,2026-10-28,Open,37600,0.85,Outbound,CRM Enterprise,6,17,No activity 14+ days,1,0,
677,Northstar 109 • CRM Enterprise,109,6,6,2025-06-25,2025-08-30,2025-08-30,Won,7100,1,Outbound,CRM Enterprise,0,0,On track,0,0,66
678,Beacon 149 • Service Suite,149,7,6,2026-01-06,2026-03-15,2026-03-15,Won,16500,1,Event,Service Suite,0,0,On track,0,0,68
679,Juniper 032 • CRM Enterprise,32,11,7,2025-09-29,2025-10-22,2025-10-22,Lost,17700,0,Inbound,CRM Enterprise,0,0,On track,0,0,23
680,Juniper 128 • Service Suite,128,1,6,2025-01-13,2025-06-03,2025-06-03,Won,115800,1,Outbound,Service Suite,0,0,On track,0,0,141
681,Summit 018 • CRM Pro,18,10,6,2025-05-10,2025-07-28,2025-07-28,Won,20700,1,Outbound,CRM Pro,0,0,On track,0,0,79
682,Juniper 110 • CRM Pro,110,5,7,2025-05-09,2025-05-24,2025-05-24,Lost,53700,0,Outbound,CRM Pro,0,0,On track,0,0,15
683,Summit 096 • CRM Enterprise,96,10,7,2025-08-21,2025-11-01,2025-11-01,Lost,13900,0,Outbound,CRM Enterprise,0,0,On track,0,0,72
684,Summit 048 • CRM Enterprise,48,3,3,2026-08-21,,2027-01-02,Open,44000,0.5,Event,CRM Enterprise,8,33,No activity 14+ days,1,0,
685,Meridian 087 • Service Suite,87,1,7,2026-02-02,2026-03-15,2026-03-15,Lost,103500,0,Outbound,Service Suite,0,0,On track,0,0,41
686,Beacon 071 • CRM Enterprise,71,2,6,2025-10-21,2026-01-16,2026-01-16,Won,27200,1,Partner,CRM Enterprise,0,0,On track,0,0,87
687,Cobalt 058 • Service Suite,58,1,6,2025-07-18,2025-12-27,2025-12-27,Won,153800,1,Inbound,Service Suite,0,0,On track,0,0,162
688,Northstar 109 • Service Suite,109,5,6,2025-10-26,2026-01-14,2026-01-14,Won,4400,1,Outbound,Service Suite,0,0,On track,0,0,80
689,Beacon 143 • CRM Enterprise,143,8,2,2026-08-27,,2026-12-19,Open,59300,0.3,Partner,CRM Enterprise,5,34,No activity 14+ days,1,0,
690,Juniper 080 • CRM Enterprise,80,1,7,2025-01-27,2025-03-17,2025-03-17,Lost,63200,0,Partner,CRM Enterprise,0,0,On track,0,0,49
691,Northstar 103 • CRM Pro,103,12,7,2025-05-18,2025-07-10,2025-07-10,Lost,20000,0,Inbound,CRM Pro,0,0,On track,0,0,53
692,Meridian 093 • Service Suite,93,9,6,2026-03-10,2026-04-27,2026-04-27,Won,19500,1,Inbound,Service Suite,0,0,On track,0,0,48
693,Meridian 147 • CRM Pro,147,1,7,2025-10-03,2025-12-03,2025-12-03,Lost,20400,0,Outbound,CRM Pro,0,0,On track,0,0,61
694,Summit 084 • CRM Pro,84,10,7,2026-06-05,2026-07-23,2026-07-23,Lost,109100,0,Inbound,CRM Pro,0,0,On track,0,0,48
695,Juniper 104 • Service Suite,104,9,6,2025-07-01,2025-12-30,2025-12-30,Won,53400,1,Outbound,Service Suite,0,0,On track,0,0,182
696,Northstar 085 • Service Suite,85,9,7,2025-05-15,2025-05-26,2025-05-26,Lost,6300,0,Partner,Service Suite,0,0,On track,0,0,11
697,Summit 120 • CRM Pro,120,6,6,2026-01-12,2026-03-22,2026-03-22,Won,17000,1,Partner,CRM Pro,0,0,On track,0,0,69
698,Juniper 158 • CRM Enterprise,158,3,6,2025-02-08,2025-05-29,2025-05-29,Won,47800,1,Event,CRM Enterprise,0,0,On track,0,0,110
699,Northstar 019 • CRM Pro,19,8,7,2025-12-16,2026-04-07,2026-04-07,Lost,109400,0,Inbound,CRM Pro,0,0,On track,0,0,112
700,Meridian 075 • CRM Pro,75,10,6,2026-03-15,2026-05-19,2026-05-19,Won,18300,1,Inbound,CRM Pro,0,0,On track,0,0,65
701,Beacon 023 • CRM Enterprise,23,11,7,2025-07-02,2025-09-07,2025-09-07,Lost,4400,0,Partner,CRM Enterprise,0,0,On track,0,0,67
702,Cobalt 130 • Service Suite,130,2,6,2025-02-10,2025-04-28,2025-04-28,Won,35200,1,Partner,Service Suite,0,0,On track,0,0,77
703,Northstar 133 • CRM Pro,133,8,6,2025-08-23,2025-10-16,2025-10-16,Won,61800,1,Inbound,CRM Pro,0,0,On track,0,0,54
704,Northstar 079 • CRM Enterprise,79,4,7,2025-09-12,2025-09-30,2025-09-30,Lost,49300,0,Outbound,CRM Enterprise,0,0,On track,0,0,18
705,Meridian 117 • CRM Enterprise,117,9,6,2026-04-22,2026-07-23,2026-07-23,Won,31300,1,Outbound,CRM Enterprise,0,0,On track,0,0,92
706,Juniper 164 • CRM Enterprise,164,5,7,2025-10-19,2025-11-24,2025-11-24,Lost,22000,0,Event,CRM Enterprise,0,0,On track,0,0,36
707,Summit 120 • Service Suite,120,2,7,2026-01-11,2026-03-21,2026-03-21,Lost,9400,0,Partner,Service Suite,0,0,On track,0,0,69
708,Beacon 131 • Service Suite,131,2,6,2025-07-20,2025-10-14,2025-10-14,Won,19300,1,Event,Service Suite,0,0,On track,0,0,86
709,Juniper 092 • Service Suite,92,6,7,2025-03-09,2025-04-29,2025-04-29,Lost,144200,0,Outbound,Service Suite,0,0,On track,0,0,51
710,Northstar 019 • CRM Pro,19,1,6,2026-01-16,2026-06-25,2026-06-25,Won,51100,1,Outbound,CRM Pro,0,0,On track,0,0,160
711,Summit 132 • Service Suite,132,11,6,2025-06-01,2025-09-06,2025-09-06,Won,14100,1,Event,Service Suite,0,0,On track,0,0,97
712,Summit 054 • Service Suite,54,2,7,2025-02-25,2025-04-02,2025-04-02,Lost,32600,0,Inbound,Service Suite,0,0,On track,0,0,36
713,Juniper 038 • CRM Enterprise,38,2,6,2025-01-05,2025-06-06,2025-06-06,Won,156600,1,Event,CRM Enterprise,0,0,On track,0,0,152
714,Meridian 045 • CRM Enterprise,45,11,7,2025-06-25,2025-08-28,2025-08-28,Lost,15700,0,Outbound,CRM Enterprise,0,0,On track,0,0,64
715,Juniper 026 • CRM Pro,26,1,7,2025-11-24,2026-01-25,2026-01-25,Lost,42400,0,Partner,CRM Pro,0,0,On track,0,0,62
716,Cobalt 136 • Service Suite,136,6,6,2026-03-31,2026-06-24,2026-06-24,Won,16400,1,Partner,Service Suite,0,0,On track,0,0,85
717,Meridian 105 • CRM Pro,105,3,6,2026-02-21,2026-05-25,2026-05-25,Won,18100,1,Outbound,CRM Pro,0,0,On track,0,0,93
718,Beacon 161 • CRM Enterprise,161,2,6,2026-02-20,2026-06-09,2026-06-09,Won,5300,1,Event,CRM Enterprise,0,0,On track,0,0,109
719,Cobalt 112 • Service Suite,112,1,7,2025-06-22,2025-09-20,2025-09-20,Lost,20000,0,Inbound,Service Suite,0,0,On track,0,0,90
720,Summit 108 • CRM Enterprise,108,10,6,2025-07-24,2025-10-28,2025-10-28,Won,50300,1,Inbound,CRM Enterprise,0,0,On track,0,0,96
721,Summit 156 • Service Suite,156,11,7,2025-08-10,2025-09-30,2025-09-30,Lost,35500,0,Outbound,Service Suite,0,0,On track,0,0,51
722,Cobalt 046 • CRM Enterprise,46,12,7,2025-09-08,2025-10-27,2025-10-27,Lost,19300,0,Inbound,CRM Enterprise,0,0,On track,0,0,49
723,Beacon 065 • CRM Enterprise,65,8,7,2026-01-07,2026-02-08,2026-02-08,Lost,11200,0,Inbound,CRM Enterprise,0,0,On track,0,0,32
724,Summit 012 • CRM Pro,12,4,7,2025-06-26,2025-08-16,2025-08-16,Lost,38100,0,Outbound,CRM Pro,0,0,On track,0,0,51
725,Summit 072 • CRM Enterprise,72,9,6,2025-03-20,2025-06-05,2025-06-05,Won,37800,1,Partner,CRM Enterprise,0,0,On track,0,0,77
726,Meridian 111 • CRM Enterprise,111,10,6,2025-03-09,2025-08-19,2025-08-19,Won,138300,1,Inbound,CRM Enterprise,0,0,On track,0,0,163
727,Summit 132 • Service Suite,132,5,7,2025-03-13,2025-04-20,2025-04-20,Lost,37600,0,Inbound,Service Suite,0,0,On track,0,0,38
728,Meridian 153 • CRM Pro,153,1,6,2025-10-02,2026-01-19,2026-01-19,Won,40000,1,Inbound,CRM Pro,0,0,On track,0,0,109
729,Meridian 081 • Service Suite,81,9,6,2025-04-06,2025-07-06,2025-07-06,Won,47300,1,Event,Service Suite,0,0,On track,0,0,91
730,Meridian 123 • CRM Enterprise,123,10,7,2025-05-16,2025-08-20,2025-08-20,Lost,31100,0,Partner,CRM Enterprise,0,0,On track,0,0,96
731,Summit 024 • CRM Enterprise,24,7,7,2026-09-07,2026-09-14,2026-09-14,Lost,17800,0,Event,CRM Enterprise,0,0,On track,0,0,7
732,Northstar 019 • Service Suite,19,4,6,2025-02-05,2025-06-24,2025-06-24,Won,60000,1,Partner,Service Suite,0,0,On track,0,0,139
733,Juniper 152 • Service Suite,152,3,7,2025-12-16,2026-02-08,2026-02-08,Lost,34800,0,Event,Service Suite,0,0,On track,0,0,54
734,Juniper 086 • CRM Enterprise,86,5,7,2025-04-03,2025-07-16,2025-07-16,Lost,104200,0,Inbound,CRM Enterprise,0,0,On track,0,0,104
735,Meridian 129 • CRM Pro,129,10,6,2026-06-04,2026-08-18,2026-08-18,Won,31900,1,Inbound,CRM Pro,0,0,On track,0,0,75
736,Cobalt 154 • Service Suite,154,3,6,2025-11-29,2026-01-24,2026-01-24,Won,53700,1,Event,Service Suite,0,0,On track,0,0,56
737,Cobalt 118 • CRM Pro,118,7,6,2025-11-11,2026-02-13,2026-02-13,Won,21300,1,Event,CRM Pro,0,0,On track,0,0,94
738,Beacon 005 • CRM Enterprise,5,10,6,2025-04-03,2025-05-26,2025-05-26,Won,6900,1,Partner,CRM Enterprise,0,0,On track,0,0,53
739,Summit 006 • CRM Enterprise,6,10,6,2025-11-15,2026-01-26,2026-01-26,Won,11200,1,Inbound,CRM Enterprise,0,0,On track,0,0,72
740,Northstar 121 • CRM Pro,121,10,7,2025-11-25,2026-04-06,2026-04-06,Lost,48200,0,Event,CRM Pro,0,0,On track,0,0,132
741,Summit 108 • Service Suite,108,6,6,2026-01-17,2026-04-17,2026-04-17,Won,15500,1,Inbound,Service Suite,0,0,On track,0,0,90
742,Cobalt 028 • CRM Pro,28,10,7,2026-05-24,2026-08-02,2026-08-02,Lost,24800,0,Outbound,CRM Pro,0,0,On track,0,0,70
743,Beacon 041 • CRM Enterprise,41,6,6,2025-02-22,2025-05-17,2025-05-17,Won,10200,1,Partner,CRM Enterprise,0,0,On track,0,0,84
744,Meridian 039 • CRM Enterprise,39,11,6,2026-07-29,2026-09-21,2026-09-21,Won,29300,1,Partner,CRM Enterprise,0,0,On track,0,0,54
745,Summit 048 • Service Suite,48,7,4,2026-07-31,,2026-11-27,Open,36000,0.7,Event,Service Suite,11,26,No activity 14+ days,1,0,
746,Beacon 059 • CRM Enterprise,59,5,7,2025-09-11,2025-10-17,2025-10-17,Lost,44300,0,Inbound,CRM Enterprise,0,0,On track,0,0,36
747,Summit 006 • CRM Pro,6,4,6,2025-02-21,2025-05-25,2025-05-25,Won,7100,1,Outbound,CRM Pro,0,0,On track,0,0,93
748,Juniper 158 • Service Suite,158,10,7,2025-07-10,2025-07-22,2025-07-22,Lost,17900,0,Outbound,Service Suite,0,0,On track,0,0,12
749,Summit 006 • CRM Enterprise,6,3,7,2025-02-17,2025-05-02,2025-05-02,Lost,17300,0,Outbound,CRM Enterprise,0,0,On track,0,0,74
750,Beacon 131 • CRM Enterprise,131,8,6,2025-05-06,2025-07-21,2025-07-21,Won,19700,1,Inbound,CRM Enterprise,0,0,On track,0,0,76
751,Cobalt 106 • CRM Pro,106,8,7,2025-02-20,2025-05-18,2025-05-18,Lost,8900,0,Inbound,CRM Pro,0,0,On track,0,0,87
752,Northstar 175 • CRM Pro,175,2,6,2026-06-24,2026-09-21,2026-09-21,Won,28700,1,Inbound,CRM Pro,0,0,On track,0,0,89
753,Juniper 134 • CRM Enterprise,134,10,7,2025-08-15,2025-10-08,2025-10-08,Lost,6100,0,Partner,CRM Enterprise,0,0,On track,0,0,54
754,Cobalt 118 • Service Suite,118,12,7,2025-08-24,2025-10-29,2025-10-29,Lost,7300,0,Event,Service Suite,0,0,On track,0,0,66
755,Juniper 140 • Service Suite,140,3,6,2025-07-09,2025-09-26,2025-09-26,Won,29400,1,Event,Service Suite,0,0,On track,0,0,79
756,Meridian 105 • CRM Pro,105,12,2,2026-09-19,,2027-02-09,Open,10100,0.3,Partner,CRM Pro,1,11,On track,0,0,
757,Juniper 158 • CRM Enterprise,158,8,6,2025-07-29,2025-10-15,2025-10-15,Won,40600,1,Event,CRM Enterprise,0,0,On track,0,0,78
758,Beacon 029 • CRM Enterprise,29,7,6,2025-02-06,2025-04-28,2025-04-28,Won,5400,1,Inbound,CRM Enterprise,0,0,On track,0,0,81
759,Summit 012 • CRM Pro,12,1,6,2025-11-23,2026-03-05,2026-03-05,Won,53500,1,Event,CRM Pro,0,0,On track,0,0,102
760,Beacon 119 • Service Suite,119,5,6,2025-02-09,2025-04-21,2025-04-21,Won,23900,1,Partner,Service Suite,0,0,On track,0,0,71
761,Juniper 176 • Service Suite,176,11,7,2025-03-25,2025-05-18,2025-05-18,Lost,6400,0,Inbound,Service Suite,0,0,On track,0,0,54
762,Beacon 161 • CRM Enterprise,161,4,7,2026-06-15,2026-08-18,2026-08-18,Lost,19200,0,Outbound,CRM Enterprise,0,0,On track,0,0,64
763,Cobalt 094 • Service Suite,94,11,7,2026-02-26,2026-03-24,2026-03-24,Lost,26100,0,Event,Service Suite,0,0,On track,0,0,26
764,Summit 108 • Service Suite,108,4,7,2026-01-28,2026-04-28,2026-04-28,Lost,34500,0,Partner,Service Suite,0,0,On track,0,0,90
765,Cobalt 058 • Service Suite,58,2,6,2026-03-18,2026-08-29,2026-08-29,Won,125500,1,Partner,Service Suite,0,0,On track,0,0,164
766,Beacon 143 • CRM Pro,143,2,6,2025-10-03,2026-03-19,2026-03-19,Won,61400,1,Partner,CRM Pro,0,0,On track,0,0,167
767,Cobalt 082 • CRM Enterprise,82,11,7,2025-03-04,2025-04-11,2025-04-11,Lost,21900,0,Partner,CRM Enterprise,0,0,On track,0,0,38
768,Juniper 020 • Service Suite,20,6,6,2025-06-10,2025-11-28,2025-11-28,Won,158100,1,Inbound,Service Suite,0,0,On track,0,0,171
769,Summit 120 • CRM Enterprise,120,10,6,2026-06-04,2026-08-25,2026-08-25,Won,4100,1,Event,CRM Enterprise,0,0,On track,0,0,82
770,Meridian 051 • CRM Enterprise,51,5,7,2025-07-25,2025-08-02,2025-08-02,Lost,20900,0,Outbound,CRM Enterprise,0,0,On track,0,0,8
771,Cobalt 172 • CRM Pro,172,10,3,2026-07-12,,2026-11-28,Open,125200,0.5,Outbound,CRM Pro,30,0,Stage age 30+ days,1,0,
772,Cobalt 028 • Service Suite,28,11,3,2026-09-02,,2027-03-01,Open,36900,0.5,Inbound,Service Suite,2,28,No activity 14+ days,1,0,
773,Juniper 080 • Service Suite,80,8,7,2025-07-31,2025-09-30,2025-09-30,Lost,28300,0,Partner,Service Suite,0,0,On track,0,0,61
774,Beacon 083 • CRM Enterprise,83,4,6,2025-08-05,2025-10-28,2025-10-28,Won,62200,1,Partner,CRM Enterprise,0,0,On track,0,0,84
775,Cobalt 046 • CRM Pro,46,2,6,2025-09-28,2025-11-30,2025-11-30,Won,14300,1,Event,CRM Pro,0,0,On track,0,0,63
776,Meridian 135 • Service Suite,135,7,6,2025-04-11,2025-06-21,2025-06-21,Won,16500,1,Partner,Service Suite,0,0,On track,0,0,71
777,Northstar 145 • Service Suite,145,3,2,2026-07-29,,2026-12-03,Open,148000,0.3,Outbound,Service Suite,21,32,No activity 14+ days,1,0,
778,Northstar 061 • CRM Enterprise,61,9,7,2025-02-24,2025-05-13,2025-05-13,Lost,6100,0,Event,CRM Enterprise,0,0,On track,0,0,78
779,Meridian 159 • CRM Pro,159,11,7,2025-04-15,2025-05-20,2025-05-20,Lost,7300,0,Partner,CRM Pro,0,0,On track,0,0,35
780,Beacon 167 • Service Suite,167,12,7,2026-02-28,2026-05-14,2026-05-14,Lost,142200,0,Event,Service Suite,0,0,On track,0,0,75
781,Meridian 135 • Service Suite,135,7,6,2025-12-05,2026-03-01,2026-03-01,Won,17900,1,Inbound,Service Suite,0,0,On track,0,0,86
782,Northstar 145 • CRM Enterprise,145,7,6,2026-02-03,2026-07-12,2026-07-12,Won,85600,1,Outbound,CRM Enterprise,0,0,On track,0,0,159
783,Northstar 103 • CRM Pro,103,8,6,2025-08-06,2025-10-25,2025-10-25,Won,34000,1,Outbound,CRM Pro,0,0,On track,0,0,80
784,Meridian 147 • Service Suite,147,10,7,2025-07-15,2025-09-08,2025-09-08,Lost,19100,0,Event,Service Suite,0,0,On track,0,0,55
785,Summit 072 • CRM Pro,72,3,6,2026-03-05,2026-05-25,2026-05-25,Won,53000,1,Partner,CRM Pro,0,0,On track,0,0,81
786,Summit 024 • Service Suite,24,3,7,2025-10-19,2025-11-18,2025-11-18,Lost,8300,0,Partner,Service Suite,0,0,On track,0,0,30
787,Meridian 111 • Service Suite,111,9,6,2025-11-24,2026-04-17,2026-04-17,Won,150500,1,Event,Service Suite,0,0,On track,0,0,144
788,Juniper 176 • CRM Enterprise,176,1,7,2026-07-23,2026-09-01,2026-09-01,Lost,20400,0,Partner,CRM Enterprise,0,0,On track,0,0,40
789,Summit 138 • CRM Pro,138,11,6,2025-02-13,2025-05-07,2025-05-07,Won,40300,1,Inbound,CRM Pro,0,0,On track,0,0,83
790,Beacon 125 • Service Suite,125,5,7,2026-07-02,2026-09-08,2026-09-08,Lost,20300,0,Partner,Service Suite,0,0,On track,0,0,68
791,Meridian 123 • Service Suite,123,1,6,2025-08-20,2025-10-08,2025-10-08,Won,29300,1,Event,Service Suite,0,0,On track,0,0,49
792,Meridian 105 • CRM Enterprise,105,9,7,2026-02-13,2026-04-06,2026-04-06,Lost,6600,0,Inbound,CRM Enterprise,0,0,On track,0,0,52
793,Cobalt 028 • CRM Enterprise,28,11,7,2025-11-01,2026-01-12,2026-01-12,Lost,52000,0,Inbound,CRM Enterprise,0,0,On track,0,0,72
794,Beacon 089 • Service Suite,89,2,6,2026-01-19,2026-04-26,2026-04-26,Won,45100,1,Event,Service Suite,0,0,On track,0,0,97
795,Beacon 077 • CRM Enterprise,77,1,6,2025-04-19,2025-09-23,2025-09-23,Won,118200,1,Inbound,CRM Enterprise,0,0,On track,0,0,157
796,Summit 174 • Service Suite,174,6,6,2025-03-22,2025-06-08,2025-06-08,Won,13000,1,Partner,Service Suite,0,0,On track,0,0,78
797,Juniper 104 • Service Suite,104,7,5,2026-04-18,,2026-09-22,Open,54200,0.85,Inbound,Service Suite,27,12,Close date overdue,1,1,
798,Summit 048 • Service Suite,48,7,7,2025-06-20,2025-07-11,2025-07-11,Lost,37200,0,Inbound,Service Suite,0,0,On track,0,0,21
799,Juniper 176 • Service Suite,176,4,6,2026-01-13,2026-03-28,2026-03-28,Won,16300,1,Event,Service Suite,0,0,On track,0,0,74
800,Meridian 147 • CRM Pro,147,2,7,2025-05-09,2025-07-16,2025-07-16,Lost,27700,0,Inbound,CRM Pro,0,0,On track,0,0,68
801,Beacon 041 • Service Suite,41,3,7,2026-02-09,2026-04-08,2026-04-08,Lost,10800,0,Outbound,Service Suite,0,0,On track,0,0,58
802,Beacon 035 • Service Suite,35,11,6,2025-12-25,2026-05-31,2026-05-31,Won,48900,1,Event,Service Suite,0,0,On track,0,0,157
803,Meridian 015 • Service Suite,15,5,7,2025-10-16,2025-12-08,2025-12-08,Lost,9000,0,Event,Service Suite,0,0,On track,0,0,53
804,Summit 090 • CRM Pro,90,9,5,2026-07-27,,2026-12-29,Open,22800,0.85,Partner,CRM Pro,5,30,No activity 14+ days,1,0,
805,Cobalt 142 • CRM Pro,142,6,6,2025-07-07,2025-12-09,2025-12-09,Won,40900,1,Event,CRM Pro,0,0,On track,0,0,155
806,Beacon 107 • CRM Pro,107,12,1,2026-09-29,,2026-12-28,Open,11400,0.15,Partner,CRM Pro,1,1,On track,0,0,
807,Beacon 173 • CRM Pro,173,5,7,2025-06-12,2025-07-22,2025-07-22,Lost,58500,0,Event,CRM Pro,0,0,On track,0,0,40
808,Beacon 083 • CRM Enterprise,83,2,2,2026-09-07,,2027-02-01,Open,32000,0.3,Event,CRM Enterprise,14,18,No activity 14+ days,1,0,
809,Juniper 176 • CRM Pro,176,2,6,2025-01-30,2025-04-29,2025-04-29,Won,16300,1,Outbound,CRM Pro,0,0,On track,0,0,89
810,Northstar 121 • CRM Pro,121,6,7,2025-09-01,2026-01-09,2026-01-09,Lost,36800,0,Inbound,CRM Pro,0,0,On track,0,0,130
811,Northstar 007 • Service Suite,7,2,6,2025-07-20,2026-01-04,2026-01-04,Won,99000,1,Outbound,Service Suite,0,0,On track,0,0,168
812,Meridian 075 • CRM Pro,75,5,6,2025-09-16,2025-12-16,2025-12-16,Won,10800,1,Inbound,CRM Pro,0,0,On track,0,0,91
813,Summit 030 • Service Suite,30,7,1,2026-09-22,,2026-12-15,Open,30400,0.15,Partner,Service Suite,8,8,On track,0,0,
814,Northstar 163 • CRM Pro,163,7,4,2026-07-04,,2026-12-10,Open,17400,0.7,Inbound,CRM Pro,16,32,No activity 14+ days,1,0,
815,Cobalt 010 • CRM Enterprise,10,5,7,2025-09-04,2025-10-18,2025-10-18,Lost,22600,0,Outbound,CRM Enterprise,0,0,On track,0,0,44
816,Cobalt 118 • CRM Enterprise,118,8,7,2025-11-16,2026-01-05,2026-01-05,Lost,10200,0,Inbound,CRM Enterprise,0,0,On track,0,0,50
817,Beacon 155 • Service Suite,155,5,7,2026-02-01,2026-02-14,2026-02-14,Lost,8400,0,Outbound,Service Suite,0,0,On track,0,0,13
818,Cobalt 004 • Service Suite,4,5,6,2025-04-16,2025-06-04,2025-06-04,Won,6100,1,Outbound,Service Suite,0,0,On track,0,0,49
819,Northstar 013 • CRM Pro,13,6,7,2025-10-05,2025-11-23,2025-11-23,Lost,21800,0,Inbound,CRM Pro,0,0,On track,0,0,49
820,Beacon 143 • Service Suite,143,10,2,2026-08-17,,2026-12-23,Open,53400,0.3,Outbound,Service Suite,16,33,No activity 14+ days,1,0,
821,Northstar 073 • CRM Enterprise,73,3,1,2026-09-25,,2026-12-22,Open,94000,0.15,Inbound,CRM Enterprise,5,4,On track,0,0,
822,Cobalt 004 • Service Suite,4,9,6,2025-12-05,2026-02-11,2026-02-11,Won,21100,1,Outbound,Service Suite,0,0,On track,0,0,68
823,Cobalt 172 • CRM Pro,172,4,2,2026-08-08,,2026-11-15,Open,80100,0.3,Event,CRM Pro,13,17,No activity 14+ days,1,0,
824,Meridian 123 • CRM Enterprise,123,4,7,2026-06-03,2026-08-22,2026-08-22,Lost,22300,0,Event,CRM Enterprise,0,0,On track,0,0,80
825,Beacon 065 • CRM Pro,65,8,3,2026-09-01,,2026-12-21,Open,17200,0.5,Inbound,CRM Pro,11,20,No activity 14+ days,1,0,
826,Northstar 001 • CRM Enterprise,1,12,7,2026-04-13,2026-06-09,2026-06-09,Lost,140700,0,Outbound,CRM Enterprise,0,0,On track,0,0,57
827,Beacon 059 • Service Suite,59,3,7,2025-08-26,2025-09-22,2025-09-22,Lost,61300,0,Outbound,Service Suite,0,0,On track,0,0,27
828,Beacon 089 • CRM Pro,89,12,2,2026-09-16,,2026-12-24,Open,63300,0.3,Inbound,CRM Pro,1,14,No activity 14+ days,1,0,
829,Beacon 155 • Service Suite,155,4,7,2025-12-20,2026-01-09,2026-01-09,Lost,16000,0,Outbound,Service Suite,0,0,On track,0,0,20
830,Cobalt 094 • CRM Pro,94,6,6,2025-06-03,2025-08-12,2025-08-12,Won,14700,1,Outbound,CRM Pro,0,0,On track,0,0,70
831,Summit 012 • CRM Pro,12,2,7,2025-07-13,2025-08-16,2025-08-16,Lost,35500,0,Event,CRM Pro,0,0,On track,0,0,34
832,Summit 120 • CRM Enterprise,120,9,6,2026-01-17,2026-05-04,2026-05-04,Won,21300,1,Event,CRM Enterprise,0,0,On track,0,0,107
833,Meridian 093 • Service Suite,93,11,7,2026-04-24,2026-06-19,2026-06-19,Lost,12500,0,Inbound,Service Suite,0,0,On track,0,0,56
834,Meridian 021 • Service Suite,21,3,6,2025-05-11,2025-08-02,2025-08-02,Won,64900,1,Event,Service Suite,0,0,On track,0,0,83
835,Meridian 141 • CRM Enterprise,141,11,6,2025-05-02,2025-07-17,2025-07-17,Won,24500,1,Partner,CRM Enterprise,0,0,On track,0,0,76
836,Meridian 177 • Service Suite,177,6,6,2025-04-26,2025-07-27,2025-07-27,Won,19500,1,Event,Service Suite,0,0,On track,0,0,92
837,Beacon 107 • Service Suite,107,2,7,2025-08-26,2025-09-13,2025-09-13,Lost,17400,0,Partner,Service Suite,0,0,On track,0,0,18
838,Summit 054 • Service Suite,54,2,6,2025-06-18,2025-10-08,2025-10-08,Won,56900,1,Event,Service Suite,0,0,On track,0,0,112
839,Beacon 143 • CRM Pro,143,7,7,2026-04-23,2026-09-19,2026-09-19,Lost,155200,0,Partner,CRM Pro,0,0,On track,0,0,149
840,Beacon 023 • CRM Pro,23,9,1,2026-09-28,,2027-01-04,Open,21400,0.15,Partner,CRM Pro,2,2,On track,0,0,
841,Beacon 101 • CRM Enterprise,101,6,6,2026-01-28,2026-04-17,2026-04-17,Won,5500,1,Partner,CRM Enterprise,0,0,On track,0,0,79
842,Juniper 026 • Service Suite,26,2,2,2026-08-20,,2027-02-16,Open,46500,0.3,Inbound,Service Suite,16,33,No activity 14+ days,1,0,
843,Summit 114 • CRM Enterprise,114,8,6,2026-05-23,2026-07-24,2026-07-24,Won,24400,1,Partner,CRM Enterprise,0,0,On track,0,0,62
844,Northstar 157 • CRM Pro,157,7,6,2025-04-06,2025-06-19,2025-06-19,Won,12800,1,Outbound,CRM Pro,0,0,On track,0,0,74
845,Summit 090 • CRM Pro,90,12,7,2025-09-16,2025-11-10,2025-11-10,Lost,22300,0,Partner,CRM Pro,0,0,On track,0,0,55
846,Meridian 099 • CRM Pro,99,12,7,2025-08-07,2025-10-06,2025-10-06,Lost,34700,0,Partner,CRM Pro,0,0,On track,0,0,60
847,Meridian 039 • Service Suite,39,2,6,2026-04-11,2026-06-30,2026-06-30,Won,20700,1,Partner,Service Suite,0,0,On track,0,0,80
848,Meridian 165 • CRM Enterprise,165,5,7,2025-09-25,2025-10-21,2025-10-21,Lost,58400,0,Event,CRM Enterprise,0,0,On track,0,0,26
849,Summit 138 • CRM Pro,138,9,7,2025-01-27,2025-02-14,2025-02-14,Lost,22400,0,Partner,CRM Pro,0,0,On track,0,0,18
850,Summit 126 • CRM Enterprise,126,10,2,2026-08-19,,2026-11-05,Open,47100,0.3,Outbound,CRM Enterprise,11,13,On track,0,0,
851,Summit 180 • CRM Enterprise,180,11,6,2026-01-09,2026-03-05,2026-03-05,Won,52600,1,Event,CRM Enterprise,0,0,On track,0,0,55
852,Meridian 093 • CRM Pro,93,11,6,2026-03-20,2026-06-05,2026-06-05,Won,11200,1,Event,CRM Pro,0,0,On track,0,0,77
853,Cobalt 100 • Service Suite,100,9,6,2026-07-23,2026-09-18,2026-09-18,Won,14500,1,Event,Service Suite,0,0,On track,0,0,57
854,Summit 096 • CRM Enterprise,96,1,3,2026-09-05,,2026-11-23,Open,4800,0.5,Outbound,CRM Enterprise,4,20,No activity 14+ days,1,0,
855,Juniper 038 • Service Suite,38,1,7,2025-10-14,2025-12-15,2025-12-15,Lost,39300,0,Partner,Service Suite,0,0,On track,0,0,62
856,Northstar 037 • CRM Pro,37,4,7,2026-04-05,2026-06-03,2026-06-03,Lost,29700,0,Event,CRM Pro,0,0,On track,0,0,59
857,Summit 078 • Service Suite,78,11,6,2025-08-25,2025-11-04,2025-11-04,Won,20100,1,Inbound,Service Suite,0,0,On track,0,0,71
858,Northstar 049 • Service Suite,49,2,7,2026-07-12,2026-07-22,2026-07-22,Lost,21600,0,Inbound,Service Suite,0,0,On track,0,0,10
859,Meridian 153 • Service Suite,153,7,7,2025-11-25,2026-01-26,2026-01-26,Lost,52100,0,Event,Service Suite,0,0,On track,0,0,62
860,Summit 072 • CRM Pro,72,9,7,2026-04-29,2026-07-07,2026-07-07,Lost,26800,0,Event,CRM Pro,0,0,On track,0,0,69
861,Juniper 092 • CRM Pro,92,2,7,2026-06-11,2026-09-14,2026-09-14,Lost,60400,0,Partner,CRM Pro,0,0,On track,0,0,95
862,Summit 180 • CRM Pro,180,7,6,2026-02-18,2026-05-14,2026-05-14,Won,41300,1,Partner,CRM Pro,0,0,On track,0,0,85
863,Beacon 107 • Service Suite,107,4,7,2026-05-07,2026-08-02,2026-08-02,Lost,12200,0,Outbound,Service Suite,0,0,On track,0,0,87
864,Beacon 047 • CRM Pro,47,6,6,2025-08-04,2025-10-28,2025-10-28,Won,17000,1,Event,CRM Pro,0,0,On track,0,0,85
865,Summit 048 • CRM Enterprise,48,3,6,2025-11-24,2026-02-24,2026-02-24,Won,30400,1,Event,CRM Enterprise,0,0,On track,0,0,92
866,Northstar 085 • Service Suite,85,5,7,2026-03-31,2026-05-17,2026-05-17,Lost,12700,0,Event,Service Suite,0,0,On track,0,0,47
867,Cobalt 160 • CRM Enterprise,160,4,7,2026-06-07,2026-08-08,2026-08-08,Lost,151200,0,Partner,CRM Enterprise,0,0,On track,0,0,62
868,Northstar 019 • Service Suite,19,8,6,2026-03-06,2026-08-14,2026-08-14,Won,143400,1,Event,Service Suite,0,0,On track,0,0,161
869,Northstar 127 • CRM Enterprise,127,7,7,2025-04-26,2025-06-20,2025-06-20,Lost,34100,0,Outbound,CRM Enterprise,0,0,On track,0,0,55
870,Meridian 033 • CRM Enterprise,33,4,6,2025-02-23,2025-07-26,2025-07-26,Won,52400,1,Inbound,CRM Enterprise,0,0,On track,0,0,153
871,Cobalt 016 • CRM Pro,16,8,1,2026-09-22,,2027-02-22,Open,175600,0.15,Event,CRM Pro,8,8,On track,0,0,
872,Cobalt 004 • CRM Enterprise,4,7,6,2025-11-30,2026-02-04,2026-02-04,Won,15700,1,Event,CRM Enterprise,0,0,On track,0,0,66
873,Beacon 011 • CRM Enterprise,11,9,6,2026-01-09,2026-05-15,2026-05-15,Won,79700,1,Event,CRM Enterprise,0,0,On track,0,0,126
874,Cobalt 148 • CRM Enterprise,148,8,6,2025-03-02,2025-06-06,2025-06-06,Won,31200,1,Partner,CRM Enterprise,0,0,On track,0,0,96
875,Cobalt 148 • Service Suite,148,4,7,2026-05-17,2026-06-12,2026-06-12,Lost,21900,0,Event,Service Suite,0,0,On track,0,0,26
876,Northstar 157 • CRM Pro,157,7,6,2026-05-01,2026-06-21,2026-06-21,Won,11200,1,Inbound,CRM Pro,0,0,On track,0,0,51
877,Cobalt 100 • Service Suite,100,8,7,2025-01-05,2025-02-26,2025-02-26,Lost,58400,0,Outbound,Service Suite,0,0,On track,0,0,52
878,Beacon 095 • CRM Enterprise,95,11,6,2025-02-07,2025-04-23,2025-04-23,Won,12900,1,Event,CRM Enterprise,0,0,On track,0,0,75
879,Summit 156 • CRM Pro,156,7,5,2026-07-21,,2027-01-04,Open,32400,0.85,Outbound,CRM Pro,9,21,No activity 14+ days,1,0,
880,Juniper 086 • Service Suite,86,3,7,2025-01-19,2025-04-04,2025-04-04,Lost,138000,0,Outbound,Service Suite,0,0,On track,0,0,75
881,Northstar 013 • CRM Enterprise,13,7,7,2025-10-27,2025-12-12,2025-12-12,Lost,11500,0,Partner,CRM Enterprise,0,0,On track,0,0,46
882,Cobalt 040 • CRM Enterprise,40,3,6,2026-02-12,2026-04-10,2026-04-10,Won,38800,1,Outbound,CRM Enterprise,0,0,On track,0,0,57
883,Beacon 173 • CRM Enterprise,173,5,6,2026-05-03,2026-07-21,2026-07-21,Won,64100,1,Event,CRM Enterprise,0,0,On track,0,0,79
884,Northstar 157 • CRM Pro,157,7,7,2025-12-17,2026-01-09,2026-01-09,Lost,6200,0,Partner,CRM Pro,0,0,On track,0,0,23
885,Beacon 041 • CRM Enterprise,41,4,6,2025-07-01,2025-09-07,2025-09-07,Won,11000,1,Event,CRM Enterprise,0,0,On track,0,0,68
886,Juniper 128 • CRM Enterprise,128,1,7,2025-05-13,2025-09-17,2025-09-17,Lost,53800,0,Partner,CRM Enterprise,0,0,On track,0,0,127
887,Meridian 027 • Service Suite,27,2,6,2025-07-16,2025-10-17,2025-10-17,Won,22000,1,Inbound,Service Suite,0,0,On track,0,0,93
888,Cobalt 112 • CRM Enterprise,112,11,6,2026-03-25,2026-06-21,2026-06-21,Won,20000,1,Event,CRM Enterprise,0,0,On track,0,0,88
889,Cobalt 118 • CRM Pro,118,4,7,2025-03-30,2025-04-29,2025-04-29,Lost,12000,0,Outbound,CRM Pro,0,0,On track,0,0,30
890,Juniper 074 • CRM Enterprise,74,4,7,2026-04-13,2026-05-27,2026-05-27,Lost,30900,0,Inbound,CRM Enterprise,0,0,On track,0,0,44
891,Summit 012 • Service Suite,12,2,6,2025-10-25,2026-01-13,2026-01-13,Won,25400,1,Outbound,Service Suite,0,0,On track,0,0,80
892,Meridian 111 • CRM Enterprise,111,8,6,2025-06-22,2025-10-28,2025-10-28,Won,45400,1,Event,CRM Enterprise,0,0,On track,0,0,128
893,Beacon 113 • Service Suite,113,12,5,2026-08-13,,2026-12-05,Open,15500,0.85,Partner,Service Suite,0,22,No activity 14+ days,1,0,
894,Northstar 175 • Service Suite,175,7,6,2025-01-10,2025-04-16,2025-04-16,Won,49700,1,Outbound,Service Suite,0,0,On track,0,0,96
895,Meridian 123 • CRM Enterprise,123,10,6,2026-02-09,2026-05-12,2026-05-12,Won,21400,1,Outbound,CRM Enterprise,0,0,On track,0,0,92
896,Summit 120 • CRM Enterprise,120,10,6,2025-02-19,2025-05-25,2025-05-25,Won,19600,1,Partner,CRM Enterprise,0,0,On track,0,0,95
897,Meridian 099 • CRM Enterprise,99,4,7,2025-08-28,2025-09-26,2025-09-26,Lost,19900,0,Event,CRM Enterprise,0,0,On track,0,0,29
898,Juniper 134 • Service Suite,134,12,7,2025-09-05,2025-09-21,2025-09-21,Lost,9800,0,Partner,Service Suite,0,0,On track,0,0,16
899,Northstar 103 • CRM Enterprise,103,8,7,2025-10-17,2025-12-02,2025-12-02,Lost,55500,0,Inbound,CRM Enterprise,0,0,On track,0,0,46
900,Meridian 105 • CRM Enterprise,105,3,7,2025-05-24,2025-08-16,2025-08-16,Lost,8200,0,Outbound,CRM Enterprise,0,0,On track,0,0,84
901,Beacon 077 • CRM Pro,77,1,2,2026-08-23,,2027-01-23,Open,175400,0.3,Partner,CRM Pro,6,27,No activity 14+ days,1,0,
902,Meridian 093 • CRM Pro,93,10,7,2025-12-20,2026-03-01,2026-03-01,Lost,8200,0,Inbound,CRM Pro,0,0,On track,0,0,71
903,Cobalt 040 • Service Suite,40,9,7,2025-01-20,2025-02-05,2025-02-05,Lost,36800,0,Outbound,Service Suite,0,0,On track,0,0,16
904,Juniper 056 • Service Suite,56,8,6,2025-06-28,2025-10-12,2025-10-12,Won,14900,1,Inbound,Service Suite,0,0,On track,0,0,106
905,Summit 126 • CRM Pro,126,2,1,2026-09-01,,2027-02-19,Open,81400,0.15,Outbound,CRM Pro,29,18,No activity 14+ days,1,0,
906,Juniper 074 • CRM Enterprise,74,9,6,2025-10-17,2025-12-16,2025-12-16,Won,33100,1,Partner,CRM Enterprise,0,0,On track,0,0,60
907,Juniper 128 • Service Suite,128,6,6,2025-09-05,2026-02-10,2026-02-10,Won,46800,1,Outbound,Service Suite,0,0,On track,0,0,158
908,Juniper 056 • Service Suite,56,3,7,2025-04-04,2025-04-27,2025-04-27,Lost,12900,0,Partner,Service Suite,0,0,On track,0,0,23
909,Juniper 068 • Service Suite,68,4,6,2025-07-30,2025-10-28,2025-10-28,Won,16000,1,Outbound,Service Suite,0,0,On track,0,0,90
910,Beacon 155 • CRM Pro,155,5,7,2025-06-25,2025-07-20,2025-07-20,Lost,6800,0,Event,CRM Pro,0,0,On track,0,0,25
911,Summit 138 • Service Suite,138,12,6,2025-12-04,2026-02-16,2026-02-16,Won,57800,1,Partner,Service Suite,0,0,On track,0,0,74
912,Meridian 177 • CRM Pro,177,4,6,2025-09-17,2025-12-01,2025-12-01,Won,22900,1,Inbound,CRM Pro,0,0,On track,0,0,75
913,Juniper 062 • CRM Enterprise,62,2,6,2026-01-16,2026-04-13,2026-04-13,Won,11700,1,Partner,CRM Enterprise,0,0,On track,0,0,87
914,Summit 066 • CRM Enterprise,66,3,6,2026-04-14,2026-07-19,2026-07-19,Won,61000,1,Event,CRM Enterprise,0,0,On track,0,0,96
915,Meridian 009 • Service Suite,9,10,7,2026-07-15,2026-09-19,2026-09-19,Lost,20500,0,Partner,Service Suite,0,0,On track,0,0,66
916,Beacon 161 • CRM Enterprise,161,7,7,2025-06-20,2025-09-11,2025-09-11,Lost,17200,0,Outbound,CRM Enterprise,0,0,On track,0,0,83
917,Summit 036 • CRM Enterprise,36,10,6,2025-08-19,2025-10-29,2025-10-29,Won,18000,1,Inbound,CRM Enterprise,0,0,On track,0,0,71
918,Summit 132 • CRM Pro,132,1,6,2025-01-14,2025-04-04,2025-04-04,Won,63600,1,Event,CRM Pro,0,0,On track,0,0,80
919,Juniper 008 • Service Suite,8,2,6,2025-10-18,2026-01-27,2026-01-27,Won,17900,1,Partner,Service Suite,0,0,On track,0,0,101
920,Beacon 071 • Service Suite,71,7,6,2025-03-13,2025-05-21,2025-05-21,Won,56000,1,Partner,Service Suite,0,0,On track,0,0,69
921,Meridian 111 • CRM Enterprise,111,11,6,2025-11-26,2026-05-08,2026-05-08,Won,71400,1,Partner,CRM Enterprise,0,0,On track,0,0,163
922,Northstar 157 • CRM Pro,157,12,7,2025-02-15,2025-04-23,2025-04-23,Lost,7000,0,Outbound,CRM Pro,0,0,On track,0,0,67
923,Cobalt 118 • CRM Pro,118,8,7,2026-07-20,2026-08-17,2026-08-17,Lost,8700,0,Event,CRM Pro,0,0,On track,0,0,28
924,Cobalt 040 • CRM Pro,40,8,7,2025-05-13,2025-06-02,2025-06-02,Lost,40300,0,Inbound,CRM Pro,0,0,On track,0,0,20
925,Northstar 145 • Service Suite,145,11,6,2025-01-12,2025-06-10,2025-06-10,Won,123800,1,Event,Service Suite,0,0,On track,0,0,149
926,Cobalt 160 • CRM Enterprise,160,11,7,2025-01-22,2025-03-17,2025-03-17,Lost,173800,0,Event,CRM Enterprise,0,0,On track,0,0,54
927,Meridian 147 • Service Suite,147,7,6,2026-05-08,2026-07-30,2026-07-30,Won,54600,1,Outbound,Service Suite,0,0,On track,0,0,83
928,Beacon 005 • Service Suite,5,6,7,2025-11-25,2026-01-14,2026-01-14,Lost,9900,0,Outbound,Service Suite,0,0,On track,0,0,50
929,Cobalt 172 • CRM Enterprise,172,2,7,2025-07-10,2025-09-14,2025-09-14,Lost,117300,0,Partner,CRM Enterprise,0,0,On track,0,0,66
930,Beacon 053 • CRM Enterprise,53,5,3,2026-08-20,,2026-10-24,Open,56500,0.5,Event,CRM Enterprise,0,31,No activity 14+ days,1,0,
931,Meridian 165 • CRM Enterprise,165,5,6,2026-01-22,2026-04-22,2026-04-22,Won,42900,1,Outbound,CRM Enterprise,0,0,On track,0,0,90
932,Northstar 001 • CRM Pro,1,5,6,2025-05-17,2025-10-29,2025-10-29,Won,95300,1,Partner,CRM Pro,0,0,On track,0,0,165
933,Juniper 092 • CRM Pro,92,3,7,2026-04-06,2026-09-25,2026-09-25,Lost,115900,0,Outbound,CRM Pro,0,0,On track,0,0,172
934,Beacon 149 • CRM Enterprise,149,1,6,2026-05-25,2026-08-22,2026-08-22,Won,56000,1,Partner,CRM Enterprise,0,0,On track,0,0,89
935,Summit 048 • CRM Enterprise,48,7,7,2025-12-03,2026-02-20,2026-02-20,Lost,48000,0,Event,CRM Enterprise,0,0,On track,0,0,79
936,Beacon 179 • CRM Pro,179,4,6,2026-07-17,2026-09-27,2026-09-27,Won,10400,1,Event,CRM Pro,0,0,On track,0,0,72
937,Cobalt 130 • Service Suite,130,7,6,2026-01-30,2026-04-17,2026-04-17,Won,48600,1,Outbound,Service Suite,0,0,On track,0,0,77
938,Cobalt 058 • CRM Pro,58,4,7,2026-05-28,2026-08-01,2026-08-01,Lost,137500,0,Inbound,CRM Pro,0,0,On track,0,0,65
939,Summit 174 • CRM Pro,174,11,7,2025-02-14,2025-04-09,2025-04-09,Lost,16400,0,Outbound,CRM Pro,0,0,On track,0,0,54
940,Beacon 005 • CRM Pro,5,6,6,2026-02-18,2026-05-05,2026-05-05,Won,5200,1,Outbound,CRM Pro,0,0,On track,0,0,76
941,Summit 054 • CRM Enterprise,54,11,7,2026-01-25,2026-02-06,2026-02-06,Lost,13400,0,Outbound,CRM Enterprise,0,0,On track,0,0,12
942,Beacon 107 • CRM Pro,107,10,4,2026-08-11,,2027-01-09,Open,13500,0.7,Partner,CRM Pro,2,16,No activity 14+ days,1,0,
943,Meridian 117 • CRM Pro,117,4,6,2025-10-07,2026-01-12,2026-01-12,Won,47400,1,Outbound,CRM Pro,0,0,On track,0,0,97
944,Cobalt 052 • CRM Pro,52,1,6,2025-03-25,2025-07-05,2025-07-05,Won,8000,1,Outbound,CRM Pro,0,0,On track,0,0,102
945,Beacon 149 • Service Suite,149,1,7,2025-12-05,2026-01-01,2026-01-01,Lost,17100,0,Partner,Service Suite,0,0,On track,0,0,27
946,Cobalt 178 • CRM Enterprise,178,5,6,2025-04-26,2025-11-08,2025-11-08,Won,39800,1,Partner,CRM Enterprise,0,0,On track,0,0,196
947,Beacon 083 • Service Suite,83,2,3,2026-08-24,,2027-01-01,Open,31900,0.5,Inbound,Service Suite,11,9,On track,0,0,
948,Summit 072 • CRM Enterprise,72,7,6,2026-02-10,2026-04-30,2026-04-30,Won,14500,1,Event,CRM Enterprise,0,0,On track,0,0,79
949,Northstar 091 • CRM Pro,91,4,7,2025-05-30,2025-08-14,2025-08-14,Lost,17900,0,Outbound,CRM Pro,0,0,On track,0,0,76
950,Beacon 101 • CRM Pro,101,6,3,2026-08-27,,2026-12-03,Open,4200,0.5,Inbound,CRM Pro,2,17,No activity 14+ days,1,0,
951,Beacon 029 • CRM Enterprise,29,4,4,2026-08-06,,2026-12-11,Open,9100,0.7,Inbound,CRM Enterprise,5,4,On track,0,0,
952,Meridian 039 • CRM Enterprise,39,5,7,2025-03-02,2025-04-21,2025-04-21,Lost,19600,0,Outbound,CRM Enterprise,0,0,On track,0,0,50
953,Meridian 117 • CRM Pro,117,11,6,2025-07-08,2025-10-29,2025-10-29,Won,51600,1,Outbound,CRM Pro,0,0,On track,0,0,113
954,Juniper 056 • Service Suite,56,6,7,2026-05-08,2026-06-12,2026-06-12,Lost,5200,0,Event,Service Suite,0,0,On track,0,0,35
955,Cobalt 130 • CRM Enterprise,130,8,6,2025-07-24,2025-10-06,2025-10-06,Won,36800,1,Event,CRM Enterprise,0,0,On track,0,0,74
956,Meridian 057 • Service Suite,57,5,7,2026-04-21,2026-06-22,2026-06-22,Lost,31600,0,Outbound,Service Suite,0,0,On track,0,0,62
957,Summit 030 • Service Suite,30,3,6,2026-04-14,2026-07-13,2026-07-13,Won,49700,1,Inbound,Service Suite,0,0,On track,0,0,90
958,Summit 120 • CRM Enterprise,120,4,6,2026-06-16,2026-08-23,2026-08-23,Won,6400,1,Partner,CRM Enterprise,0,0,On track,0,0,68
959,Cobalt 088 • CRM Enterprise,88,11,6,2025-06-05,2025-08-10,2025-08-10,Won,6800,1,Inbound,CRM Enterprise,0,0,On track,0,0,66
960,Beacon 071 • Service Suite,71,4,6,2025-11-09,2026-02-12,2026-02-12,Won,49500,1,Partner,Service Suite,0,0,On track,0,0,95
961,Meridian 063 • CRM Enterprise,63,1,7,2026-06-02,2026-06-21,2026-06-21,Lost,8000,0,Event,CRM Enterprise,0,0,On track,0,0,19
962,Northstar 157 • CRM Enterprise,157,8,7,2026-02-28,2026-04-17,2026-04-17,Lost,6700,0,Partner,CRM Enterprise,0,0,On track,0,0,48
963,Meridian 117 • CRM Enterprise,117,1,6,2026-07-12,2026-09-30,2026-09-30,Won,63700,1,Inbound,CRM Enterprise,0,0,On track,0,0,80
964,Cobalt 124 • CRM Enterprise,124,10,6,2026-02-07,2026-06-19,2026-06-19,Won,93400,1,Event,CRM Enterprise,0,0,On track,0,0,132
965,Meridian 171 • CRM Enterprise,171,8,7,2025-09-26,2025-11-09,2025-11-09,Lost,61000,0,Event,CRM Enterprise,0,0,On track,0,0,44
966,Meridian 057 • Service Suite,57,7,7,2025-09-06,2025-09-27,2025-09-27,Lost,14900,0,Outbound,Service Suite,0,0,On track,0,0,21
967,Beacon 089 • CRM Enterprise,89,1,7,2025-01-15,2025-03-05,2025-03-05,Lost,54600,0,Inbound,CRM Enterprise,0,0,On track,0,0,49
968,Beacon 029 • CRM Enterprise,29,10,6,2026-01-26,2026-04-17,2026-04-17,Won,21600,1,Inbound,CRM Enterprise,0,0,On track,0,0,81
969,Meridian 039 • CRM Enterprise,39,4,4,2026-08-19,,2026-11-29,Open,18000,0.7,Event,CRM Enterprise,4,25,No activity 14+ days,1,0,
970,Juniper 116 • CRM Pro,116,7,4,2026-05-24,,2026-09-10,Open,75700,0.7,Event,CRM Pro,39,6,Close date overdue,1,1,
971,Meridian 177 • CRM Enterprise,177,11,7,2025-02-18,2025-05-17,2025-05-17,Lost,39200,0,Inbound,CRM Enterprise,0,0,On track,0,0,88
972,Cobalt 058 • Service Suite,58,7,7,2025-07-10,2025-10-21,2025-10-21,Lost,48500,0,Event,Service Suite,0,0,On track,0,0,103
973,Cobalt 004 • Service Suite,4,10,6,2025-09-13,2025-11-21,2025-11-21,Won,16100,1,Outbound,Service Suite,0,0,On track,0,0,69
974,Beacon 125 • CRM Enterprise,125,5,6,2025-04-20,2025-07-13,2025-07-13,Won,11100,1,Partner,CRM Enterprise,0,0,On track,0,0,84
975,Cobalt 094 • Service Suite,94,12,4,2026-08-07,,2026-12-27,Open,42600,0.7,Event,Service Suite,15,41,No activity 14+ days,1,0,
976,Juniper 020 • Service Suite,20,6,6,2026-02-27,2026-07-29,2026-07-29,Won,82800,1,Partner,Service Suite,0,0,On track,0,0,152
977,Juniper 050 • CRM Pro,50,3,7,2025-07-17,2025-10-21,2025-10-21,Lost,60000,0,Outbound,CRM Pro,0,0,On track,0,0,96
978,Cobalt 028 • CRM Pro,28,11,7,2025-09-19,2025-10-06,2025-10-06,Lost,30100,0,Event,CRM Pro,0,0,On track,0,0,17
979,Meridian 165 • CRM Enterprise,165,12,7,2025-05-17,2025-06-07,2025-06-07,Lost,14300,0,Partner,CRM Enterprise,0,0,On track,0,0,21
980,Meridian 099 • CRM Pro,99,4,6,2026-01-09,2026-04-15,2026-04-15,Won,44400,1,Event,CRM Pro,0,0,On track,0,0,96
981,Northstar 055 • CRM Pro,55,7,6,2025-08-07,2025-12-06,2025-12-06,Won,65500,1,Outbound,CRM Pro,0,0,On track,0,0,121
982,Juniper 134 • CRM Pro,134,4,7,2026-03-01,2026-03-27,2026-03-27,Lost,5900,0,Outbound,CRM Pro,0,0,On track,0,0,26
983,Summit 174 • Service Suite,174,10,6,2025-10-08,2026-01-05,2026-01-05,Won,10600,1,Partner,Service Suite,0,0,On track,0,0,89
984,Summit 126 • CRM Pro,126,11,2,2026-08-04,,2026-10-04,Open,156200,0.3,Event,CRM Pro,26,0,On track,0,0,
985,Beacon 047 • Service Suite,47,1,6,2025-07-05,2025-10-04,2025-10-04,Won,9700,1,Outbound,Service Suite,0,0,On track,0,0,91
986,Northstar 049 • Service Suite,49,6,7,2025-12-06,2026-01-10,2026-01-10,Lost,40200,0,Event,Service Suite,0,0,On track,0,0,35
987,Summit 066 • CRM Enterprise,66,11,6,2025-12-19,2026-03-31,2026-03-31,Won,17700,1,Inbound,CRM Enterprise,0,0,On track,0,0,102
988,Beacon 113 • CRM Enterprise,113,9,7,2026-01-31,2026-03-22,2026-03-22,Lost,8700,0,Event,CRM Enterprise,0,0,On track,0,0,50
989,Northstar 097 • Service Suite,97,7,6,2025-08-01,2025-10-26,2025-10-26,Won,22300,1,Outbound,Service Suite,0,0,On track,0,0,86
990,Beacon 053 • CRM Enterprise,53,9,6,2025-09-21,2025-12-20,2025-12-20,Won,51800,1,Partner,CRM Enterprise,0,0,On track,0,0,90
991,Cobalt 016 • Service Suite,16,8,3,2026-07-17,,2026-10-11,Open,137600,0.5,Outbound,Service Suite,5,3,On track,0,0,
992,Beacon 119 • CRM Enterprise,119,8,7,2025-07-11,2025-09-04,2025-09-04,Lost,61400,0,Partner,CRM Enterprise,0,0,On track,0,0,55
993,Beacon 029 • Service Suite,29,9,6,2025-08-18,2025-10-24,2025-10-24,Won,15600,1,Partner,Service Suite,0,0,On track,0,0,67
994,Summit 150 • CRM Pro,150,3,6,2025-06-24,2025-09-03,2025-09-03,Won,23400,1,Event,CRM Pro,0,0,On track,0,0,71
995,Cobalt 082 • Service Suite,82,11,6,2025-07-22,2025-10-25,2025-10-25,Won,8100,1,Event,Service Suite,0,0,On track,0,0,95
996,Summit 150 • CRM Pro,150,11,7,2025-01-26,2025-02-01,2025-02-01,Lost,18300,0,Partner,CRM Pro,0,0,On track,0,0,6
997,Cobalt 076 • CRM Pro,76,10,6,2025-08-06,2026-01-11,2026-01-11,Won,168100,1,Event,CRM Pro,0,0,On track,0,0,158
998,Juniper 002 • CRM Pro,2,4,5,2026-07-19,,2026-10-11,Open,40200,0.85,Inbound,CRM Pro,13,11,On track,0,0,
999,Northstar 007 • Service Suite,7,5,6,2026-04-15,2026-08-29,2026-08-29,Won,163300,1,Outbound,Service Suite,0,0,On track,0,0,136
1000,Beacon 125 • Service Suite,125,6,7,2025-08-30,2025-10-09,2025-10-09,Lost,7400,0,Inbound,Service Suite,0,0,On track,0,0,40
1001,Juniper 044 • Service Suite,44,2,7,2025-05-22,2025-07-22,2025-07-22,Lost,30800,0,Event,Service Suite,0,0,On track,0,0,61
1002,Summit 180 • CRM Pro,180,10,7,2025-03-10,2025-03-18,2025-03-18,Lost,34300,0,Inbound,CRM Pro,0,0,On track,0,0,8
1003,Beacon 131 • Service Suite,131,8,4,2026-07-24,,2026-10-04,Open,32300,0.7,Inbound,Service Suite,23,5,On track,0,0,
1004,Cobalt 124 • CRM Pro,124,1,6,2026-03-13,2026-08-13,2026-08-13,Won,141900,1,Inbound,CRM Pro,0,0,On track,0,0,153
1005,Juniper 128 • CRM Pro,128,9,7,2026-02-03,2026-04-28,2026-04-28,Lost,94000,0,Outbound,CRM Pro,0,0,On track,0,0,84
1006,Meridian 063 • CRM Pro,63,7,6,2025-03-24,2025-06-01,2025-06-01,Won,16300,1,Partner,CRM Pro,0,0,On track,0,0,69
1007,Summit 120 • CRM Pro,120,1,6,2026-04-05,2026-07-06,2026-07-06,Won,20000,1,Outbound,CRM Pro,0,0,On track,0,0,92
1008,Juniper 026 • CRM Enterprise,26,5,2,2026-09-22,,2027-01-23,Open,54100,0.3,Inbound,CRM Enterprise,1,8,On track,0,0,
1009,Northstar 121 • Service Suite,121,6,6,2025-01-08,2025-06-15,2025-06-15,Won,131000,1,Outbound,Service Suite,0,0,On track,0,0,158
1010,Juniper 020 • CRM Enterprise,20,11,7,2025-04-08,2025-08-22,2025-08-22,Lost,158400,0,Outbound,CRM Enterprise,0,0,On track,0,0,136
1011,Northstar 139 • CRM Pro,139,5,7,2026-03-18,2026-05-18,2026-05-18,Lost,16300,0,Inbound,CRM Pro,0,0,On track,0,0,61
1012,Northstar 109 • Service Suite,109,7,7,2025-04-01,2025-06-01,2025-06-01,Lost,14700,0,Partner,Service Suite,0,0,On track,0,0,61
1013,Juniper 152 • CRM Pro,152,4,7,2025-01-24,2025-07-15,2025-07-15,Lost,146100,0,Inbound,CRM Pro,0,0,On track,0,0,172
1014,Northstar 037 • CRM Pro,37,8,7,2025-03-23,2025-04-20,2025-04-20,Lost,25900,0,Outbound,CRM Pro,0,0,On track,0,0,28
1015,Cobalt 052 • CRM Enterprise,52,11,7,2025-07-13,2025-09-19,2025-09-19,Lost,4600,0,Event,CRM Enterprise,0,0,On track,0,0,68
1016,Northstar 151 • Service Suite,151,11,6,2026-04-14,2026-07-03,2026-07-03,Won,6000,1,Partner,Service Suite,0,0,On track,0,0,80
1017,Summit 012 • CRM Enterprise,12,10,7,2025-05-09,2025-05-22,2025-05-22,Lost,18500,0,Event,CRM Enterprise,0,0,On track,0,0,13
1018,Summit 078 • Service Suite,78,12,6,2026-07-05,2026-09-10,2026-09-10,Won,42300,1,Inbound,Service Suite,0,0,On track,0,0,67
1019,Cobalt 010 • Service Suite,10,11,7,2025-01-28,2025-03-23,2025-03-23,Lost,27400,0,Outbound,Service Suite,0,0,On track,0,0,54
1020,Cobalt 154 • CRM Enterprise,154,8,5,2026-07-23,,2026-12-30,Open,40600,0.85,Event,CRM Enterprise,4,17,No activity 14+ days,1,0,
1021,Northstar 169 • CRM Pro,169,12,7,2025-03-01,2025-04-01,2025-04-01,Lost,21500,0,Event,CRM Pro,0,0,On track,0,0,31
1022,Summit 048 • CRM Enterprise,48,2,6,2026-06-02,2026-08-17,2026-08-17,Won,25400,1,Partner,CRM Enterprise,0,0,On track,0,0,76
1023,Summit 066 • Service Suite,66,4,7,2025-11-27,2025-12-22,2025-12-22,Lost,51700,0,Partner,Service Suite,0,0,On track,0,0,25
1024,Meridian 177 • Service Suite,177,10,7,2025-09-14,2025-10-21,2025-10-21,Lost,63400,0,Outbound,Service Suite,0,0,On track,0,0,37
1025,Northstar 043 • Service Suite,43,10,2,2026-09-06,,2027-02-25,Open,18400,0.3,Outbound,Service Suite,8,14,No activity 14+ days,1,0,
1026,Summit 036 • CRM Pro,36,7,7,2025-05-14,2025-07-11,2025-07-11,Lost,6700,0,Partner,CRM Pro,0,0,On track,0,0,58
1027,Northstar 037 • Service Suite,37,1,6,2025-09-16,2025-12-04,2025-12-04,Won,43300,1,Outbound,Service Suite,0,0,On track,0,0,79
1028,Northstar 007 • CRM Pro,7,3,7,2026-06-22,2026-07-12,2026-07-12,Lost,122800,0,Partner,CRM Pro,0,0,On track,0,0,20
1029,Beacon 101 • CRM Enterprise,101,2,6,2025-05-29,2025-08-21,2025-08-21,Won,17800,1,Event,CRM Enterprise,0,0,On track,0,0,84
1030,Cobalt 046 • CRM Pro,46,3,6,2026-03-15,2026-05-31,2026-05-31,Won,8000,1,Inbound,CRM Pro,0,0,On track,0,0,77
1031,Northstar 001 • CRM Enterprise,1,2,6,2025-04-28,2025-10-14,2025-10-14,Won,93100,1,Inbound,CRM Enterprise,0,0,On track,0,0,169
1032,Northstar 097 • CRM Enterprise,97,2,7,2025-03-23,2025-04-19,2025-04-19,Lost,54300,0,Event,CRM Enterprise,0,0,On track,0,0,27
1033,Cobalt 088 • Service Suite,88,11,7,2025-06-16,2025-07-25,2025-07-25,Lost,14200,0,Outbound,Service Suite,0,0,On track,0,0,39
1034,Juniper 008 • CRM Pro,8,2,7,2025-02-09,2025-04-27,2025-04-27,Lost,11700,0,Inbound,CRM Pro,0,0,On track,0,0,77
1035,Summit 126 • CRM Enterprise,126,12,7,2025-12-11,2026-01-14,2026-01-14,Lost,130200,0,Outbound,CRM Enterprise,0,0,On track,0,0,34
1036,Meridian 027 • Service Suite,27,9,7,2026-04-08,2026-05-22,2026-05-22,Lost,17700,0,Event,Service Suite,0,0,On track,0,0,44
1037,Cobalt 082 • CRM Pro,82,5,3,2026-08-22,,2027-01-11,Open,7600,0.5,Outbound,CRM Pro,13,19,No activity 14+ days,1,0,
1038,Juniper 158 • CRM Pro,158,2,7,2026-05-06,2026-07-07,2026-07-07,Lost,54200,0,Partner,CRM Pro,0,0,On track,0,0,62
1039,Summit 078 • CRM Enterprise,78,8,7,2026-04-17,2026-05-25,2026-05-25,Lost,39000,0,Outbound,CRM Enterprise,0,0,On track,0,0,38
1040,Meridian 129 • Service Suite,129,8,1,2026-09-24,,2027-01-23,Open,45400,0.15,Inbound,Service Suite,6,6,On track,0,0,
1041,Beacon 005 • CRM Pro,5,4,6,2025-02-25,2025-05-21,2025-05-21,Won,21200,1,Inbound,CRM Pro,0,0,On track,0,0,85
1042,Meridian 177 • CRM Enterprise,177,6,7,2025-04-10,2025-06-27,2025-06-27,Lost,64700,0,Event,CRM Enterprise,0,0,On track,0,0,78
1043,Cobalt 178 • CRM Enterprise,178,3,7,2025-04-29,2025-06-12,2025-06-12,Lost,169400,0,Outbound,CRM Enterprise,0,0,On track,0,0,44
1044,Meridian 003 • CRM Pro,3,9,6,2025-10-12,2025-12-29,2025-12-29,Won,12800,1,Inbound,CRM Pro,0,0,On track,0,0,78
1045,Summit 108 • CRM Enterprise,108,7,6,2025-11-05,2026-01-21,2026-01-21,Won,56200,1,Inbound,CRM Enterprise,0,0,On track,0,0,77
1046,Juniper 164 • CRM Pro,164,12,6,2025-05-08,2025-07-12,2025-07-12,Won,44000,1,Outbound,CRM Pro,0,0,On track,0,0,65
1047,Juniper 092 • Service Suite,92,6,6,2026-01-06,2026-06-14,2026-06-14,Won,85900,1,Partner,Service Suite,0,0,On track,0,0,159
1048,Northstar 139 • CRM Enterprise,139,6,6,2026-03-31,2026-07-19,2026-07-19,Won,19400,1,Inbound,CRM Enterprise,0,0,On track,0,0,110
1049,Juniper 086 • CRM Enterprise,86,9,1,2026-09-23,,2026-12-31,Open,121900,0.15,Partner,CRM Enterprise,7,7,On track,0,0,
1050,Cobalt 034 • Service Suite,34,1,6,2025-05-14,2025-08-03,2025-08-03,Won,12400,1,Event,Service Suite,0,0,On track,0,0,81
1051,Meridian 159 • Service Suite,159,2,7,2025-11-16,2025-12-13,2025-12-13,Lost,5200,0,Partner,Service Suite,0,0,On track,0,0,27
1052,Juniper 050 • Service Suite,50,3,6,2025-06-03,2025-08-24,2025-08-24,Won,61000,1,Outbound,Service Suite,0,0,On track,0,0,82
1053,Beacon 011 • CRM Enterprise,11,6,7,2025-02-14,2025-06-23,2025-06-23,Lost,58700,0,Event,CRM Enterprise,0,0,On track,0,0,129
1054,Cobalt 148 • CRM Enterprise,148,5,7,2025-01-23,2025-03-24,2025-03-24,Lost,35700,0,Inbound,CRM Enterprise,0,0,On track,0,0,60
1055,Meridian 165 • CRM Enterprise,165,10,6,2025-02-05,2025-04-30,2025-04-30,Won,57400,1,Partner,CRM Enterprise,0,0,On track,0,0,84
1056,Northstar 121 • CRM Pro,121,9,7,2025-11-14,2026-02-28,2026-02-28,Lost,99700,0,Partner,CRM Pro,0,0,On track,0,0,106
1057,Beacon 029 • CRM Enterprise,29,7,6,2026-01-17,2026-04-14,2026-04-14,Won,17800,1,Partner,CRM Enterprise,0,0,On track,0,0,87
1058,Cobalt 160 • CRM Enterprise,160,7,6,2025-05-24,2025-10-30,2025-10-30,Won,164400,1,Inbound,CRM Enterprise,0,0,On track,0,0,159
1059,Northstar 091 • CRM Pro,91,8,7,2026-04-01,2026-07-01,2026-07-01,Lost,59500,0,Event,CRM Pro,0,0,On track,0,0,91
1060,Cobalt 166 • CRM Enterprise,166,3,7,2025-05-05,2025-06-19,2025-06-19,Lost,35300,0,Outbound,CRM Enterprise,0,0,On track,0,0,45
1061,Northstar 049 • CRM Enterprise,49,11,7,2026-06-05,2026-08-09,2026-08-09,Lost,46600,0,Inbound,CRM Enterprise,0,0,On track,0,0,65
1062,Juniper 062 • CRM Pro,62,4,6,2026-04-07,2026-06-30,2026-06-30,Won,17600,1,Partner,CRM Pro,0,0,On track,0,0,84
1063,Summit 048 • CRM Enterprise,48,12,3,2026-09-14,,2027-03-12,Open,40700,0.5,Outbound,CRM Enterprise,4,16,No activity 14+ days,1,0,
1064,Northstar 073 • CRM Pro,73,9,5,2026-05-20,,2026-10-16,Open,36000,0.85,Event,CRM Pro,10,36,No activity 14+ days,1,0,
1065,Summit 144 • Service Suite,144,5,7,2026-01-13,2026-05-25,2026-05-25,Lost,142800,0,Partner,Service Suite,0,0,On track,0,0,132
1066,Juniper 140 • CRM Enterprise,140,6,4,2026-07-27,,2026-10-29,Open,19600,0.7,Inbound,CRM Enterprise,10,43,No activity 14+ days,1,0,
1067,Meridian 153 • CRM Enterprise,153,10,6,2025-01-14,2025-03-21,2025-03-21,Won,63900,1,Partner,CRM Enterprise,0,0,On track,0,0,66
1068,Cobalt 094 • CRM Pro,94,10,7,2025-12-18,2026-01-29,2026-01-29,Lost,53500,0,Outbound,CRM Pro,0,0,On track,0,0,42
1069,Beacon 131 • Service Suite,131,2,6,2025-11-24,2026-02-13,2026-02-13,Won,46800,1,Inbound,Service Suite,0,0,On track,0,0,81
1070,Beacon 065 • CRM Enterprise,65,2,6,2025-07-23,2025-10-22,2025-10-22,Won,16200,1,Event,CRM Enterprise,0,0,On track,0,0,91
1071,Meridian 159 • CRM Pro,159,5,7,2025-06-23,2025-08-17,2025-08-17,Lost,21700,0,Event,CRM Pro,0,0,On track,0,0,55
1072,Juniper 164 • CRM Enterprise,164,9,7,2025-01-28,2025-02-25,2025-02-25,Lost,30100,0,Inbound,CRM Enterprise,0,0,On track,0,0,28
1073,Beacon 113 • CRM Pro,113,12,6,2025-11-23,2026-02-03,2026-02-03,Won,16800,1,Partner,CRM Pro,0,0,On track,0,0,72
1074,Beacon 065 • CRM Pro,65,2,6,2025-05-22,2025-07-25,2025-07-25,Won,13600,1,Event,CRM Pro,0,0,On track,0,0,64
1075,Northstar 091 • CRM Pro,91,9,6,2026-05-09,2026-07-18,2026-07-18,Won,25500,1,Inbound,CRM Pro,0,0,On track,0,0,70
1076,Cobalt 130 • Service Suite,130,12,7,2026-02-01,2026-02-24,2026-02-24,Lost,35400,0,Outbound,Service Suite,0,0,On track,0,0,23
1077,Cobalt 112 • CRM Enterprise,112,11,7,2025-04-18,2025-07-04,2025-07-04,Lost,6200,0,Partner,CRM Enterprise,0,0,On track,0,0,77
1078,Meridian 141 • CRM Pro,141,6,6,2026-02-09,2026-04-17,2026-04-17,Won,22700,1,Inbound,CRM Pro,0,0,On track,0,0,67
1079,Northstar 115 • CRM Enterprise,115,10,6,2026-06-06,2026-08-15,2026-08-15,Won,19500,1,Event,CRM Enterprise,0,0,On track,0,0,70
1080,Juniper 110 • CRM Pro,110,3,6,2026-06-12,2026-08-27,2026-08-27,Won,25500,1,Inbound,CRM Pro,0,0,On track,0,0,76
1081,Juniper 176 • CRM Enterprise,176,1,7,2025-12-06,2026-02-11,2026-02-11,Lost,12200,0,Outbound,CRM Enterprise,0,0,On track,0,0,67
1082,Beacon 137 • Service Suite,137,4,6,2025-01-31,2025-04-14,2025-04-14,Won,42700,1,Inbound,Service Suite,0,0,On track,0,0,73
1083,Cobalt 130 • Service Suite,130,9,6,2025-10-02,2025-12-26,2025-12-26,Won,32500,1,Outbound,Service Suite,0,0,On track,0,0,85
1084,Northstar 151 • CRM Pro,151,3,7,2025-12-14,2026-02-06,2026-02-06,Lost,4400,0,Outbound,CRM Pro,0,0,On track,0,0,54
1085,Cobalt 076 • CRM Enterprise,76,10,5,2026-06-04,,2026-08-05,Open,161600,0.85,Inbound,CRM Enterprise,13,35,Close date overdue,1,1,
1086,Meridian 009 • CRM Enterprise,9,12,7,2025-06-11,2025-07-28,2025-07-28,Lost,23300,0,Partner,CRM Enterprise,0,0,On track,0,0,47
1087,Summit 078 • Service Suite,78,6,6,2025-09-16,2025-12-25,2025-12-25,Won,36600,1,Partner,Service Suite,0,0,On track,0,0,100
1088,Summit 120 • Service Suite,120,2,7,2025-06-07,2025-09-08,2025-09-08,Lost,5500,0,Inbound,Service Suite,0,0,On track,0,0,93
1089,Beacon 119 • Service Suite,119,11,7,2025-12-18,2026-02-19,2026-02-19,Lost,44500,0,Partner,Service Suite,0,0,On track,0,0,63
1090,Beacon 035 • Service Suite,35,5,6,2025-05-01,2025-09-20,2025-09-20,Won,41200,1,Inbound,Service Suite,0,0,On track,0,0,142
1091,Beacon 137 • CRM Enterprise,137,5,7,2025-04-15,2025-06-06,2025-06-06,Lost,34500,0,Outbound,CRM Enterprise,0,0,On track,0,0,52
1092,Beacon 089 • CRM Enterprise,89,12,6,2026-06-28,2026-09-24,2026-09-24,Won,65900,1,Partner,CRM Enterprise,0,0,On track,0,0,88
1093,Juniper 050 • CRM Pro,50,7,6,2026-04-02,2026-06-09,2026-06-09,Won,37100,1,Outbound,CRM Pro,0,0,On track,0,0,68
1094,Beacon 029 • Service Suite,29,4,6,2025-07-05,2025-09-19,2025-09-19,Won,14600,1,Inbound,Service Suite,0,0,On track,0,0,76
1095,Summit 156 • CRM Pro,156,4,7,2025-12-10,2026-01-17,2026-01-17,Lost,65600,0,Event,CRM Pro,0,0,On track,0,0,38
1096,Beacon 155 • CRM Enterprise,155,8,6,2025-05-21,2025-08-12,2025-08-12,Won,5600,1,Event,CRM Enterprise,0,0,On track,0,0,83
1097,Meridian 177 • Service Suite,177,12,6,2026-04-08,2026-07-14,2026-07-14,Won,51900,1,Partner,Service Suite,0,0,On track,0,0,97
1098,Beacon 023 • CRM Enterprise,23,5,7,2025-11-10,2025-12-25,2025-12-25,Lost,4100,0,Inbound,CRM Enterprise,0,0,On track,0,0,45
1099,Meridian 111 • Service Suite,111,7,7,2025-02-27,2025-07-02,2025-07-02,Lost,84000,0,Event,Service Suite,0,0,On track,0,0,125
1100,Northstar 097 • CRM Pro,97,8,6,2026-04-22,2026-06-21,2026-06-21,Won,25700,1,Event,CRM Pro,0,0,On track,0,0,60
1101,Cobalt 130 • CRM Pro,130,10,6,2025-11-14,2026-01-27,2026-01-27,Won,41200,1,Outbound,CRM Pro,0,0,On track,0,0,74
1102,Cobalt 076 • CRM Enterprise,76,6,7,2026-05-24,2026-07-26,2026-07-26,Lost,80900,0,Partner,CRM Enterprise,0,0,On track,0,0,63
1103,Cobalt 166 • Service Suite,166,1,7,2025-09-06,2025-12-18,2025-12-18,Lost,18500,0,Event,Service Suite,0,0,On track,0,0,103
1104,Meridian 063 • CRM Enterprise,63,1,6,2025-10-06,2025-12-09,2025-12-09,Won,8800,1,Event,CRM Enterprise,0,0,On track,0,0,64
1105,Meridian 021 • CRM Pro,21,12,6,2026-06-05,2026-09-08,2026-09-08,Won,63700,1,Inbound,CRM Pro,0,0,On track,0,0,95
1106,Beacon 047 • Service Suite,47,12,6,2025-01-28,2025-03-17,2025-03-17,Won,13000,1,Outbound,Service Suite,0,0,On track,0,0,48
1107,Beacon 125 • CRM Enterprise,125,12,7,2025-04-28,2025-05-30,2025-05-30,Lost,12800,0,Partner,CRM Enterprise,0,0,On track,0,0,32
1108,Juniper 176 • CRM Enterprise,176,2,7,2025-06-02,2025-08-04,2025-08-04,Lost,18700,0,Event,CRM Enterprise,0,0,On track,0,0,63
1109,Beacon 137 • CRM Pro,137,3,2,2026-08-31,,2026-11-18,Open,46300,0.3,Event,CRM Pro,12,28,No activity 14+ days,1,0,
1110,Meridian 003 • CRM Pro,3,6,6,2026-01-26,2026-04-11,2026-04-11,Won,41700,1,Partner,CRM Pro,0,0,On track,0,0,75
1111,Juniper 044 • Service Suite,44,1,7,2025-01-20,2025-03-18,2025-03-18,Lost,23700,0,Outbound,Service Suite,0,0,On track,0,0,57
1112,Northstar 109 • CRM Pro,109,3,6,2025-07-19,2025-09-21,2025-09-21,Won,8000,1,Outbound,CRM Pro,0,0,On track,0,0,64
1113,Northstar 163 • Service Suite,163,5,2,2026-08-29,,2026-11-12,Open,20100,0.3,Partner,Service Suite,18,0,On track,0,0,
1114,Beacon 065 • CRM Enterprise,65,11,3,2026-09-04,,2027-02-04,Open,5200,0.5,Partner,CRM Enterprise,0,26,No activity 14+ days,1,0,
1115,Juniper 026 • CRM Enterprise,26,5,6,2026-05-29,2026-08-03,2026-08-03,Won,60100,1,Outbound,CRM Enterprise,0,0,On track,0,0,66
1116,Meridian 021 • CRM Pro,21,2,2,2026-08-25,,2027-02-11,Open,13200,0.3,Inbound,CRM Pro,12,35,No activity 14+ days,1,0,
1117,Cobalt 028 • CRM Pro,28,5,7,2026-07-31,2026-09-06,2026-09-06,Lost,53600,0,Inbound,CRM Pro,0,0,On track,0,0,37
1118,Cobalt 178 • CRM Enterprise,178,1,6,2025-03-11,2025-08-26,2025-08-26,Won,102800,1,Outbound,CRM Enterprise,0,0,On track,0,0,168
1119,Summit 066 • Service Suite,66,4,7,2025-10-03,2025-12-09,2025-12-09,Lost,40100,0,Partner,Service Suite,0,0,On track,0,0,67
1120,Summit 132 • CRM Pro,132,1,6,2025-09-11,2025-12-15,2025-12-15,Won,49300,1,Event,CRM Pro,0,0,On track,0,0,95
1121,Northstar 091 • CRM Pro,91,9,7,2026-01-15,2026-01-29,2026-01-29,Lost,27100,0,Inbound,CRM Pro,0,0,On track,0,0,14
1122,Beacon 137 • CRM Pro,137,8,6,2026-04-14,2026-07-10,2026-07-10,Won,19200,1,Inbound,CRM Pro,0,0,On track,0,0,87
1123,Summit 006 • CRM Enterprise,6,4,3,2026-08-23,,2026-12-23,Open,20800,0.5,Outbound,CRM Enterprise,15,33,No activity 14+ days,1,0,
1124,Beacon 143 • CRM Pro,143,10,6,2025-03-18,2025-09-07,2025-09-07,Won,113000,1,Event,CRM Pro,0,0,On track,0,0,173
1125,Cobalt 064 • CRM Pro,64,4,6,2025-12-24,2026-03-29,2026-03-29,Won,35700,1,Inbound,CRM Pro,0,0,On track,0,0,95
1126,Meridian 129 • CRM Enterprise,129,8,7,2025-07-25,2025-09-26,2025-09-26,Lost,19500,0,Outbound,CRM Enterprise,0,0,On track,0,0,63
1127,Juniper 170 • CRM Enterprise,170,2,6,2025-08-04,2025-09-22,2025-09-22,Won,52700,1,Event,CRM Enterprise,0,0,On track,0,0,49
1128,Juniper 140 • Service Suite,140,6,6,2025-06-14,2025-08-19,2025-08-19,Won,23300,1,Outbound,Service Suite,0,0,On track,0,0,66
1129,Summit 090 • CRM Enterprise,90,2,6,2025-02-08,2025-04-13,2025-04-13,Won,16300,1,Inbound,CRM Enterprise,0,0,On track,0,0,64
1130,Cobalt 118 • CRM Enterprise,118,7,7,2025-06-18,2025-08-14,2025-08-14,Lost,16800,0,Outbound,CRM Enterprise,0,0,On track,0,0,57
1131,Summit 066 • CRM Pro,66,11,7,2025-04-10,2025-05-21,2025-05-21,Lost,47600,0,Outbound,CRM Pro,0,0,On track,0,0,41
1132,Cobalt 130 • CRM Pro,130,9,6,2025-06-24,2025-09-06,2025-09-06,Won,50500,1,Outbound,CRM Pro,0,0,On track,0,0,74
1133,Meridian 063 • CRM Pro,63,12,6,2025-10-12,2025-12-21,2025-12-21,Won,5800,1,Outbound,CRM Pro,0,0,On track,0,0,70
1134,Cobalt 100 • Service Suite,100,3,6,2025-07-10,2025-10-10,2025-10-10,Won,21500,1,Partner,Service Suite,0,0,On track,0,0,92
1135,Beacon 149 • CRM Enterprise,149,8,7,2026-05-08,2026-06-04,2026-06-04,Lost,41800,0,Partner,CRM Enterprise,0,0,On track,0,0,27
1136,Northstar 151 • CRM Pro,151,4,7,2026-05-29,2026-07-15,2026-07-15,Lost,12200,0,Inbound,CRM Pro,0,0,On track,0,0,47
1137,Summit 108 • Service Suite,108,5,7,2025-04-21,2025-06-26,2025-06-26,Lost,34900,0,Outbound,Service Suite,0,0,On track,0,0,66
1138,Cobalt 160 • CRM Enterprise,160,12,7,2025-05-01,2025-09-03,2025-09-03,Lost,80900,0,Outbound,CRM Enterprise,0,0,On track,0,0,125
1139,Cobalt 154 • CRM Enterprise,154,4,7,2025-02-27,2025-03-23,2025-03-23,Lost,28300,0,Event,CRM Enterprise,0,0,On track,0,0,24
1140,Beacon 065 • CRM Pro,65,10,6,2025-02-24,2025-06-11,2025-06-11,Won,21000,1,Inbound,CRM Pro,0,0,On track,0,0,107
1141,Juniper 068 • CRM Pro,68,12,7,2025-10-13,2025-10-26,2025-10-26,Lost,5200,0,Event,CRM Pro,0,0,On track,0,0,13
1142,Juniper 062 • Service Suite,62,6,2,2026-09-05,,2027-01-11,Open,11600,0.3,Partner,Service Suite,10,24,No activity 14+ days,1,0,
1143,Juniper 002 • CRM Pro,2,1,7,2025-09-08,2025-10-30,2025-10-30,Lost,40700,0,Partner,CRM Pro,0,0,On track,0,0,52
1144,Cobalt 166 • CRM Enterprise,166,4,7,2026-08-03,2026-08-17,2026-08-17,Lost,41800,0,Outbound,CRM Enterprise,0,0,On track,0,0,14
1145,Northstar 145 • Service Suite,145,8,4,2026-06-25,,2026-10-17,Open,39500,0.7,Inbound,Service Suite,5,44,No activity 14+ days,1,0,
1146,Cobalt 058 • CRM Enterprise,58,5,7,2025-03-19,2025-06-02,2025-06-02,Lost,75400,0,Partner,CRM Enterprise,0,0,On track,0,0,75
1147,Northstar 031 • CRM Enterprise,31,10,6,2025-12-03,2026-05-28,2026-05-28,Won,102600,1,Event,CRM Enterprise,0,0,On track,0,0,176
1148,Northstar 163 • CRM Pro,163,10,6,2025-06-26,2025-08-23,2025-08-23,Won,10700,1,Partner,CRM Pro,0,0,On track,0,0,58
1149,Juniper 008 • Service Suite,8,7,7,2026-08-06,2026-08-14,2026-08-14,Lost,10700,0,Event,Service Suite,0,0,On track,0,0,8
1150,Meridian 081 • CRM Pro,81,4,7,2026-01-11,2026-02-28,2026-02-28,Lost,29500,0,Inbound,CRM Pro,0,0,On track,0,0,48
1151,Beacon 113 • CRM Enterprise,113,6,4,2026-08-04,,2026-11-20,Open,17400,0.7,Outbound,CRM Enterprise,6,6,On track,0,0,
1152,Juniper 176 • CRM Pro,176,4,4,2026-08-28,,2027-01-03,Open,13500,0.7,Event,CRM Pro,0,19,No activity 14+ days,1,0,
1153,Northstar 025 • CRM Pro,25,4,6,2025-04-10,2025-07-03,2025-07-03,Won,5900,1,Outbound,CRM Pro,0,0,On track,0,0,84
1154,Northstar 007 • CRM Enterprise,7,10,6,2025-10-31,2026-04-23,2026-04-23,Won,135100,1,Outbound,CRM Enterprise,0,0,On track,0,0,174
1155,Meridian 165 • CRM Enterprise,165,2,6,2025-05-26,2025-08-17,2025-08-17,Won,38200,1,Outbound,CRM Enterprise,0,0,On track,0,0,83
1156,Juniper 020 • Service Suite,20,5,7,2025-10-25,2025-11-24,2025-11-24,Lost,151400,0,Partner,Service Suite,0,0,On track,0,0,30
1157,Meridian 129 • CRM Pro,129,4,7,2026-02-22,2026-05-25,2026-05-25,Lost,21500,0,Event,CRM Pro,0,0,On track,0,0,92
1158,Cobalt 004 • Service Suite,4,9,7,2026-01-16,2026-02-15,2026-02-15,Lost,6500,0,Outbound,Service Suite,0,0,On track,0,0,30
1159,Meridian 045 • Service Suite,45,11,7,2025-08-27,2025-09-29,2025-09-29,Lost,25200,0,Inbound,Service Suite,0,0,On track,0,0,33
1160,Juniper 170 • Service Suite,170,6,7,2025-03-30,2025-06-03,2025-06-03,Lost,44700,0,Event,Service Suite,0,0,On track,0,0,65
1161,Juniper 134 • CRM Pro,134,10,4,2026-08-11,,2027-01-11,Open,5700,0.7,Outbound,CRM Pro,6,36,No activity 14+ days,1,0,
1162,Summit 054 • Service Suite,54,3,6,2025-01-12,2025-03-09,2025-03-09,Won,58400,1,Partner,Service Suite,0,0,On track,0,0,56
1163,Summit 066 • CRM Pro,66,1,7,2025-01-18,2025-05-03,2025-05-03,Lost,23600,0,Partner,CRM Pro,0,0,On track,0,0,105
1164,Meridian 045 • Service Suite,45,6,7,2025-02-03,2025-03-14,2025-03-14,Lost,19900,0,Outbound,Service Suite,0,0,On track,0,0,39
1165,Juniper 128 • CRM Enterprise,128,11,6,2025-07-01,2025-12-02,2025-12-02,Won,80900,1,Outbound,CRM Enterprise,0,0,On track,0,0,154
1166,Cobalt 148 • CRM Pro,148,5,7,2026-04-06,2026-05-29,2026-05-29,Lost,22500,0,Event,CRM Pro,0,0,On track,0,0,53
1167,Beacon 041 • CRM Pro,41,1,7,2026-05-11,2026-06-03,2026-06-03,Lost,16400,0,Partner,CRM Pro,0,0,On track,0,0,23
1168,Beacon 179 • CRM Enterprise,179,11,7,2026-01-19,2026-03-20,2026-03-20,Lost,4400,0,Partner,CRM Enterprise,0,0,On track,0,0,60
1169,Cobalt 082 • CRM Enterprise,82,7,7,2025-07-27,2025-10-07,2025-10-07,Lost,10400,0,Outbound,CRM Enterprise,0,0,On track,0,0,72
1170,Summit 120 • CRM Enterprise,120,1,7,2026-04-13,2026-05-07,2026-05-07,Lost,17300,0,Outbound,CRM Enterprise,0,0,On track,0,0,24
1171,Northstar 061 • CRM Pro,61,3,6,2025-12-14,2026-03-02,2026-03-02,Won,21500,1,Event,CRM Pro,0,0,On track,0,0,78
1172,Beacon 125 • CRM Pro,125,1,7,2026-04-17,2026-05-05,2026-05-05,Lost,7700,0,Inbound,CRM Pro,0,0,On track,0,0,18
1173,Meridian 153 • CRM Pro,153,12,6,2026-01-31,2026-04-28,2026-04-28,Won,12900,1,Event,CRM Pro,0,0,On track,0,0,87
1174,Beacon 023 • CRM Pro,23,7,2,2026-08-24,,2026-12-09,Open,17000,0.3,Partner,CRM Pro,19,2,On track,0,0,
1175,Beacon 161 • CRM Pro,161,10,7,2025-04-13,2025-05-30,2025-05-30,Lost,5900,0,Outbound,CRM Pro,0,0,On track,0,0,47
1176,Meridian 159 • Service Suite,159,7,6,2026-03-29,2026-06-28,2026-06-28,Won,17100,1,Outbound,Service Suite,0,0,On track,0,0,91
1177,Beacon 089 • Service Suite,89,3,6,2026-05-20,2026-07-31,2026-07-31,Won,52600,1,Outbound,Service Suite,0,0,On track,0,0,72
1178,Summit 156 • CRM Pro,156,4,7,2025-11-12,2025-11-21,2025-11-21,Lost,14300,0,Outbound,CRM Pro,0,0,On track,0,0,9
1179,Meridian 045 • CRM Pro,45,9,6,2025-10-09,2025-12-25,2025-12-25,Won,35200,1,Event,CRM Pro,0,0,On track,0,0,77
1180,Meridian 015 • Service Suite,15,11,6,2026-06-18,2026-08-31,2026-08-31,Won,20600,1,Partner,Service Suite,0,0,On track,0,0,74
1181,Summit 048 • Service Suite,48,9,7,2025-02-21,2025-05-13,2025-05-13,Lost,22100,0,Outbound,Service Suite,0,0,On track,0,0,81
1182,Meridian 177 • Service Suite,177,7,3,2026-08-15,,2026-11-22,Open,49200,0.5,Event,Service Suite,12,35,No activity 14+ days,1,0,
1183,Meridian 099 • CRM Enterprise,99,7,7,2026-07-08,2026-08-22,2026-08-22,Lost,25700,0,Partner,CRM Enterprise,0,0,On track,0,0,45
1184,Beacon 125 • CRM Pro,125,12,6,2025-07-20,2025-10-09,2025-10-09,Won,19800,1,Event,CRM Pro,0,0,On track,0,0,81
1185,Summit 102 • CRM Enterprise,102,5,6,2026-03-11,2026-05-22,2026-05-22,Won,28400,1,Partner,CRM Enterprise,0,0,On track,0,0,72
1186,Cobalt 124 • CRM Pro,124,6,6,2025-11-25,2026-05-18,2026-05-18,Won,34400,1,Inbound,CRM Pro,0,0,On track,0,0,174
1187,Cobalt 094 • CRM Pro,94,11,6,2025-08-01,2025-10-24,2025-10-24,Won,51400,1,Outbound,CRM Pro,0,0,On track,0,0,84
1188,Northstar 169 • Service Suite,169,1,7,2025-04-28,2025-06-01,2025-06-01,Lost,28400,0,Inbound,Service Suite,0,0,On track,0,0,34
1189,Juniper 164 • Service Suite,164,10,6,2025-07-31,2025-11-04,2025-11-04,Won,63600,1,Inbound,Service Suite,0,0,On track,0,0,96
1190,Summit 018 • CRM Pro,18,7,6,2025-10-09,2025-12-09,2025-12-09,Won,15900,1,Outbound,CRM Pro,0,0,On track,0,0,61
1191,Summit 126 • CRM Pro,126,11,7,2025-09-28,2026-02-15,2026-02-15,Lost,165300,0,Event,CRM Pro,0,0,On track,0,0,140
1192,Summit 174 • CRM Pro,174,11,6,2025-02-15,2025-05-07,2025-05-07,Won,20500,1,Partner,CRM Pro,0,0,On track,0,0,81
1193,Northstar 133 • Service Suite,133,4,7,2025-12-09,2026-01-02,2026-01-02,Lost,58500,0,Inbound,Service Suite,0,0,On track,0,0,24
1194,Beacon 095 • CRM Enterprise,95,3,6,2025-10-09,2026-01-01,2026-01-01,Won,15200,1,Inbound,CRM Enterprise,0,0,On track,0,0,84
1195,Cobalt 100 • CRM Pro,100,9,6,2025-09-05,2025-11-17,2025-11-17,Won,19500,1,Partner,CRM Pro,0,0,On track,0,0,73
1196,Juniper 122 • Service Suite,122,9,7,2025-03-15,2025-06-17,2025-06-17,Lost,55800,0,Event,Service Suite,0,0,On track,0,0,94
1197,Meridian 165 • CRM Pro,165,7,7,2025-09-15,2025-10-27,2025-10-27,Lost,41800,0,Event,CRM Pro,0,0,On track,0,0,42
1198,Summit 054 • CRM Enterprise,54,3,6,2026-01-07,2026-04-25,2026-04-25,Won,15200,1,Inbound,CRM Enterprise,0,0,On track,0,0,108
1199,Cobalt 040 • CRM Enterprise,40,6,2,2026-08-15,,2027-02-01,Open,25300,0.3,Outbound,CRM Enterprise,22,8,On track,0,0,
1200,Summit 132 • Service Suite,132,10,6,2025-07-18,2025-09-18,2025-09-18,Won,46600,1,Outbound,Service Suite,0,0,On track,0,0,62
1201,Northstar 097 • Service Suite,97,9,1,2026-09-06,,2027-01-22,Open,34800,0.15,Inbound,Service Suite,24,24,No activity 14+ days,1,0,
1202,Summit 018 • CRM Pro,18,3,7,2025-09-06,2025-10-06,2025-10-06,Lost,12200,0,Inbound,CRM Pro,0,0,On track,0,0,30
1203,Meridian 129 • CRM Pro,129,6,6,2026-07-23,2026-09-22,2026-09-22,Won,33700,1,Inbound,CRM Pro,0,0,On track,0,0,61
1204,Meridian 159 • Service Suite,159,4,6,2026-03-11,2026-06-02,2026-06-02,Won,5300,1,Inbound,Service Suite,0,0,On track,0,0,83
1205,Northstar 079 • CRM Pro,79,11,6,2026-05-20,2026-08-02,2026-08-02,Won,52800,1,Partner,CRM Pro,0,0,On track,0,0,74
1206,Beacon 029 • Service Suite,29,4,7,2026-01-19,2026-02-01,2026-02-01,Lost,21700,0,Partner,Service Suite,0,0,On track,0,0,13
1207,Northstar 055 • CRM Enterprise,55,6,7,2026-05-23,2026-06-15,2026-06-15,Lost,61800,0,Outbound,CRM Enterprise,0,0,On track,0,0,23
1208,Juniper 104 • Service Suite,104,8,7,2025-02-06,2025-04-15,2025-04-15,Lost,32100,0,Event,Service Suite,0,0,On track,0,0,68
1209,Northstar 103 • Service Suite,103,12,6,2025-02-18,2025-04-21,2025-04-21,Won,34900,1,Partner,Service Suite,0,0,On track,0,0,62
1210,Summit 066 • Service Suite,66,11,7,2026-03-03,2026-05-05,2026-05-05,Lost,41800,0,Outbound,Service Suite,0,0,On track,0,0,63
1211,Meridian 129 • CRM Enterprise,129,7,6,2025-04-11,2025-06-28,2025-06-28,Won,15300,1,Partner,CRM Enterprise,0,0,On track,0,0,78
1212,Juniper 086 • CRM Enterprise,86,8,6,2025-05-06,2025-09-29,2025-09-29,Won,47100,1,Event,CRM Enterprise,0,0,On track,0,0,146
1213,Summit 108 • Service Suite,108,8,7,2025-08-01,2025-08-30,2025-08-30,Lost,30500,0,Event,Service Suite,0,0,On track,0,0,29
1214,Cobalt 094 • CRM Enterprise,94,10,7,2025-12-19,2026-01-18,2026-01-18,Lost,58100,0,Outbound,CRM Enterprise,0,0,On track,0,0,30
1215,Summit 096 • CRM Pro,96,10,6,2025-10-24,2025-12-29,2025-12-29,Won,11000,1,Partner,CRM Pro,0,0,On track,0,0,66
1216,Cobalt 040 • CRM Pro,40,12,6,2025-07-22,2025-09-16,2025-09-16,Won,49000,1,Partner,CRM Pro,0,0,On track,0,0,56
1217,Beacon 035 • CRM Enterprise,35,11,7,2026-05-06,2026-09-09,2026-09-09,Lost,162000,0,Partner,CRM Enterprise,0,0,On track,0,0,126
1218,Meridian 033 • CRM Pro,33,8,7,2025-02-26,2025-05-28,2025-05-28,Lost,90800,0,Outbound,CRM Pro,0,0,On track,0,0,91
1219,Beacon 131 • CRM Pro,131,3,4,2026-08-01,,2026-11-12,Open,45700,0.7,Partner,CRM Pro,0,23,No activity 14+ days,1,0,
1220,Juniper 026 • CRM Enterprise,26,2,6,2026-01-29,2026-04-04,2026-04-04,Won,42500,1,Outbound,CRM Enterprise,0,0,On track,0,0,65
1221,Cobalt 034 • Service Suite,34,12,7,2026-06-14,2026-08-17,2026-08-17,Lost,43300,0,Event,Service Suite,0,0,On track,0,0,64
1222,Beacon 101 • Service Suite,101,9,7,2025-09-11,2025-11-09,2025-11-09,Lost,5100,0,Partner,Service Suite,0,0,On track,0,0,59
1223,Juniper 038 • CRM Pro,38,9,6,2025-04-12,2025-09-23,2025-09-23,Won,129800,1,Event,CRM Pro,0,0,On track,0,0,164
1224,Meridian 171 • CRM Pro,171,7,5,2026-07-22,,2026-11-05,Open,31900,0.85,Partner,CRM Pro,5,3,On track,0,0,
1225,Northstar 025 • Service Suite,25,5,6,2025-09-29,2025-11-27,2025-11-27,Won,8200,1,Inbound,Service Suite,0,0,On track,0,0,59
1226,Meridian 081 • Service Suite,81,3,7,2025-09-04,2025-11-17,2025-11-17,Lost,61500,0,Partner,Service Suite,0,0,On track,0,0,74
1227,Juniper 014 • Service Suite,14,10,7,2026-07-06,2026-09-04,2026-09-04,Lost,17000,0,Inbound,Service Suite,0,0,On track,0,0,60
1228,Juniper 146 • CRM Pro,146,9,7,2025-10-15,2025-11-23,2025-11-23,Lost,6700,0,Partner,CRM Pro,0,0,On track,0,0,39
1229,Cobalt 118 • CRM Pro,118,6,7,2026-04-07,2026-04-18,2026-04-18,Lost,19300,0,Event,CRM Pro,0,0,On track,0,0,11
1230,Cobalt 100 • Service Suite,100,4,6,2025-02-26,2025-05-22,2025-05-22,Won,34100,1,Event,Service Suite,0,0,On track,0,0,85
1231,Cobalt 118 • Service Suite,118,3,6,2025-09-08,2025-11-18,2025-11-18,Won,15900,1,Outbound,Service Suite,0,0,On track,0,0,71
1232,Cobalt 016 • Service Suite,16,4,6,2025-09-17,2026-02-14,2026-02-14,Won,172800,1,Outbound,Service Suite,0,0,On track,0,0,150
1233,Northstar 055 • CRM Pro,55,9,6,2026-01-25,2026-04-20,2026-04-20,Won,34800,1,Event,CRM Pro,0,0,On track,0,0,85
1234,Northstar 061 • Service Suite,61,11,7,2025-12-19,2026-03-02,2026-03-02,Lost,10600,0,Partner,Service Suite,0,0,On track,0,0,73
1235,Beacon 089 • CRM Enterprise,89,9,7,2025-12-01,2026-01-06,2026-01-06,Lost,54600,0,Event,CRM Enterprise,0,0,On track,0,0,36
1236,Juniper 026 • CRM Pro,26,5,7,2025-05-31,2025-07-16,2025-07-16,Lost,13500,0,Partner,CRM Pro,0,0,On track,0,0,46
1237,Juniper 128 • CRM Enterprise,128,8,7,2025-11-05,2026-01-03,2026-01-03,Lost,108900,0,Inbound,CRM Enterprise,0,0,On track,0,0,59
1238,Meridian 111 • CRM Pro,111,4,7,2025-03-25,2025-05-25,2025-05-25,Lost,140300,0,Event,CRM Pro,0,0,On track,0,0,61
1239,Meridian 111 • CRM Pro,111,5,7,2025-06-17,2025-10-08,2025-10-08,Lost,111100,0,Outbound,CRM Pro,0,0,On track,0,0,113
1240,Beacon 017 • CRM Pro,17,6,7,2026-04-05,2026-06-03,2026-06-03,Lost,17000,0,Inbound,CRM Pro,0,0,On track,0,0,59
1241,Cobalt 046 • CRM Enterprise,46,9,7,2025-06-25,2025-07-15,2025-07-15,Lost,13700,0,Inbound,CRM Enterprise,0,0,On track,0,0,20
1242,Cobalt 094 • CRM Enterprise,94,10,7,2025-04-21,2025-06-02,2025-06-02,Lost,62200,0,Partner,CRM Enterprise,0,0,On track,0,0,42
1243,Meridian 033 • Service Suite,33,5,7,2026-04-20,2026-08-10,2026-08-10,Lost,54200,0,Event,Service Suite,0,0,On track,0,0,112
1244,Northstar 157 • CRM Pro,157,12,7,2025-11-06,2025-12-28,2025-12-28,Lost,14700,0,Partner,CRM Pro,0,0,On track,0,0,52
1245,Cobalt 178 • CRM Enterprise,178,2,1,2026-09-05,,2027-02-05,Open,38600,0.15,Partner,CRM Enterprise,25,25,No activity 14+ days,1,0,
1246,Northstar 013 • CRM Enterprise,13,5,6,2025-02-22,2025-05-28,2025-05-28,Won,10900,1,Outbound,CRM Enterprise,0,0,On track,0,0,95
1247,Juniper 116 • CRM Enterprise,116,11,6,2026-05-06,2026-09-19,2026-09-19,Won,52500,1,Inbound,CRM Enterprise,0,0,On track,0,0,136
1248,Northstar 121 • CRM Enterprise,121,9,6,2025-03-31,2025-09-06,2025-09-06,Won,64500,1,Outbound,CRM Enterprise,0,0,On track,0,0,159
1249,Beacon 167 • Service Suite,167,9,6,2026-01-30,2026-08-01,2026-08-01,Won,48100,1,Partner,Service Suite,0,0,On track,0,0,183
1250,Meridian 027 • CRM Pro,27,11,6,2025-07-26,2025-11-14,2025-11-14,Won,20900,1,Outbound,CRM Pro,0,0,On track,0,0,111
1251,Cobalt 004 • CRM Enterprise,4,8,6,2026-04-09,2026-06-21,2026-06-21,Won,21300,1,Inbound,CRM Enterprise,0,0,On track,0,0,73
1252,Cobalt 070 • CRM Enterprise,70,3,7,2026-04-06,2026-05-14,2026-05-14,Lost,22700,0,Partner,CRM Enterprise,0,0,On track,0,0,38
1253,Juniper 014 • Service Suite,14,12,7,2026-05-08,2026-07-06,2026-07-06,Lost,21500,0,Outbound,Service Suite,0,0,On track,0,0,59
1254,Beacon 167 • Service Suite,167,10,7,2025-04-27,2025-09-09,2025-09-09,Lost,123600,0,Outbound,Service Suite,0,0,On track,0,0,135
1255,Beacon 041 • Service Suite,41,7,6,2025-02-08,2025-04-13,2025-04-13,Won,10300,1,Partner,Service Suite,0,0,On track,0,0,64
1256,Cobalt 028 • CRM Pro,28,12,6,2026-07-14,2026-09-18,2026-09-18,Won,57700,1,Event,CRM Pro,0,0,On track,0,0,66
1257,Summit 024 • CRM Enterprise,24,11,7,2026-01-19,2026-03-17,2026-03-17,Lost,14300,0,Inbound,CRM Enterprise,0,0,On track,0,0,57
1258,Beacon 143 • CRM Enterprise,143,5,3,2026-07-18,,2026-10-15,Open,87300,0.5,Outbound,CRM Enterprise,21,24,No activity 14+ days,1,0,
1259,Northstar 025 • CRM Pro,25,9,6,2026-04-22,2026-07-20,2026-07-20,Won,11900,1,Partner,CRM Pro,0,0,On track,0,0,89
1260,Northstar 157 • CRM Enterprise,157,11,7,2025-02-19,2025-03-09,2025-03-09,Lost,6900,0,Partner,CRM Enterprise,0,0,On track,0,0,18
1261,Northstar 025 • CRM Pro,25,10,7,2025-11-30,2026-01-03,2026-01-03,Lost,12800,0,Partner,CRM Pro,0,0,On track,0,0,34
1262,Northstar 115 • Service Suite,115,7,6,2025-11-25,2026-02-17,2026-02-17,Won,64500,1,Partner,Service Suite,0,0,On track,0,0,84
1263,Northstar 133 • CRM Enterprise,133,4,4,2026-08-12,,2026-11-26,Open,34700,0.7,Outbound,CRM Enterprise,18,20,No activity 14+ days,1,0,
1264,Beacon 077 • CRM Pro,77,5,7,2026-02-10,2026-04-28,2026-04-28,Lost,134700,0,Event,CRM Pro,0,0,On track,0,0,77
1265,Northstar 067 • Service Suite,67,8,6,2025-06-02,2025-10-30,2025-10-30,Won,53000,1,Partner,Service Suite,0,0,On track,0,0,150
1266,Meridian 087 • Service Suite,87,7,6,2025-06-29,2025-12-31,2025-12-31,Won,93800,1,Outbound,Service Suite,0,0,On track,0,0,185
1267,Meridian 105 • CRM Enterprise,105,12,7,2025-02-10,2025-04-14,2025-04-14,Lost,17500,0,Inbound,CRM Enterprise,0,0,On track,0,0,63
1268,Northstar 133 • CRM Pro,133,3,6,2025-10-11,2026-01-17,2026-01-17,Won,57600,1,Outbound,CRM Pro,0,0,On track,0,0,98
1269,Beacon 029 • CRM Pro,29,11,5,2026-07-21,,2026-10-20,Open,4500,0.85,Inbound,CRM Pro,0,22,No activity 14+ days,1,0,
1270,Cobalt 172 • Service Suite,172,12,7,2026-01-03,2026-04-22,2026-04-22,Lost,97800,0,Inbound,Service Suite,0,0,On track,0,0,109
1271,Juniper 068 • CRM Enterprise,68,12,7,2026-09-11,2026-09-25,2026-09-25,Lost,19900,0,Outbound,CRM Enterprise,0,0,On track,0,0,14
1272,Juniper 140 • CRM Enterprise,140,9,7,2026-03-11,2026-04-29,2026-04-29,Lost,23200,0,Outbound,CRM Enterprise,0,0,On track,0,0,49
1273,Northstar 013 • CRM Enterprise,13,5,7,2025-08-30,2025-10-22,2025-10-22,Lost,19600,0,Partner,CRM Enterprise,0,0,On track,0,0,53
1274,Cobalt 082 • CRM Enterprise,82,8,7,2025-04-22,2025-05-26,2025-05-26,Lost,17100,0,Inbound,CRM Enterprise,0,0,On track,0,0,34
1275,Summit 060 • Service Suite,60,10,3,2026-07-30,,2026-10-19,Open,16900,0.5,Partner,Service Suite,19,18,No activity 14+ days,1,0,
1276,Cobalt 130 • CRM Pro,130,4,7,2026-01-23,2026-02-11,2026-02-11,Lost,18400,0,Inbound,CRM Pro,0,0,On track,0,0,19
1277,Northstar 031 • Service Suite,31,11,6,2025-08-22,2026-01-10,2026-01-10,Won,143500,1,Event,Service Suite,0,0,On track,0,0,141
1278,Beacon 011 • CRM Enterprise,11,9,6,2025-07-13,2025-12-06,2025-12-06,Won,52900,1,Inbound,CRM Enterprise,0,0,On track,0,0,146
1279,Beacon 041 • CRM Enterprise,41,2,6,2025-11-03,2026-01-14,2026-01-14,Won,19200,1,Outbound,CRM Enterprise,0,0,On track,0,0,72
1280,Juniper 158 • CRM Enterprise,158,6,7,2026-08-22,2026-09-05,2026-09-05,Lost,61000,0,Outbound,CRM Enterprise,0,0,On track,0,0,14
1281,Meridian 087 • CRM Pro,87,8,6,2025-07-12,2025-12-08,2025-12-08,Won,140000,1,Outbound,CRM Pro,0,0,On track,0,0,149
1282,Meridian 159 • Service Suite,159,5,7,2025-10-11,2025-11-16,2025-11-16,Lost,20100,0,Partner,Service Suite,0,0,On track,0,0,36
1283,Summit 012 • CRM Pro,12,10,7,2025-01-08,2025-03-06,2025-03-06,Lost,24300,0,Event,CRM Pro,0,0,On track,0,0,57
1284,Northstar 169 • CRM Pro,169,6,7,2026-07-30,2026-09-15,2026-09-15,Lost,42300,0,Inbound,CRM Pro,0,0,On track,0,0,47
1285,Juniper 158 • CRM Pro,158,9,7,2025-08-18,2025-10-05,2025-10-05,Lost,24500,0,Event,CRM Pro,0,0,On track,0,0,48
1286,Northstar 175 • CRM Pro,175,8,7,2025-10-02,2025-12-07,2025-12-07,Lost,60300,0,Partner,CRM Pro,0,0,On track,0,0,66
1287,Northstar 151 • Service Suite,151,9,7,2025-11-14,2025-12-10,2025-12-10,Lost,4500,0,Inbound,Service Suite,0,0,On track,0,0,26
1288,Beacon 023 • CRM Enterprise,23,4,7,2026-04-07,2026-04-15,2026-04-15,Lost,7400,0,Outbound,CRM Enterprise,0,0,On track,0,0,8
1289,Beacon 095 • CRM Pro,95,3,7,2025-03-03,2025-04-24,2025-04-24,Lost,16300,0,Partner,CRM Pro,0,0,On track,0,0,52
1290,Northstar 145 • Service Suite,145,5,5,2026-04-10,,2026-07-14,Open,83000,0.85,Partner,Service Suite,34,37,Close date overdue,1,1,
1291,Juniper 116 • CRM Pro,116,12,6,2026-03-18,2026-08-23,2026-08-23,Won,35200,1,Inbound,CRM Pro,0,0,On track,0,0,158
1292,Beacon 035 • CRM Pro,35,3,6,2025-05-05,2025-10-07,2025-10-07,Won,166500,1,Outbound,CRM Pro,0,0,On track,0,0,155
1293,Northstar 109 • CRM Enterprise,109,9,6,2026-03-13,2026-05-23,2026-05-23,Won,17400,1,Event,CRM Enterprise,0,0,On track,0,0,71
1294,Summit 072 • Service Suite,72,4,2,2026-09-10,,2027-02-20,Open,19600,0.3,Event,Service Suite,7,20,No activity 14+ days,1,0,
1295,Summit 138 • CRM Enterprise,138,5,7,2026-04-09,2026-04-29,2026-04-29,Lost,51700,0,Outbound,CRM Enterprise,0,0,On track,0,0,20
1296,Juniper 068 • CRM Enterprise,68,8,5,2026-07-30,,2027-01-13,Open,18300,0.85,Event,CRM Enterprise,15,6,On track,0,0,
1297,Juniper 062 • CRM Enterprise,62,2,7,2025-11-02,2025-12-23,2025-12-23,Lost,11800,0,Event,CRM Enterprise,0,0,On track,0,0,51
1298,Northstar 007 • Service Suite,7,7,7,2025-03-10,2025-07-18,2025-07-18,Lost,104900,0,Partner,Service Suite,0,0,On track,0,0,130
1299,Summit 072 • Service Suite,72,11,6,2026-04-21,2026-07-13,2026-07-13,Won,63400,1,Event,Service Suite,0,0,On track,0,0,83
1300,Northstar 133 • Service Suite,133,10,3,2026-07-23,,2026-09-23,Open,16300,0.5,Event,Service Suite,19,5,Close date overdue,1,1,
1301,Cobalt 076 • Service Suite,76,11,7,2026-02-18,2026-03-23,2026-03-23,Lost,157000,0,Event,Service Suite,0,0,On track,0,0,33
1302,Meridian 003 • CRM Pro,3,11,6,2026-03-30,2026-06-27,2026-06-27,Won,16100,1,Outbound,CRM Pro,0,0,On track,0,0,89
1303,Juniper 098 • CRM Enterprise,98,12,6,2026-03-31,2026-06-05,2026-06-05,Won,40800,1,Event,CRM Enterprise,0,0,On track,0,0,66
1304,Juniper 098 • CRM Enterprise,98,9,7,2025-11-24,2026-02-19,2026-02-19,Lost,47500,0,Event,CRM Enterprise,0,0,On track,0,0,87
1305,Beacon 005 • CRM Pro,5,9,7,2026-08-20,2026-08-30,2026-08-30,Lost,16400,0,Event,CRM Pro,0,0,On track,0,0,10
1306,Summit 072 • Service Suite,72,1,6,2025-12-18,2026-04-05,2026-04-05,Won,21900,1,Partner,Service Suite,0,0,On track,0,0,108
1307,Northstar 163 • Service Suite,163,6,7,2026-06-17,2026-07-09,2026-07-09,Lost,18600,0,Event,Service Suite,0,0,On track,0,0,22
1308,Juniper 086 • CRM Enterprise,86,6,7,2025-03-22,2025-05-22,2025-05-22,Lost,156000,0,Outbound,CRM Enterprise,0,0,On track,0,0,61
1309,Cobalt 130 • CRM Enterprise,130,6,7,2025-08-12,2025-09-14,2025-09-14,Lost,38100,0,Event,CRM Enterprise,0,0,On track,0,0,33
1310,Cobalt 022 • CRM Pro,22,12,6,2025-07-11,2025-09-30,2025-09-30,Won,65100,1,Event,CRM Pro,0,0,On track,0,0,81
1311,Northstar 055 • CRM Pro,55,10,7,2025-02-21,2025-04-10,2025-04-10,Lost,28800,0,Outbound,CRM Pro,0,0,On track,0,0,48
1312,Beacon 047 • CRM Pro,47,5,7,2025-10-11,2025-12-19,2025-12-19,Lost,10000,0,Inbound,CRM Pro,0,0,On track,0,0,69
1313,Summit 084 • CRM Enterprise,84,10,4,2026-06-20,,2026-10-21,Open,76900,0.7,Partner,CRM Enterprise,19,16,No activity 14+ days,1,0,
1314,Beacon 119 • Service Suite,119,9,7,2025-03-15,2025-04-05,2025-04-05,Lost,37200,0,Partner,Service Suite,0,0,On track,0,0,21
1315,Northstar 157 • Service Suite,157,11,6,2025-09-28,2025-12-22,2025-12-22,Won,10200,1,Inbound,Service Suite,0,0,On track,0,0,85
1316,Juniper 158 • Service Suite,158,12,7,2026-03-10,2026-05-22,2026-05-22,Lost,47100,0,Outbound,Service Suite,0,0,On track,0,0,73
1317,Juniper 056 • CRM Pro,56,6,7,2025-12-19,2026-02-12,2026-02-12,Lost,14600,0,Outbound,CRM Pro,0,0,On track,0,0,55
1318,Summit 084 • CRM Enterprise,84,11,6,2025-07-05,2025-12-27,2025-12-27,Won,114500,1,Inbound,CRM Enterprise,0,0,On track,0,0,175
1319,Northstar 157 • Service Suite,157,4,6,2025-12-26,2026-02-26,2026-02-26,Won,5900,1,Inbound,Service Suite,0,0,On track,0,0,62
1320,Cobalt 022 • CRM Enterprise,22,7,7,2025-04-11,2025-07-08,2025-07-08,Lost,31100,0,Outbound,CRM Enterprise,0,0,On track,0,0,88
1321,Northstar 151 • CRM Pro,151,6,4,2026-07-15,,2027-01-02,Open,21600,0.7,Event,CRM Pro,24,35,No activity 14+ days,1,0,
1322,Summit 144 • CRM Pro,144,12,4,2026-05-24,,2026-08-08,Open,90800,0.7,Outbound,CRM Pro,37,45,Close date overdue,1,1,
1323,Cobalt 100 • Service Suite,100,6,6,2025-01-27,2025-04-18,2025-04-18,Won,12600,1,Partner,Service Suite,0,0,On track,0,0,81
1324,Cobalt 064 • CRM Enterprise,64,10,7,2026-03-30,2026-04-14,2026-04-14,Lost,58200,0,Inbound,CRM Enterprise,0,0,On track,0,0,15
1325,Juniper 176 • CRM Pro,176,2,1,2026-09-29,,2027-02-03,Open,14100,0.15,Inbound,CRM Pro,1,1,On track,0,0,
1326,Juniper 170 • Service Suite,170,8,7,2025-02-06,2025-03-20,2025-03-20,Lost,60400,0,Outbound,Service Suite,0,0,On track,0,0,42
1327,Northstar 013 • Service Suite,13,4,7,2026-03-08,2026-05-18,2026-05-18,Lost,17900,0,Partner,Service Suite,0,0,On track,0,0,71
1328,Cobalt 058 • CRM Pro,58,5,7,2025-09-14,2026-03-02,2026-03-02,Lost,46800,0,Outbound,CRM Pro,0,0,On track,0,0,169
1329,Juniper 104 • CRM Enterprise,104,8,6,2026-01-07,2026-05-27,2026-05-27,Won,67600,1,Partner,CRM Enterprise,0,0,On track,0,0,140
1330,Summit 162 • Service Suite,162,5,7,2026-06-13,2026-07-13,2026-07-13,Lost,17000,0,Partner,Service Suite,0,0,On track,0,0,30
1331,Summit 102 • Service Suite,102,9,7,2025-01-19,2025-03-01,2025-03-01,Lost,35700,0,Partner,Service Suite,0,0,On track,0,0,41
1332,Northstar 133 • CRM Enterprise,133,5,6,2025-09-21,2025-12-18,2025-12-18,Won,20500,1,Outbound,CRM Enterprise,0,0,On track,0,0,88
1333,Beacon 023 • CRM Pro,23,9,7,2025-08-31,2025-11-01,2025-11-01,Lost,9400,0,Event,CRM Pro,0,0,On track,0,0,62
1334,Beacon 161 • CRM Pro,161,3,6,2025-08-03,2025-11-09,2025-11-09,Won,16200,1,Outbound,CRM Pro,0,0,On track,0,0,98
1335,Summit 084 • CRM Pro,84,5,7,2026-03-20,2026-07-10,2026-07-10,Lost,104200,0,Event,CRM Pro,0,0,On track,0,0,112
1336,Meridian 033 • CRM Pro,33,3,6,2025-08-14,2026-01-15,2026-01-15,Won,69400,1,Outbound,CRM Pro,0,0,On track,0,0,154
1337,Northstar 055 • CRM Pro,55,2,4,2026-08-03,,2026-11-15,Open,48200,0.7,Partner,CRM Pro,11,35,No activity 14+ days,1,0,
1338,Meridian 159 • CRM Enterprise,159,4,7,2026-04-24,2026-07-09,2026-07-09,Lost,15600,0,Partner,CRM Enterprise,0,0,On track,0,0,76
1339,Summit 150 • CRM Enterprise,150,6,7,2025-10-28,2025-11-08,2025-11-08,Lost,62700,0,Event,CRM Enterprise,0,0,On track,0,0,11
1340,Summit 156 • CRM Pro,156,1,7,2026-03-12,2026-05-14,2026-05-14,Lost,43700,0,Outbound,CRM Pro,0,0,On track,0,0,63
1341,Juniper 050 • Service Suite,50,6,6,2025-02-19,2025-05-07,2025-05-07,Won,63900,1,Event,Service Suite,0,0,On track,0,0,77
1342,Northstar 013 • CRM Pro,13,11,6,2025-08-20,2025-10-15,2025-10-15,Won,19800,1,Inbound,CRM Pro,0,0,On track,0,0,56
1343,Meridian 177 • CRM Pro,177,2,6,2025-04-08,2025-06-22,2025-06-22,Won,61000,1,Event,CRM Pro,0,0,On track,0,0,75
1344,Meridian 123 • CRM Pro,123,1,7,2025-05-29,2025-06-18,2025-06-18,Lost,55700,0,Partner,CRM Pro,0,0,On track,0,0,20
1345,Beacon 095 • CRM Enterprise,95,11,7,2025-04-12,2025-05-02,2025-05-02,Lost,18800,0,Outbound,CRM Enterprise,0,0,On track,0,0,20
1346,Northstar 157 • Service Suite,157,4,6,2025-04-15,2025-06-28,2025-06-28,Won,15200,1,Outbound,Service Suite,0,0,On track,0,0,74
1347,Northstar 127 • CRM Pro,127,3,7,2026-01-22,2026-03-09,2026-03-09,Lost,33200,0,Partner,CRM Pro,0,0,On track,0,0,46
1348,Meridian 015 • Service Suite,15,9,7,2025-02-22,2025-03-18,2025-03-18,Lost,21300,0,Outbound,Service Suite,0,0,On track,0,0,24
1349,Cobalt 034 • Service Suite,34,5,7,2026-01-21,2026-02-03,2026-02-03,Lost,18100,0,Inbound,Service Suite,0,0,On track,0,0,13
1350,Meridian 045 • CRM Enterprise,45,5,7,2025-10-11,2025-12-21,2025-12-21,Lost,62900,0,Outbound,CRM Enterprise,0,0,On track,0,0,71
1351,Beacon 167 • Service Suite,167,6,6,2025-06-02,2025-10-28,2025-10-28,Won,133300,1,Partner,Service Suite,0,0,On track,0,0,148
1352,Northstar 109 • CRM Pro,109,9,6,2025-11-19,2026-02-03,2026-02-03,Won,17300,1,Outbound,CRM Pro,0,0,On track,0,0,76
1353,Summit 024 • Service Suite,24,10,6,2026-06-21,2026-08-27,2026-08-27,Won,19600,1,Inbound,Service Suite,0,0,On track,0,0,67
1354,Summit 036 • Service Suite,36,2,7,2025-10-08,2025-12-26,2025-12-26,Lost,10800,0,Outbound,Service Suite,0,0,On track,0,0,79
1355,Summit 168 • CRM Enterprise,168,3,6,2026-04-15,2026-06-25,2026-06-25,Won,44600,1,Partner,CRM Enterprise,0,0,On track,0,0,71
1356,Summit 084 • CRM Pro,84,8,6,2025-02-03,2025-06-28,2025-06-28,Won,47300,1,Outbound,CRM Pro,0,0,On track,0,0,145
1357,Summit 132 • CRM Pro,132,6,7,2025-08-11,2025-09-07,2025-09-07,Lost,31600,0,Event,CRM Pro,0,0,On track,0,0,27
1358,Northstar 097 • CRM Pro,97,10,6,2025-08-14,2025-11-30,2025-11-30,Won,25400,1,Inbound,CRM Pro,0,0,On track,0,0,108
1359,Summit 078 • CRM Enterprise,78,12,7,2026-03-21,2026-04-25,2026-04-25,Lost,51700,0,Inbound,CRM Enterprise,0,0,On track,0,0,35
1360,Cobalt 082 • CRM Enterprise,82,4,7,2025-04-04,2025-06-09,2025-06-09,Lost,12100,0,Partner,CRM Enterprise,0,0,On track,0,0,66
1361,Northstar 031 • CRM Enterprise,31,4,7,2025-02-25,2025-03-26,2025-03-26,Lost,141300,0,Event,CRM Enterprise,0,0,On track,0,0,29
1362,Cobalt 076 • CRM Pro,76,12,6,2026-01-13,2026-06-25,2026-06-25,Won,153100,1,Outbound,CRM Pro,0,0,On track,0,0,163
1363,Juniper 080 • Service Suite,80,9,7,2025-06-23,2025-07-28,2025-07-28,Lost,44600,0,Event,Service Suite,0,0,On track,0,0,35
1364,Northstar 007 • CRM Pro,7,6,3,2026-07-22,,2026-10-27,Open,103700,0.5,Outbound,CRM Pro,9,1,On track,0,0,
1365,Northstar 019 • CRM Enterprise,19,11,3,2026-07-23,,2026-11-08,Open,121000,0.5,Event,CRM Enterprise,0,23,No activity 14+ days,1,0,
1366,Beacon 155 • CRM Enterprise,155,9,7,2025-06-18,2025-06-30,2025-06-30,Lost,5500,0,Inbound,CRM Enterprise,0,0,On track,0,0,12
1367,Cobalt 154 • CRM Enterprise,154,9,7,2026-03-19,2026-04-24,2026-04-24,Lost,52200,0,Event,CRM Enterprise,0,0,On track,0,0,36
1368,Beacon 125 • CRM Enterprise,125,7,6,2025-08-27,2025-10-20,2025-10-20,Won,16700,1,Outbound,CRM Enterprise,0,0,On track,0,0,54
1369,Cobalt 130 • Service Suite,130,12,6,2025-09-20,2025-11-15,2025-11-15,Won,16400,1,Event,Service Suite,0,0,On track,0,0,56
1370,Cobalt 082 • Service Suite,82,8,6,2026-01-26,2026-03-26,2026-03-26,Won,5100,1,Partner,Service Suite,0,0,On track,0,0,59
1371,Summit 180 • CRM Pro,180,4,7,2026-02-04,2026-03-31,2026-03-31,Lost,48700,0,Inbound,CRM Pro,0,0,On track,0,0,55
1372,Meridian 081 • CRM Pro,81,8,7,2025-08-28,2025-10-26,2025-10-26,Lost,38300,0,Inbound,CRM Pro,0,0,On track,0,0,59
1373,Juniper 164 • CRM Enterprise,164,5,7,2026-04-16,2026-07-13,2026-07-13,Lost,57600,0,Event,CRM Enterprise,0,0,On track,0,0,88
1374,Meridian 093 • CRM Pro,93,1,7,2026-03-25,2026-06-02,2026-06-02,Lost,8900,0,Event,CRM Pro,0,0,On track,0,0,69
1375,Juniper 170 • Service Suite,170,3,7,2026-03-22,2026-04-16,2026-04-16,Lost,56500,0,Partner,Service Suite,0,0,On track,0,0,25
1376,Meridian 015 • CRM Enterprise,15,6,1,2026-09-26,,2026-12-02,Open,10600,0.15,Event,CRM Enterprise,4,4,On track,0,0,
1377,Cobalt 148 • CRM Pro,148,12,2,2026-09-22,,2026-11-29,Open,65700,0.3,Event,CRM Pro,2,8,On track,0,0,
1378,Cobalt 124 • CRM Pro,124,1,1,2026-09-25,,2027-01-02,Open,99600,0.15,Partner,CRM Pro,5,5,On track,0,0,
1379,Northstar 109 • Service Suite,109,12,6,2026-05-17,2026-08-15,2026-08-15,Won,15300,1,Event,Service Suite,0,0,On track,0,0,90
1380,Meridian 171 • Service Suite,171,2,6,2026-02-16,2026-04-28,2026-04-28,Won,59300,1,Event,Service Suite,0,0,On track,0,0,71
1381,Northstar 169 • Service Suite,169,3,6,2025-09-28,2025-11-22,2025-11-22,Won,51600,1,Partner,Service Suite,0,0,On track,0,0,55
1382,Beacon 029 • Service Suite,29,3,6,2026-03-25,2026-07-05,2026-07-05,Won,14000,1,Outbound,Service Suite,0,0,On track,0,0,102
1383,Cobalt 004 • CRM Enterprise,4,3,2,2026-09-16,,2027-03-05,Open,15500,0.3,Inbound,CRM Enterprise,0,14,No activity 14+ days,1,0,
1384,Beacon 005 • CRM Enterprise,5,7,7,2025-02-25,2025-03-23,2025-03-23,Lost,10900,0,Event,CRM Enterprise,0,0,On track,0,0,26
1385,Cobalt 034 • Service Suite,34,5,7,2026-05-10,2026-08-16,2026-08-16,Lost,23100,0,Event,Service Suite,0,0,On track,0,0,98
1386,Northstar 019 • CRM Pro,19,10,7,2025-04-17,2025-07-31,2025-07-31,Lost,176000,0,Outbound,CRM Pro,0,0,On track,0,0,105
1387,Juniper 140 • Service Suite,140,12,2,2026-09-02,,2026-11-22,Open,47900,0.3,Outbound,Service Suite,7,5,On track,0,0,
1388,Beacon 137 • Service Suite,137,6,4,2026-08-08,,2027-01-18,Open,60500,0.7,Partner,Service Suite,3,41,No activity 14+ days,1,0,
1389,Juniper 002 • Service Suite,2,9,7,2025-04-10,2025-05-01,2025-05-01,Lost,61300,0,Partner,Service Suite,0,0,On track,0,0,21
1390,Northstar 115 • CRM Enterprise,115,3,3,2026-08-31,,2027-01-10,Open,38800,0.5,Event,CRM Enterprise,4,24,No activity 14+ days,1,0,
1391,Northstar 079 • Service Suite,79,12,7,2026-05-02,2026-05-18,2026-05-18,Lost,58300,0,Inbound,Service Suite,0,0,On track,0,0,16
1392,Cobalt 082 • CRM Enterprise,82,11,7,2025-11-01,2026-01-15,2026-01-15,Lost,12200,0,Partner,CRM Enterprise,0,0,On track,0,0,75
1393,Juniper 020 • CRM Enterprise,20,9,7,2026-03-23,2026-05-16,2026-05-16,Lost,116200,0,Partner,CRM Enterprise,0,0,On track,0,0,54
1394,Northstar 013 • CRM Pro,13,2,3,2026-08-21,,2026-12-21,Open,13800,0.5,Partner,CRM Pro,9,13,On track,0,0,
1395,Northstar 139 • CRM Pro,139,9,6,2026-04-24,2026-07-20,2026-07-20,Won,20000,1,Outbound,CRM Pro,0,0,On track,0,0,87
1396,Northstar 073 • CRM Enterprise,73,5,6,2026-04-26,2026-09-30,2026-09-30,Won,45100,1,Inbound,CRM Enterprise,0,0,On track,0,0,157
1397,Northstar 091 • CRM Pro,91,9,6,2025-02-08,2025-05-05,2025-05-05,Won,59200,1,Event,CRM Pro,0,0,On track,0,0,86
1398,Meridian 003 • CRM Pro,3,4,6,2025-12-17,2026-03-02,2026-03-02,Won,45300,1,Event,CRM Pro,0,0,On track,0,0,75
1399,Meridian 147 • CRM Pro,147,7,6,2025-09-29,2025-12-21,2025-12-21,Won,30800,1,Outbound,CRM Pro,0,0,On track,0,0,83
1400,Summit 024 • Service Suite,24,5,7,2025-09-01,2025-10-13,2025-10-13,Lost,8500,0,Event,Service Suite,0,0,On track,0,0,42
