HistoryID,OpportunityID,StageID,EnteredDate,ExitedDate,DaysInStage
1,1,1,2025-05-25,2025-06-11,17
2,1,2,2025-06-11,2025-07-07,26
3,1,3,2025-07-07,2025-07-18,11
4,2,1,2025-12-31,2026-01-15,15
5,2,2,2026-01-15,2026-01-26,11
6,2,3,2026-01-26,2026-02-03,8
7,2,4,2026-02-03,2026-02-17,14
8,2,5,2026-02-17,2026-03-11,22
9,3,1,2025-05-09,2025-05-30,21
10,4,1,2026-04-13,2026-05-02,19
11,4,2,2026-05-02,2026-05-26,24
12,5,1,2026-03-29,2026-04-19,21
13,5,2,2026-04-19,2026-05-11,22
14,5,3,2026-05-11,2026-05-26,15
15,6,1,2026-05-14,2026-05-29,15
16,6,2,2026-05-29,2026-06-25,27
17,6,3,2026-06-25,2026-07-15,20
18,6,4,2026-07-15,2026-08-11,27
19,7,1,2025-03-23,2025-04-12,20
20,7,2,2025-04-12,2025-05-06,24
21,7,3,2025-05-06,2025-06-13,38
22,7,4,2025-06-13,2025-07-06,23
23,7,5,2025-07-06,2025-08-17,42
24,8,1,2025-09-29,2025-10-10,11
25,8,2,2025-10-10,2025-10-31,21
26,8,3,2025-10-31,2025-11-05,5
27,8,4,2025-11-05,2025-11-30,25
28,8,5,2025-11-30,2025-12-23,23
29,9,1,2025-01-17,2025-01-22,5
30,9,2,2025-01-22,2025-01-28,6
31,9,3,2025-01-28,2025-02-08,11
32,9,4,2025-02-08,2025-02-14,6
33,9,5,2025-02-14,2025-02-26,12
34,10,1,2026-04-13,2026-05-07,24
35,10,2,2026-05-07,2026-05-21,14
36,10,3,2026-05-21,2026-06-04,14
37,10,4,2026-06-04,2026-06-20,16
38,10,5,2026-06-20,2026-07-12,22
39,11,1,2025-06-11,2025-07-07,26
40,11,2,2025-07-07,2025-07-21,14
41,11,3,2025-07-21,2025-08-01,11
42,11,4,2025-08-01,2025-08-25,24
43,11,5,2025-08-25,2025-09-08,14
44,12,1,2025-05-24,2025-06-19,26
45,12,2,2025-06-19,2025-07-27,38
46,12,3,2025-07-27,2025-09-02,37
47,12,4,2025-09-02,2025-10-10,38
48,12,5,2025-10-10,2025-11-17,38
49,13,1,2025-07-24,2025-08-19,26
50,14,1,2026-08-14,2026-09-04,21
51,15,1,2026-07-30,2026-08-20,21
52,15,2,2026-08-20,2026-09-01,12
53,15,3,2026-09-01,2026-09-13,12
54,15,4,2026-09-13,,17
55,16,1,2025-08-17,2025-09-13,27
56,16,2,2025-09-13,2025-09-24,11
57,16,3,2025-09-24,2025-09-29,5
58,16,4,2025-09-29,2025-10-05,6
59,16,5,2025-10-05,2025-10-14,9
60,17,1,2025-11-28,2025-12-19,21
61,17,2,2025-12-19,2026-01-05,17
62,17,3,2026-01-05,2026-01-17,12
63,17,4,2026-01-17,2026-01-23,6
64,17,5,2026-01-23,2026-02-03,11
65,18,1,2025-01-15,2025-01-20,5
66,19,1,2025-06-22,2025-07-17,25
67,19,2,2025-07-17,2025-08-13,27
68,19,3,2025-08-13,2025-08-22,9
69,19,4,2025-08-22,2025-08-28,6
70,20,1,2025-06-22,2025-07-08,16
71,20,2,2025-07-08,2025-07-13,5
72,20,3,2025-07-13,2025-08-07,25
73,20,4,2025-08-07,2025-09-02,26
74,20,5,2025-09-02,2025-09-16,14
75,21,1,2026-04-12,2026-04-30,18
76,21,2,2026-04-30,2026-05-23,23
77,21,3,2026-05-23,2026-06-19,27
78,21,4,2026-06-19,2026-07-12,23
79,21,5,2026-07-12,2026-08-07,26
80,22,1,2026-09-14,2026-09-23,9
81,22,2,2026-09-23,,7
82,23,1,2025-02-19,2025-03-07,16
83,23,2,2025-03-07,2025-03-18,11
84,23,3,2025-03-18,2025-03-25,7
85,23,4,2025-03-25,2025-04-18,24
86,23,5,2025-04-18,2025-04-27,9
87,24,1,2026-06-14,2026-07-03,19
88,24,2,2026-07-03,2026-07-30,27
89,24,3,2026-07-30,2026-08-12,13
90,24,4,2026-08-12,2026-08-18,6
91,24,5,2026-08-18,2026-08-26,8
92,25,1,2025-11-19,2025-11-27,8
93,25,2,2025-11-27,2025-12-20,23
94,25,3,2025-12-20,2026-01-05,16
95,26,1,2025-04-02,2025-04-11,9
96,27,1,2025-04-26,2025-05-19,23
97,27,2,2025-05-19,2025-05-30,11
98,27,3,2025-05-30,2025-06-08,9
99,27,4,2025-06-08,2025-06-13,5
100,28,1,2025-10-09,2025-10-15,6
101,28,2,2025-10-15,2025-11-02,18
102,28,3,2025-11-02,2025-11-15,13
103,28,4,2025-11-15,2025-12-06,21
104,28,5,2025-12-06,2025-12-19,13
105,29,1,2026-03-17,2026-03-22,5
106,29,2,2026-03-22,2026-03-29,7
107,29,3,2026-03-29,2026-04-24,26
108,30,1,2026-09-05,2026-09-25,20
109,30,2,2026-09-25,,5
110,31,1,2025-08-23,2025-09-30,38
111,32,1,2025-09-19,2025-10-13,24
112,32,2,2025-10-13,2025-11-05,23
113,33,1,2026-07-22,2026-08-14,23
114,33,2,2026-08-14,2026-09-01,18
115,33,3,2026-09-01,2026-09-19,18
116,33,4,2026-09-19,,11
117,34,1,2026-07-28,2026-08-22,25
118,34,2,2026-08-22,2026-09-03,12
119,34,3,2026-09-03,2026-09-19,16
120,34,4,2026-09-19,2026-09-25,6
121,34,5,2026-09-25,,5
122,35,1,2026-09-01,2026-09-30,29
123,35,2,2026-09-30,,0
124,36,1,2025-10-21,2025-10-28,7
125,36,2,2025-10-28,2025-11-17,20
126,36,3,2025-11-17,2025-11-27,10
127,36,4,2025-11-27,2025-12-12,15
128,36,5,2025-12-12,2026-01-02,21
129,37,1,2026-09-23,,7
130,38,1,2025-07-07,2025-08-07,31
131,39,1,2025-04-25,2025-05-10,15
132,39,2,2025-05-10,2025-05-25,15
133,39,3,2025-05-25,2025-05-31,6
134,39,4,2025-05-31,2025-06-19,19
135,40,1,2026-03-10,2026-03-30,20
136,40,2,2026-03-30,2026-04-20,21
137,40,3,2026-04-20,2026-05-11,21
138,40,4,2026-05-11,2026-06-07,27
139,40,5,2026-06-07,2026-06-16,9
140,41,1,2026-07-28,2026-08-12,15
141,41,2,2026-08-12,2026-08-21,9
142,41,3,2026-08-21,2026-09-13,23
143,41,4,2026-09-13,2026-09-21,8
144,41,5,2026-09-21,,9
145,42,1,2026-02-17,2026-03-16,27
146,42,2,2026-03-16,2026-04-01,16
147,42,3,2026-04-01,2026-04-10,9
148,42,4,2026-04-10,2026-04-29,19
149,42,5,2026-04-29,2026-05-08,9
150,43,1,2026-05-19,2026-06-01,13
151,43,2,2026-06-01,2026-06-15,14
152,43,3,2026-06-15,2026-07-11,26
153,43,4,2026-07-11,2026-08-01,21
154,43,5,2026-08-01,2026-08-18,17
155,44,1,2026-06-12,2026-07-06,24
156,44,2,2026-07-06,2026-07-30,24
157,44,3,2026-07-30,2026-08-06,7
158,44,4,2026-08-06,2026-08-28,22
159,44,5,2026-08-28,2026-09-05,8
160,45,1,2025-12-05,2025-12-16,11
161,45,2,2025-12-16,2025-12-31,15
162,45,3,2025-12-31,2026-01-14,14
163,46,1,2025-01-24,2025-02-03,10
164,47,1,2026-09-25,,5
165,48,1,2025-10-03,2025-11-14,42
166,48,2,2025-11-14,2025-12-07,23
167,48,3,2025-12-07,2026-01-15,39
168,48,4,2026-01-15,2026-02-13,29
169,48,5,2026-02-13,2026-03-07,22
170,49,1,2026-03-23,2026-03-28,5
171,49,2,2026-03-28,2026-04-05,8
172,49,3,2026-04-05,2026-05-02,27
173,49,4,2026-05-02,2026-05-12,10
174,49,5,2026-05-12,2026-05-18,6
175,50,1,2026-08-14,2026-09-07,24
176,50,2,2026-09-07,2026-09-15,8
177,50,3,2026-09-15,2026-09-29,14
178,50,4,2026-09-29,,1
179,51,1,2025-06-03,2025-06-28,25
180,51,2,2025-06-28,2025-07-23,25
181,51,3,2025-07-23,2025-08-25,33
182,52,1,2025-06-16,2025-06-30,14
183,52,2,2025-06-30,2025-07-07,7
184,52,3,2025-07-07,2025-07-21,14
185,52,4,2025-07-21,2025-08-11,21
186,52,5,2025-08-11,2025-08-22,11
187,53,1,2025-05-01,2025-05-08,7
188,53,2,2025-05-08,2025-05-31,23
189,53,3,2025-05-31,2025-06-20,20
190,53,4,2025-06-20,2025-06-28,8
191,54,1,2026-02-16,2026-03-02,14
192,54,2,2026-03-02,2026-03-28,26
193,55,1,2025-01-07,2025-01-30,23
194,55,2,2025-01-30,2025-02-17,18
195,55,3,2025-02-17,2025-03-12,23
196,56,1,2025-04-04,2025-04-27,23
197,56,2,2025-04-27,2025-05-20,23
198,56,3,2025-05-20,2025-06-10,21
199,56,4,2025-06-10,2025-06-24,14
200,56,5,2025-06-24,2025-07-12,18
201,57,1,2025-03-25,2025-04-06,12
202,57,2,2025-04-06,2025-04-21,15
203,57,3,2025-04-21,2025-05-06,15
204,57,4,2025-05-06,2025-05-24,18
205,58,1,2025-02-19,2025-03-10,19
206,58,2,2025-03-10,2025-03-23,13
207,58,3,2025-03-23,2025-04-08,16
208,58,4,2025-04-08,2025-05-02,24
209,59,1,2025-01-10,2025-01-22,12
210,59,2,2025-01-22,2025-02-18,27
211,59,3,2025-02-18,2025-03-08,18
212,60,1,2025-10-23,2025-11-06,14
213,60,2,2025-11-06,2025-11-15,9
214,60,3,2025-11-15,2025-12-06,21
215,60,4,2025-12-06,2025-12-16,10
216,60,5,2025-12-16,2025-12-28,12
217,61,1,2026-05-26,2026-06-08,13
218,61,2,2026-06-08,2026-06-19,11
219,61,3,2026-06-19,2026-07-16,27
220,61,4,2026-07-16,2026-08-11,26
221,61,5,2026-08-11,2026-09-03,23
222,62,1,2025-04-24,2025-05-03,9
223,62,2,2025-05-03,2025-05-19,16
224,62,3,2025-05-19,2025-05-29,10
225,63,1,2025-07-28,2025-08-29,32
226,63,2,2025-08-29,2025-09-27,29
227,63,3,2025-09-27,2025-10-24,27
228,64,1,2026-08-28,,33
229,65,1,2025-02-10,2025-02-24,14
230,65,2,2025-02-24,2025-03-18,22
231,65,3,2025-03-18,2025-04-03,16
232,65,4,2025-04-03,2025-04-23,20
233,65,5,2025-04-23,2025-04-29,6
234,66,1,2026-01-21,2026-02-06,16
235,66,2,2026-02-06,2026-02-18,12
236,66,3,2026-02-18,2026-02-25,7
237,66,4,2026-02-25,2026-03-11,14
238,66,5,2026-03-11,2026-03-25,14
239,67,1,2025-04-10,2025-05-05,25
240,67,2,2025-05-05,2025-05-28,23
241,67,3,2025-05-28,2025-06-07,10
242,67,4,2025-06-07,2025-06-24,17
243,67,5,2025-06-24,2025-07-08,14
244,68,1,2025-12-03,2025-12-18,15
245,68,2,2025-12-18,2026-01-12,25
246,68,3,2026-01-12,2026-02-03,22
247,69,1,2025-01-23,2025-02-16,24
248,69,2,2025-02-16,2025-02-25,9
249,69,3,2025-02-25,2025-03-22,25
250,69,4,2025-03-22,2025-03-31,9
251,70,1,2026-03-06,2026-03-23,17
252,70,2,2026-03-23,2026-04-03,11
253,70,3,2026-04-03,2026-04-27,24
254,70,4,2026-04-27,2026-05-03,6
255,70,5,2026-05-03,2026-05-10,7
256,71,1,2025-01-02,2025-01-07,5
257,72,1,2025-04-15,2025-04-25,10
258,72,2,2025-04-25,2025-05-07,12
259,72,3,2025-05-07,2025-05-20,13
260,72,4,2025-05-20,2025-06-07,18
261,72,5,2025-06-07,2025-06-29,22
262,73,1,2026-05-23,2026-06-04,12
263,73,2,2026-06-04,2026-06-28,24
264,73,3,2026-06-28,2026-07-15,17
265,73,4,2026-07-15,2026-08-06,22
266,73,5,2026-08-06,2026-09-01,26
267,74,1,2025-06-29,2025-07-22,23
268,74,2,2025-07-22,2025-08-15,24
269,75,1,2025-03-22,2025-03-30,8
270,75,2,2025-03-30,2025-04-05,6
271,75,3,2025-04-05,2025-05-01,26
272,75,4,2025-05-01,2025-05-28,27
273,75,5,2025-05-28,2025-06-06,9
274,76,1,2025-04-21,2025-05-12,21
275,76,2,2025-05-12,2025-05-25,13
276,77,1,2025-01-23,2025-02-12,20
277,77,2,2025-02-12,2025-02-19,7
278,78,1,2026-06-28,2026-07-12,14
279,78,2,2026-07-12,2026-07-26,14
280,78,3,2026-07-26,2026-08-05,10
281,78,4,2026-08-05,2026-08-23,18
282,79,1,2025-06-17,2025-06-27,10
283,79,2,2025-06-27,2025-07-08,11
284,79,3,2025-07-08,2025-07-20,12
285,79,4,2025-07-20,2025-08-16,27
286,79,5,2025-08-16,2025-08-26,10
287,80,1,2025-10-03,2025-10-15,12
288,80,2,2025-10-15,2025-11-06,22
289,80,3,2025-11-06,2025-11-24,18
290,80,4,2025-11-24,2025-12-04,10
291,80,5,2025-12-04,2025-12-27,23
292,81,1,2025-11-08,2025-11-29,21
293,81,2,2025-11-29,2025-12-15,16
294,81,3,2025-12-15,2025-12-28,13
295,82,1,2025-04-01,2025-04-15,14
296,82,2,2025-04-15,2025-04-25,10
297,82,3,2025-04-25,2025-05-07,12
298,82,4,2025-05-07,2025-06-01,25
299,83,1,2025-08-06,2025-08-21,15
300,83,2,2025-08-21,2025-08-26,5
301,83,3,2025-08-26,2025-09-08,13
302,83,4,2025-09-08,2025-09-18,10
303,83,5,2025-09-18,2025-10-07,19
304,84,1,2025-05-17,2025-05-31,14
305,84,2,2025-05-31,2025-06-22,22
306,84,3,2025-06-22,2025-06-27,5
307,84,4,2025-06-27,2025-07-10,13
308,84,5,2025-07-10,2025-07-30,20
309,85,1,2026-02-18,2026-03-20,30
310,85,2,2026-03-20,2026-04-18,29
311,85,3,2026-04-18,2026-05-27,39
312,85,4,2026-05-27,2026-06-25,29
313,85,5,2026-06-25,2026-07-19,24
314,86,1,2025-04-04,2025-05-08,34
315,86,2,2025-05-08,2025-06-12,35
316,86,3,2025-06-12,2025-07-16,34
317,86,4,2025-07-16,2025-08-10,25
318,86,5,2025-08-10,2025-09-12,33
319,87,1,2026-02-22,2026-03-05,11
320,87,2,2026-03-05,2026-03-16,11
321,88,1,2026-04-11,2026-05-05,24
322,88,2,2026-05-05,2026-06-01,27
323,88,3,2026-06-01,2026-06-09,8
324,88,4,2026-06-09,2026-07-06,27
325,88,5,2026-07-06,2026-07-29,23
326,89,1,2025-10-01,2025-10-17,16
327,89,2,2025-10-17,2025-11-09,23
328,89,3,2025-11-09,2025-12-06,27
329,89,4,2025-12-06,2025-12-27,21
330,89,5,2025-12-27,2026-01-02,6
331,90,1,2025-03-26,2025-04-05,10
332,90,2,2025-04-05,2025-05-01,26
333,90,3,2025-05-01,2025-05-28,27
334,90,4,2025-05-28,2025-06-23,26
335,90,5,2025-06-23,2025-07-13,20
336,91,1,2025-12-12,2025-12-26,14
337,91,2,2025-12-26,2026-01-04,9
338,91,3,2026-01-04,2026-01-14,10
339,91,4,2026-01-14,2026-01-25,11
340,92,1,2026-08-06,2026-08-31,25
341,92,2,2026-08-31,2026-09-21,21
342,92,3,2026-09-21,,9
343,93,1,2025-12-30,2026-01-11,12
344,93,2,2026-01-11,2026-02-01,21
345,93,3,2026-02-01,2026-02-24,23
346,93,4,2026-02-24,2026-03-02,6
347,93,5,2026-03-02,2026-03-11,9
348,94,1,2026-08-02,2026-08-21,19
349,94,2,2026-08-21,2026-08-26,5
350,94,3,2026-08-26,2026-09-13,18
351,94,4,2026-09-13,2026-09-23,10
352,94,5,2026-09-23,,7
353,95,1,2025-08-25,2025-09-08,14
354,95,2,2025-09-08,2025-10-04,26
355,95,3,2025-10-04,2025-10-29,25
356,95,4,2025-10-29,2025-11-23,25
357,95,5,2025-11-23,2025-12-01,8
358,96,1,2025-07-21,2025-08-14,24
359,97,1,2026-09-24,,6
360,98,1,2025-12-10,2026-01-02,23
361,98,2,2026-01-02,2026-02-10,39
362,98,3,2026-02-10,2026-03-10,28
363,98,4,2026-03-10,2026-04-15,36
364,98,5,2026-04-15,2026-05-17,32
365,99,1,2025-02-16,2025-03-05,17
366,99,2,2025-03-05,2025-03-15,10
367,99,3,2025-03-15,2025-04-05,21
368,100,1,2026-09-24,,6
369,101,1,2026-03-01,2026-03-08,7
370,101,2,2026-03-08,2026-03-27,19
371,101,3,2026-03-27,2026-04-17,21
372,101,4,2026-04-17,2026-04-24,7
373,102,1,2026-09-22,,8
374,103,1,2025-12-16,2026-01-02,17
375,104,1,2026-03-27,2026-04-11,15
376,104,2,2026-04-11,2026-05-04,23
377,104,3,2026-05-04,2026-05-14,10
378,104,4,2026-05-14,2026-05-21,7
379,104,5,2026-05-21,2026-06-01,11
380,105,1,2025-09-30,2025-10-18,18
381,105,2,2025-10-18,2025-11-09,22
382,106,1,2025-09-18,2025-10-16,28
383,106,2,2025-10-16,2025-11-11,26
384,106,3,2025-11-11,2025-12-03,22
385,106,4,2025-12-03,2026-01-06,34
386,106,5,2026-01-06,2026-02-14,39
387,107,1,2026-08-11,2026-08-25,14
388,107,2,2026-08-25,2026-09-16,22
389,107,3,2026-09-16,,14
390,108,1,2025-03-30,2025-04-05,6
391,108,2,2025-04-05,2025-04-18,13
392,108,3,2025-04-18,2025-04-26,8
393,108,4,2025-04-26,2025-05-18,22
394,108,5,2025-05-18,2025-05-25,7
395,109,1,2025-09-24,2025-10-05,11
396,109,2,2025-10-05,2025-10-31,26
397,109,3,2025-10-31,2025-11-14,14
398,109,4,2025-11-14,2025-12-05,21
399,110,1,2025-12-14,2026-01-09,26
400,110,2,2026-01-09,2026-02-10,32
401,110,3,2026-02-10,2026-03-06,24
402,110,4,2026-03-06,2026-03-29,23
403,111,1,2025-03-28,2025-04-25,28
404,111,2,2025-04-25,2025-05-31,36
405,111,3,2025-05-31,2025-07-07,37
406,111,4,2025-07-07,2025-08-16,40
407,111,5,2025-08-16,2025-09-19,34
408,112,1,2026-08-17,2026-09-12,26
409,113,1,2026-07-02,2026-07-19,17
410,113,2,2026-07-19,2026-08-13,25
411,113,3,2026-08-13,2026-08-28,15
412,114,1,2026-02-04,2026-02-25,21
413,114,2,2026-02-25,2026-03-02,5
414,114,3,2026-03-02,2026-03-07,5
415,114,4,2026-03-07,2026-03-25,18
416,114,5,2026-03-25,2026-04-19,25
417,115,1,2026-02-11,2026-03-10,27
418,115,2,2026-03-10,2026-03-21,11
419,115,3,2026-03-21,2026-04-16,26
420,115,4,2026-04-16,2026-04-22,6
421,115,5,2026-04-22,2026-05-05,13
422,116,1,2026-07-02,2026-07-18,16
423,116,2,2026-07-18,2026-07-23,5
424,116,3,2026-07-23,2026-08-02,10
425,116,4,2026-08-02,2026-08-27,25
426,116,5,2026-08-27,2026-09-17,21
427,117,1,2025-07-03,2025-07-14,11
428,117,2,2025-07-14,2025-07-28,14
429,117,3,2025-07-28,2025-08-13,16
430,118,1,2026-06-22,2026-07-14,22
431,118,2,2026-07-14,2026-08-23,40
432,119,1,2025-10-09,2025-10-23,14
433,120,1,2026-07-27,2026-08-23,27
434,120,2,2026-08-23,2026-09-19,27
435,120,3,2026-09-19,2026-09-27,8
436,120,4,2026-09-27,,3
437,121,1,2025-03-03,2025-03-10,7
438,121,2,2025-03-10,2025-03-30,20
439,121,3,2025-03-30,2025-04-13,14
440,121,4,2025-04-13,2025-05-10,27
441,122,1,2026-08-20,2026-09-29,40
442,123,1,2025-08-13,2025-08-25,12
443,123,2,2025-08-25,2025-09-05,11
444,123,3,2025-09-05,2025-09-30,25
445,124,1,2025-11-16,2025-11-26,10
446,124,2,2025-11-26,2025-12-03,7
447,125,1,2025-01-23,2025-02-21,29
448,125,2,2025-02-21,2025-03-23,30
449,125,3,2025-03-23,2025-05-04,42
450,125,4,2025-05-04,2025-06-03,30
451,125,5,2025-06-03,2025-07-07,34
452,126,1,2026-09-20,,10
453,127,1,2025-05-10,2025-05-22,12
454,127,2,2025-05-22,2025-06-07,16
455,127,3,2025-06-07,2025-06-13,6
456,127,4,2025-06-13,2025-07-06,23
457,127,5,2025-07-06,2025-07-25,19
458,128,1,2026-05-03,2026-05-23,20
459,128,2,2026-05-23,2026-06-13,21
460,128,3,2026-06-13,2026-07-05,22
461,128,4,2026-07-05,2026-08-16,42
462,128,5,2026-08-16,2026-09-16,31
463,129,1,2026-07-14,2026-07-28,14
464,129,2,2026-07-28,2026-08-22,25
465,129,3,2026-08-22,2026-09-02,11
466,130,1,2026-06-29,2026-07-15,16
467,130,2,2026-07-15,2026-07-22,7
468,130,3,2026-07-22,2026-07-29,7
469,130,4,2026-07-29,2026-08-04,6
470,130,5,2026-08-04,2026-08-16,12
471,131,1,2025-05-14,2025-06-08,25
472,131,2,2025-06-08,2025-07-02,24
473,131,3,2025-07-02,2025-07-08,6
474,131,4,2025-07-08,2025-07-15,7
475,131,5,2025-07-15,2025-07-21,6
476,132,1,2026-01-27,2026-02-20,24
477,132,2,2026-02-20,2026-02-28,8
478,132,3,2026-02-28,2026-03-24,24
479,132,4,2026-03-24,2026-04-12,19
480,132,5,2026-04-12,2026-04-17,5
481,133,1,2026-06-22,2026-07-14,22
482,133,2,2026-07-14,2026-08-06,23
483,133,3,2026-08-06,2026-09-12,37
484,133,4,2026-09-12,,18
485,134,1,2025-06-24,2025-07-15,21
486,134,2,2025-07-15,2025-08-20,36
487,135,1,2025-07-03,2025-07-13,10
488,135,2,2025-07-13,2025-08-01,19
489,135,3,2025-08-01,2025-08-18,17
490,135,4,2025-08-18,2025-09-13,26
491,135,5,2025-09-13,2025-09-29,16
492,136,1,2025-12-25,2026-01-08,14
493,136,2,2026-01-08,2026-01-26,18
494,136,3,2026-01-26,2026-02-05,10
495,136,4,2026-02-05,2026-02-25,20
496,136,5,2026-02-25,2026-03-13,16
497,137,1,2026-03-22,2026-04-20,29
498,137,2,2026-04-20,2026-05-30,40
499,137,3,2026-05-30,2026-07-07,38
500,137,4,2026-07-07,2026-08-11,35
501,137,5,2026-08-11,2026-09-04,24
502,138,1,2025-01-20,2025-02-11,22
503,138,2,2025-02-11,2025-03-07,24
504,138,3,2025-03-07,2025-03-27,20
505,138,4,2025-03-27,2025-04-27,31
506,138,5,2025-04-27,2025-06-03,37
507,139,1,2025-05-29,2025-07-08,40
508,139,2,2025-07-08,2025-07-28,20
509,139,3,2025-07-28,2025-09-07,41
510,140,1,2025-06-26,2025-07-10,14
511,140,2,2025-07-10,2025-07-20,10
512,140,3,2025-07-20,2025-08-13,24
513,140,4,2025-08-13,2025-09-02,20
514,140,5,2025-09-02,2025-09-29,27
515,141,1,2025-10-10,2025-10-21,11
516,141,2,2025-10-21,2025-11-05,15
517,141,3,2025-11-05,2025-11-10,5
518,141,4,2025-11-10,2025-11-16,6
519,141,5,2025-11-16,2025-11-26,10
520,142,1,2025-03-10,2025-03-15,5
521,143,1,2025-09-14,2025-10-13,29
522,143,2,2025-10-13,2025-11-06,24
523,143,3,2025-11-06,2025-11-26,20
524,143,4,2025-11-26,2025-12-24,28
525,143,5,2025-12-24,2026-01-27,34
526,144,1,2026-03-27,2026-04-06,10
527,144,2,2026-04-06,2026-04-30,24
528,144,3,2026-04-30,2026-05-07,7
529,144,4,2026-05-07,2026-05-17,10
530,144,5,2026-05-17,2026-05-24,7
531,145,1,2026-04-11,2026-04-30,19
532,145,2,2026-04-30,2026-05-23,23
533,145,3,2026-05-23,2026-06-17,25
534,145,4,2026-06-17,2026-07-09,22
535,145,5,2026-07-09,2026-07-18,9
536,146,1,2025-02-05,2025-02-19,14
537,146,2,2025-02-19,2025-02-28,9
538,146,3,2025-02-28,2025-03-25,25
539,146,4,2025-03-25,2025-04-20,26
540,146,5,2025-04-20,2025-05-02,12
541,147,1,2026-09-02,2026-09-28,26
542,147,2,2026-09-28,,2
543,148,1,2026-02-10,2026-03-09,27
544,148,2,2026-03-09,2026-04-03,25
545,149,1,2026-09-01,2026-09-17,16
546,149,2,2026-09-17,,13
547,150,1,2025-11-17,2025-11-23,6
548,150,2,2025-11-23,2025-12-05,12
549,150,3,2025-12-05,2025-12-28,23
550,150,4,2025-12-28,2026-01-15,18
551,150,5,2026-01-15,2026-01-28,13
552,151,1,2026-07-29,2026-08-07,9
553,152,1,2026-03-07,2026-03-16,9
554,152,2,2026-03-16,2026-04-01,16
555,152,3,2026-04-01,2026-04-13,12
556,153,1,2026-04-26,2026-05-17,21
557,153,2,2026-05-17,2026-05-30,13
558,153,3,2026-05-30,2026-06-25,26
559,153,4,2026-06-25,2026-07-17,22
560,153,5,2026-07-17,2026-08-12,26
561,154,1,2026-08-06,2026-08-13,7
562,154,2,2026-08-13,2026-08-21,8
563,154,3,2026-08-21,2026-08-26,5
564,154,4,2026-08-26,2026-09-22,27
565,154,5,2026-09-22,,8
566,155,1,2025-05-29,2025-06-12,14
567,155,2,2025-06-12,2025-07-01,19
568,155,3,2025-07-01,2025-07-15,14
569,155,4,2025-07-15,2025-08-11,27
570,156,1,2025-11-26,2025-12-06,10
571,156,2,2025-12-06,2025-12-30,24
572,156,3,2025-12-30,2026-01-26,27
573,156,4,2026-01-26,2026-02-11,16
574,156,5,2026-02-11,2026-03-04,21
575,157,1,2025-04-08,2025-04-29,21
576,157,2,2025-04-29,2025-05-24,25
577,157,3,2025-05-24,2025-06-08,15
578,157,4,2025-06-08,2025-06-21,13
579,157,5,2025-06-21,2025-07-12,21
580,158,1,2025-09-11,2025-09-21,10
581,158,2,2025-09-21,2025-09-29,8
582,158,3,2025-09-29,2025-10-15,16
583,158,4,2025-10-15,2025-10-20,5
584,158,5,2025-10-20,2025-11-04,15
585,159,1,2025-08-17,2025-09-25,39
586,159,2,2025-09-25,2025-10-23,28
587,160,1,2025-08-10,2025-08-21,11
588,160,2,2025-08-21,2025-09-01,11
589,161,1,2026-06-23,2026-07-06,13
590,161,2,2026-07-06,2026-07-31,25
591,161,3,2026-07-31,2026-08-24,24
592,161,4,2026-08-24,2026-09-13,20
593,161,5,2026-09-13,2026-09-23,10
594,162,1,2026-05-23,2026-05-29,6
595,162,2,2026-05-29,2026-06-21,23
596,162,3,2026-06-21,2026-07-16,25
597,162,4,2026-07-16,2026-07-21,5
598,162,5,2026-07-21,2026-08-10,20
599,163,1,2025-12-21,2026-01-23,33
600,163,2,2026-01-23,2026-02-23,31
601,163,3,2026-02-23,2026-04-04,40
602,163,4,2026-04-04,2026-04-24,20
603,163,5,2026-04-24,2026-05-31,37
604,164,1,2026-08-30,2026-09-12,13
605,164,2,2026-09-12,2026-09-17,5
606,164,3,2026-09-17,,13
607,165,1,2026-07-02,2026-07-28,26
608,165,2,2026-07-28,2026-08-14,17
609,165,3,2026-08-14,2026-08-26,12
610,165,4,2026-08-26,2026-09-01,6
611,165,5,2026-09-01,2026-09-28,27
612,166,1,2026-05-19,2026-05-29,10
613,166,2,2026-05-29,2026-06-24,26
614,166,3,2026-06-24,2026-07-08,14
615,166,4,2026-07-08,2026-07-31,23
616,167,1,2025-07-28,2025-08-11,14
617,167,2,2025-08-11,2025-08-26,15
618,167,3,2025-08-26,2025-09-10,15
619,167,4,2025-09-10,2025-09-20,10
620,167,5,2025-09-20,2025-10-17,27
621,168,1,2026-07-02,2026-07-09,7
622,168,2,2026-07-09,2026-07-15,6
623,169,1,2026-05-13,2026-06-04,22
624,169,2,2026-06-04,2026-07-01,27
625,169,3,2026-07-01,2026-08-10,40
626,169,4,2026-08-10,2026-09-21,42
627,170,1,2025-05-11,2025-06-01,21
628,170,2,2025-06-01,2025-06-16,15
629,171,1,2025-04-12,2025-05-22,40
630,171,2,2025-05-22,2025-06-16,25
631,171,3,2025-06-16,2025-07-18,32
632,171,4,2025-07-18,2025-08-11,24
633,171,5,2025-08-11,2025-09-22,42
634,172,1,2025-07-23,2025-08-09,17
635,172,2,2025-08-09,2025-08-26,17
636,172,3,2025-08-26,2025-09-12,17
637,172,4,2025-09-12,2025-09-28,16
638,172,5,2025-09-28,2025-10-25,27
639,173,1,2026-07-03,2026-07-23,20
640,174,1,2025-10-13,2025-10-25,12
641,174,2,2025-10-25,2025-11-18,24
642,174,3,2025-11-18,2025-12-15,27
643,174,4,2025-12-15,2026-01-05,21
644,174,5,2026-01-05,2026-01-19,14
645,175,1,2026-05-01,2026-05-19,18
646,175,2,2026-05-19,2026-05-28,9
647,175,3,2026-05-28,2026-06-05,8
648,175,4,2026-06-05,2026-06-29,24
649,175,5,2026-06-29,2026-07-26,27
650,176,1,2025-10-09,2025-11-10,32
651,176,2,2025-11-10,2025-12-03,23
652,176,3,2025-12-03,2025-12-23,20
653,176,4,2025-12-23,2026-01-24,32
654,176,5,2026-01-24,2026-02-28,35
655,177,1,2026-06-20,2026-07-05,15
656,177,2,2026-07-05,2026-07-24,19
657,177,3,2026-07-24,2026-08-17,24
658,178,1,2026-03-25,2026-04-10,16
659,178,2,2026-04-10,2026-05-04,24
660,178,3,2026-05-04,2026-05-18,14
661,178,4,2026-05-18,2026-05-27,9
662,178,5,2026-05-27,2026-06-11,15
663,179,1,2025-06-30,2025-07-27,27
664,179,2,2025-07-27,2025-08-05,9
665,179,3,2025-08-05,2025-08-29,24
666,180,1,2025-03-02,2025-03-13,11
667,180,2,2025-03-13,2025-04-09,27
668,180,3,2025-04-09,2025-04-18,9
669,180,4,2025-04-18,2025-05-07,19
670,180,5,2025-05-07,2025-05-18,11
671,181,1,2025-06-21,2025-07-07,16
672,181,2,2025-07-07,2025-07-16,9
673,181,3,2025-07-16,2025-08-02,17
674,181,4,2025-08-02,2025-08-15,13
675,182,1,2025-11-17,2025-12-06,19
676,182,2,2025-12-06,2025-12-11,5
677,182,3,2025-12-11,2025-12-16,5
678,182,4,2025-12-16,2025-12-29,13
679,182,5,2025-12-29,2026-01-03,5
680,183,1,2025-10-17,2025-11-23,37
681,183,2,2025-11-23,2026-01-03,41
682,183,3,2026-01-03,2026-02-11,39
683,183,4,2026-02-11,2026-03-03,20
684,183,5,2026-03-03,2026-04-06,34
685,184,1,2025-12-21,2026-01-02,12
686,184,2,2026-01-02,2026-01-10,8
687,184,3,2026-01-10,2026-02-05,26
688,184,4,2026-02-05,2026-02-24,19
689,184,5,2026-02-24,2026-03-17,21
690,185,1,2026-09-04,2026-09-23,19
691,186,1,2025-04-28,2025-06-05,38
692,186,2,2025-06-05,2025-06-28,23
693,186,3,2025-06-28,2025-08-06,39
694,186,4,2025-08-06,2025-08-26,20
695,186,5,2025-08-26,2025-09-15,20
696,187,1,2026-09-15,2026-09-21,6
697,187,2,2026-09-21,,9
698,188,1,2026-09-11,,19
699,189,1,2026-02-06,2026-02-27,21
700,189,2,2026-02-27,2026-03-23,24
701,189,3,2026-03-23,2026-04-19,27
702,189,4,2026-04-19,2026-05-14,25
703,189,5,2026-05-14,2026-06-02,19
704,190,1,2026-07-30,2026-08-21,22
705,190,2,2026-08-21,2026-08-29,8
706,190,3,2026-08-29,2026-09-04,6
707,190,4,2026-09-04,2026-09-16,12
708,190,5,2026-09-16,2026-09-28,12
709,191,1,2025-05-26,2025-06-22,27
710,191,2,2025-06-22,2025-07-12,20
711,191,3,2025-07-12,2025-07-23,11
712,192,1,2025-04-09,2025-04-16,7
713,192,2,2025-04-16,2025-04-29,13
714,192,3,2025-04-29,2025-05-26,27
715,192,4,2025-05-26,2025-06-15,20
716,192,5,2025-06-15,2025-07-11,26
717,193,1,2025-06-26,2025-07-13,17
718,193,2,2025-07-13,2025-07-19,6
719,193,3,2025-07-19,2025-07-27,8
720,193,4,2025-07-27,2025-08-12,16
721,194,1,2026-03-13,2026-03-24,11
722,194,2,2026-03-24,2026-04-20,27
723,194,3,2026-04-20,2026-04-26,6
724,195,1,2025-01-30,2025-03-08,37
725,195,2,2025-03-08,2025-03-29,21
726,195,3,2025-03-29,2025-04-30,32
727,195,4,2025-04-30,2025-06-06,37
728,196,1,2026-03-11,2026-04-05,25
729,196,2,2026-04-05,2026-05-09,34
730,196,3,2026-05-09,2026-06-04,26
731,196,4,2026-06-04,2026-06-26,22
732,196,5,2026-06-26,2026-07-21,25
733,197,1,2026-08-07,2026-08-30,23
734,197,2,2026-08-30,2026-09-04,5
735,197,3,2026-09-04,2026-09-11,7
736,197,4,2026-09-11,,19
737,198,1,2025-02-10,2025-02-23,13
738,198,2,2025-02-23,2025-03-07,12
739,198,3,2025-03-07,2025-04-02,26
740,198,4,2025-04-02,2025-04-24,22
741,198,5,2025-04-24,2025-05-19,25
742,199,1,2026-02-10,2026-02-19,9
743,200,1,2025-10-30,2025-11-12,13
744,200,2,2025-11-12,2025-12-05,23
745,201,1,2026-08-02,2026-08-12,10
746,201,2,2026-08-12,2026-08-24,12
747,201,3,2026-08-24,2026-09-09,16
748,201,4,2026-09-09,2026-09-15,6
749,201,5,2026-09-15,2026-09-30,15
750,202,1,2026-08-13,2026-08-30,17
751,202,2,2026-08-30,2026-09-10,11
752,202,3,2026-09-10,,20
753,203,1,2025-07-22,2025-08-14,23
754,203,2,2025-08-14,2025-08-24,10
755,203,3,2025-08-24,2025-09-12,19
756,203,4,2025-09-12,2025-09-20,8
757,203,5,2025-09-20,2025-09-29,9
758,204,1,2026-03-18,2026-03-31,13
759,204,2,2026-03-31,2026-04-19,19
760,204,3,2026-04-19,2026-05-09,20
761,204,4,2026-05-09,2026-06-01,23
762,204,5,2026-06-01,2026-06-07,6
763,205,1,2025-02-15,2025-03-19,32
764,205,2,2025-03-19,2025-04-27,39
765,205,3,2025-04-27,2025-05-31,34
766,206,1,2025-11-30,2025-12-06,6
767,206,2,2025-12-06,2025-12-17,11
768,206,3,2025-12-17,2026-01-05,19
769,206,4,2026-01-05,2026-01-10,5
770,206,5,2026-01-10,2026-02-05,26
771,207,1,2025-10-28,2025-11-20,23
772,207,2,2025-11-20,2025-12-30,40
773,207,3,2025-12-30,2026-01-29,30
774,207,4,2026-01-29,2026-02-21,23
775,207,5,2026-02-21,2026-03-27,34
776,208,1,2025-12-15,2025-12-22,7
777,208,2,2025-12-22,2026-01-09,18
778,208,3,2026-01-09,2026-01-28,19
779,208,4,2026-01-28,2026-02-20,23
780,208,5,2026-02-20,2026-03-11,19
781,209,1,2026-01-27,2026-02-20,24
782,209,2,2026-02-20,2026-03-06,14
783,209,3,2026-03-06,2026-03-23,17
784,210,1,2026-04-02,2026-04-26,24
785,210,2,2026-04-26,2026-05-24,28
786,210,3,2026-05-24,2026-06-14,21
787,210,4,2026-06-14,2026-07-07,23
788,210,5,2026-07-07,2026-07-28,21
789,211,1,2026-01-08,2026-01-24,16
790,211,2,2026-01-24,2026-02-17,24
791,211,3,2026-02-17,2026-02-26,9
792,211,4,2026-02-26,2026-03-21,23
793,211,5,2026-03-21,2026-04-07,17
794,212,1,2025-09-06,2025-09-28,22
795,212,2,2025-09-28,2025-10-25,27
796,212,3,2025-10-25,2025-11-19,25
797,212,4,2025-11-19,2025-12-13,24
798,212,5,2025-12-13,2026-01-09,27
799,213,1,2025-10-06,2025-11-16,41
800,213,2,2025-11-16,2025-12-18,32
801,213,3,2025-12-18,2026-01-14,27
802,214,1,2025-08-16,2025-09-26,41
803,215,1,2026-06-06,2026-06-26,20
804,215,2,2026-06-26,2026-08-04,39
805,215,3,2026-08-04,2026-09-10,37
806,215,4,2026-09-10,,20
807,216,1,2025-04-25,2025-05-11,16
808,216,2,2025-05-11,2025-05-23,12
809,216,3,2025-05-23,2025-05-31,8
810,216,4,2025-05-31,2025-06-22,22
811,217,1,2025-06-20,2025-07-11,21
812,217,2,2025-07-11,2025-07-17,6
813,217,3,2025-07-17,2025-08-01,15
814,217,4,2025-08-01,2025-08-07,6
815,217,5,2025-08-07,2025-08-16,9
816,218,1,2026-05-16,2026-06-07,22
817,218,2,2026-06-07,2026-06-20,13
818,218,3,2026-06-20,2026-06-30,10
819,218,4,2026-06-30,2026-07-05,5
820,219,1,2026-02-03,2026-02-17,14
821,219,2,2026-02-17,2026-02-25,8
822,219,3,2026-02-25,2026-03-20,23
823,219,4,2026-03-20,2026-04-14,25
824,220,1,2026-01-20,2026-01-27,7
825,220,2,2026-01-27,2026-02-02,6
826,220,3,2026-02-02,2026-02-23,21
827,221,1,2025-02-19,2025-03-15,24
828,221,2,2025-03-15,2025-04-09,25
829,221,3,2025-04-09,2025-04-15,6
830,221,4,2025-04-15,2025-04-24,9
831,221,5,2025-04-24,2025-05-04,10
832,222,1,2025-05-12,2025-06-09,28
833,222,2,2025-06-09,2025-07-16,37
834,222,3,2025-07-16,2025-08-10,25
835,223,1,2025-11-18,2025-12-13,25
836,223,2,2025-12-13,2026-01-15,33
837,223,3,2026-01-15,2026-02-13,29
838,224,1,2026-06-17,2026-07-10,23
839,224,2,2026-07-10,2026-08-21,42
840,224,3,2026-08-21,2026-09-17,27
841,224,4,2026-09-17,,13
842,225,1,2026-06-01,2026-06-20,19
843,225,2,2026-06-20,2026-07-13,23
844,226,1,2025-10-19,2025-10-26,7
845,226,2,2025-10-26,2025-11-22,27
846,226,3,2025-11-22,2025-12-12,20
847,227,1,2025-12-25,2026-01-14,20
848,227,2,2026-01-14,2026-01-30,16
849,227,3,2026-01-30,2026-02-22,23
850,227,4,2026-02-22,2026-03-05,11
851,227,5,2026-03-05,2026-03-12,7
852,228,1,2025-05-11,2025-06-01,21
853,229,1,2025-09-17,2025-09-29,12
854,229,2,2025-09-29,2025-10-11,12
855,229,3,2025-10-11,2025-10-17,6
856,230,1,2025-07-24,2025-08-13,20
857,230,2,2025-08-13,2025-08-18,5
858,231,1,2025-04-18,2025-05-06,18
859,231,2,2025-05-06,2025-05-30,24
860,231,3,2025-05-30,2025-06-17,18
861,231,4,2025-06-17,2025-07-06,19
862,231,5,2025-07-06,2025-07-11,5
863,232,1,2026-05-03,2026-05-14,11
864,232,2,2026-05-14,2026-06-07,24
865,233,1,2025-12-28,2026-01-02,5
866,233,2,2026-01-02,2026-01-08,6
867,233,3,2026-01-08,2026-01-23,15
868,233,4,2026-01-23,2026-01-28,5
869,233,5,2026-01-28,2026-02-06,9
870,234,1,2025-05-21,2025-06-16,26
871,234,2,2025-06-16,2025-06-26,10
872,234,3,2025-06-26,2025-07-06,10
873,234,4,2025-07-06,2025-07-12,6
874,234,5,2025-07-12,2025-08-07,26
875,235,1,2025-04-26,2025-05-18,22
876,235,2,2025-05-18,2025-06-06,19
877,236,1,2025-07-21,2025-07-31,10
878,236,2,2025-07-31,2025-08-13,13
879,236,3,2025-08-13,2025-09-05,23
880,236,4,2025-09-05,2025-09-26,21
881,236,5,2025-09-26,2025-10-13,17
882,237,1,2026-03-20,2026-03-26,6
883,237,2,2026-03-26,2026-04-13,18
884,237,3,2026-04-13,2026-04-18,5
885,237,4,2026-04-18,2026-04-24,6
886,237,5,2026-04-24,2026-05-01,7
887,238,1,2026-07-05,2026-07-15,10
888,238,2,2026-07-15,2026-07-22,7
889,238,3,2026-07-22,2026-08-03,12
890,238,4,2026-08-03,2026-08-15,12
891,238,5,2026-08-15,2026-08-23,8
892,239,1,2026-06-30,2026-07-27,27
893,239,2,2026-07-27,2026-08-21,25
894,239,3,2026-08-21,2026-08-31,10
895,239,4,2026-08-31,2026-09-12,12
896,240,1,2026-03-28,2026-04-06,9
897,240,2,2026-04-06,2026-04-25,19
898,240,3,2026-04-25,2026-05-17,22
899,240,4,2026-05-17,2026-06-13,27
900,240,5,2026-06-13,2026-06-19,6
901,241,1,2026-04-29,2026-05-05,6
902,241,2,2026-05-05,2026-05-26,21
903,241,3,2026-05-26,2026-06-15,20
904,242,1,2025-04-02,2025-04-27,25
905,242,2,2025-04-27,2025-05-21,24
906,242,3,2025-05-21,2025-06-17,27
907,242,4,2025-06-17,2025-06-26,9
908,242,5,2025-06-26,2025-07-03,7
909,243,1,2025-12-13,2026-01-06,24
910,243,2,2026-01-06,2026-01-18,12
911,243,3,2026-01-18,2026-02-13,26
912,243,4,2026-02-13,2026-03-05,20
913,243,5,2026-03-05,2026-03-14,9
914,244,1,2025-10-10,2025-10-23,13
915,244,2,2025-10-23,2025-11-09,17
916,244,3,2025-11-09,2025-11-27,18
917,244,4,2025-11-27,2025-12-09,12
918,244,5,2025-12-09,2025-12-28,19
919,245,1,2025-01-08,2025-01-24,16
920,245,2,2025-01-24,2025-02-02,9
921,245,3,2025-02-02,2025-02-13,11
922,245,4,2025-02-13,2025-03-03,18
923,246,1,2025-04-01,2025-04-16,15
924,247,1,2025-10-12,2025-10-19,7
925,247,2,2025-10-19,2025-11-10,22
926,247,3,2025-11-10,2025-11-24,14
927,248,1,2026-05-21,2026-05-29,8
928,248,2,2026-05-29,2026-06-10,12
929,249,1,2026-02-06,2026-02-14,8
930,249,2,2026-02-14,2026-03-11,25
931,249,3,2026-03-11,2026-04-01,21
932,249,4,2026-04-01,2026-04-15,14
933,250,1,2025-03-08,2025-03-27,19
934,250,2,2025-03-27,2025-04-05,9
935,250,3,2025-04-05,2025-04-18,13
936,250,4,2025-04-18,2025-04-23,5
937,250,5,2025-04-23,2025-05-01,8
938,251,1,2025-09-30,2025-10-25,25
939,252,1,2026-08-06,2026-08-30,24
940,252,2,2026-08-30,2026-09-06,7
941,252,3,2026-09-06,2026-09-28,22
942,252,4,2026-09-28,,2
943,253,1,2025-10-04,2025-10-17,13
944,253,2,2025-10-17,2025-11-08,22
945,253,3,2025-11-08,2025-11-28,20
946,253,4,2025-11-28,2025-12-21,23
947,253,5,2025-12-21,2025-12-29,8
948,254,1,2025-08-05,2025-09-13,39
949,254,2,2025-09-13,2025-10-04,21
950,254,3,2025-10-04,2025-11-08,35
951,254,4,2025-11-08,2025-12-17,39
952,254,5,2025-12-17,2026-01-26,40
953,255,1,2025-06-23,2025-07-07,14
954,255,2,2025-07-07,2025-07-29,22
955,255,3,2025-07-29,2025-08-21,23
956,255,4,2025-08-21,2025-09-03,13
957,255,5,2025-09-03,2025-09-14,11
958,256,1,2025-01-21,2025-02-15,25
959,256,2,2025-02-15,2025-02-22,7
960,256,3,2025-02-22,2025-03-03,9
961,256,4,2025-03-03,2025-03-08,5
962,256,5,2025-03-08,2025-03-27,19
963,257,1,2025-08-26,2025-09-19,24
964,257,2,2025-09-19,2025-09-28,9
965,257,3,2025-09-28,2025-10-25,27
966,257,4,2025-10-25,2025-10-30,5
967,257,5,2025-10-30,2025-11-25,26
968,258,1,2025-03-26,2025-04-22,27
969,258,2,2025-04-22,2025-05-09,17
970,258,3,2025-05-09,2025-06-02,24
971,258,4,2025-06-02,2025-06-29,27
972,259,1,2026-06-13,2026-06-20,7
973,259,2,2026-06-20,2026-07-14,24
974,259,3,2026-07-14,2026-08-06,23
975,259,4,2026-08-06,2026-08-15,9
976,260,1,2025-07-13,2025-08-09,27
977,261,1,2026-08-30,2026-09-15,16
978,261,2,2026-09-15,2026-09-26,11
979,261,3,2026-09-26,,4
980,262,1,2025-10-01,2025-10-22,21
981,262,2,2025-10-22,2025-11-10,19
982,263,1,2025-08-14,2025-08-29,15
983,263,2,2025-08-29,2025-09-20,22
984,263,3,2025-09-20,2025-09-28,8
985,264,1,2025-03-08,2025-03-30,22
986,264,2,2025-03-30,2025-04-06,7
987,264,3,2025-04-06,2025-04-17,11
988,264,4,2025-04-17,2025-04-28,11
989,264,5,2025-04-28,2025-05-05,7
990,265,1,2025-02-12,2025-02-17,5
991,265,2,2025-02-17,2025-03-11,22
992,265,3,2025-03-11,2025-03-26,15
993,265,4,2025-03-26,2025-04-02,7
994,266,1,2025-07-14,2025-08-10,27
995,266,2,2025-08-10,2025-08-20,10
996,266,3,2025-08-20,2025-09-07,18
997,266,4,2025-09-07,2025-10-02,25
998,266,5,2025-10-02,2025-10-20,18
999,267,1,2026-09-02,,28
1000,268,1,2026-07-06,2026-08-06,31
1001,268,2,2026-08-06,2026-09-11,36
1002,268,3,2026-09-11,,19
1003,269,1,2025-12-07,2025-12-14,7
1004,269,2,2025-12-14,2025-12-23,9
1005,269,3,2025-12-23,2026-01-16,24
1006,270,1,2026-06-06,2026-07-03,27
1007,270,2,2026-07-03,2026-07-28,25
1008,270,3,2026-07-28,2026-08-24,27
1009,270,4,2026-08-24,2026-09-18,25
1010,270,5,2026-09-18,,12
1011,271,1,2025-12-11,2025-12-24,13
1012,271,2,2025-12-24,2026-01-20,27
1013,271,3,2026-01-20,2026-02-04,15
1014,271,4,2026-02-04,2026-02-09,5
1015,271,5,2026-02-09,2026-02-22,13
1016,272,1,2026-07-11,2026-07-22,11
1017,272,2,2026-07-22,2026-08-12,21
1018,272,3,2026-08-12,2026-08-21,9
1019,273,1,2025-02-01,2025-02-20,19
1020,273,2,2025-02-20,2025-02-25,5
1021,273,3,2025-02-25,2025-03-23,26
1022,273,4,2025-03-23,2025-04-19,27
1023,273,5,2025-04-19,2025-05-06,17
1024,274,1,2025-07-08,2025-08-02,25
1025,274,2,2025-08-02,2025-08-17,15
1026,274,3,2025-08-17,2025-09-12,26
1027,274,4,2025-09-12,2025-09-30,18
1028,274,5,2025-09-30,2025-10-10,10
1029,275,1,2026-04-30,2026-05-14,14
1030,275,2,2026-05-14,2026-05-23,9
1031,275,3,2026-05-23,2026-06-06,14
1032,275,4,2026-06-06,2026-06-26,20
1033,276,1,2026-05-30,2026-06-15,16
1034,276,2,2026-06-15,2026-07-09,24
1035,276,3,2026-07-09,2026-07-31,22
1036,276,4,2026-07-31,2026-08-10,10
1037,276,5,2026-08-10,2026-08-24,14
1038,277,1,2026-07-12,2026-07-19,7
1039,277,2,2026-07-19,2026-08-01,13
1040,277,3,2026-08-01,2026-08-13,12
1041,277,4,2026-08-13,2026-09-07,25
1042,277,5,2026-09-07,,23
1043,278,1,2025-02-04,2025-03-11,35
1044,279,1,2026-01-27,2026-02-20,24
1045,279,2,2026-02-20,2026-03-28,36
1046,279,3,2026-03-28,2026-04-22,25
1047,280,1,2026-05-18,2026-06-03,16
1048,280,2,2026-06-03,2026-06-09,6
1049,280,3,2026-06-09,2026-06-24,15
1050,280,4,2026-06-24,2026-07-07,13
1051,280,5,2026-07-07,2026-07-19,12
1052,281,1,2026-02-01,2026-02-26,25
1053,281,2,2026-02-26,2026-03-18,20
1054,281,3,2026-03-18,2026-04-05,18
1055,281,4,2026-04-05,2026-04-28,23
1056,281,5,2026-04-28,2026-05-24,26
1057,282,1,2025-07-05,2025-07-16,11
1058,282,2,2025-07-16,2025-08-05,20
1059,282,3,2025-08-05,2025-08-14,9
1060,282,4,2025-08-14,2025-09-05,22
1061,282,5,2025-09-05,2025-09-23,18
1062,283,1,2025-02-05,2025-02-22,17
1063,283,2,2025-02-22,2025-03-05,11
1064,283,3,2025-03-05,2025-03-26,21
1065,283,4,2025-03-26,2025-04-20,25
1066,283,5,2025-04-20,2025-05-03,13
1067,284,1,2026-02-21,2026-03-09,16
1068,284,2,2026-03-09,2026-03-19,10
1069,284,3,2026-03-19,2026-04-04,16
1070,284,4,2026-04-04,2026-04-17,13
1071,285,1,2026-01-27,2026-02-09,13
1072,285,2,2026-02-09,2026-03-01,20
1073,285,3,2026-03-01,2026-03-08,7
1074,285,4,2026-03-08,2026-03-29,21
1075,285,5,2026-03-29,2026-04-19,21
1076,286,1,2026-08-09,2026-08-27,18
1077,286,2,2026-08-27,2026-09-10,14
1078,286,3,2026-09-10,2026-09-24,14
1079,286,4,2026-09-24,,6
1080,287,1,2026-01-11,2026-01-27,16
1081,287,2,2026-01-27,2026-02-10,14
1082,287,3,2026-02-10,2026-02-28,18
1083,287,4,2026-02-28,2026-03-11,11
1084,287,5,2026-03-11,2026-04-04,24
1085,288,1,2026-09-04,2026-09-16,12
1086,288,2,2026-09-16,,14
1087,289,1,2026-08-13,2026-08-22,9
1088,289,2,2026-08-22,2026-09-17,26
1089,289,3,2026-09-17,,13
1090,290,1,2025-12-11,2026-01-04,24
1091,290,2,2026-01-04,2026-01-27,23
1092,290,3,2026-01-27,2026-02-23,27
1093,290,4,2026-02-23,2026-03-18,23
1094,290,5,2026-03-18,2026-04-10,23
1095,291,1,2025-05-27,2025-06-07,11
1096,291,2,2025-06-07,2025-06-18,11
1097,292,1,2026-05-16,2026-05-24,8
1098,292,2,2026-05-24,2026-06-04,11
1099,292,3,2026-06-04,2026-06-18,14
1100,293,1,2025-03-19,2025-03-29,10
1101,293,2,2025-03-29,2025-04-22,24
1102,293,3,2025-04-22,2025-05-14,22
1103,294,1,2026-07-21,2026-08-12,22
1104,295,1,2026-09-18,,12
1105,296,1,2025-07-19,2025-08-26,38
1106,296,2,2025-08-26,2025-10-01,36
1107,296,3,2025-10-01,2025-11-05,35
1108,296,4,2025-11-05,2025-12-01,26
1109,296,5,2025-12-01,2026-01-12,42
1110,297,1,2025-08-31,2025-09-24,24
1111,297,2,2025-09-24,2025-10-10,16
1112,297,3,2025-10-10,2025-10-23,13
1113,297,4,2025-10-23,2025-11-16,24
1114,297,5,2025-11-16,2025-11-25,9
1115,298,1,2025-11-01,2025-11-08,7
1116,298,2,2025-11-08,2025-11-18,10
1117,298,3,2025-11-18,2025-11-24,6
1118,298,4,2025-11-24,2025-12-07,13
1119,299,1,2026-01-27,2026-02-15,19
1120,299,2,2026-02-15,2026-03-01,14
1121,299,3,2026-03-01,2026-03-10,9
1122,299,4,2026-03-10,2026-03-23,13
1123,299,5,2026-03-23,2026-04-11,19
1124,300,1,2026-01-10,2026-02-14,35
1125,301,1,2026-09-05,,25
1126,302,1,2025-04-07,2025-05-10,33
1127,302,2,2025-05-10,2025-06-02,23
1128,302,3,2025-06-02,2025-07-12,40
1129,302,4,2025-07-12,2025-08-10,29
1130,302,5,2025-08-10,2025-09-04,25
1131,303,1,2026-07-18,2026-08-02,15
1132,303,2,2026-08-02,2026-08-08,6
1133,303,3,2026-08-08,2026-08-31,23
1134,303,4,2026-08-31,2026-09-19,19
1135,303,5,2026-09-19,,11
1136,304,1,2026-01-27,2026-02-03,7
1137,304,2,2026-02-03,2026-02-22,19
1138,304,3,2026-02-22,2026-03-02,8
1139,304,4,2026-03-02,2026-03-10,8
1140,305,1,2025-12-08,2026-01-13,36
1141,305,2,2026-01-13,2026-02-06,24
1142,305,3,2026-02-06,2026-03-09,31
1143,305,4,2026-03-09,2026-04-07,29
1144,305,5,2026-04-07,2026-05-11,34
1145,306,1,2026-09-11,2026-09-29,18
1146,306,2,2026-09-29,,1
1147,307,1,2026-09-07,2026-09-24,17
1148,307,2,2026-09-24,2026-09-30,6
1149,307,3,2026-09-30,,0
1150,308,1,2025-04-05,2025-04-23,18
1151,308,2,2025-04-23,2025-05-11,18
1152,308,3,2025-05-11,2025-06-07,27
1153,308,4,2025-06-07,2025-06-15,8
1154,308,5,2025-06-15,2025-06-21,6
1155,309,1,2026-03-14,2026-04-07,24
1156,309,2,2026-04-07,2026-04-28,21
1157,309,3,2026-04-28,2026-05-03,5
1158,309,4,2026-05-03,2026-05-10,7
1159,310,1,2026-05-28,2026-06-08,11
1160,310,2,2026-06-08,2026-06-18,10
1161,311,1,2025-08-03,2025-08-18,15
1162,311,2,2025-08-18,2025-09-02,15
1163,311,3,2025-09-02,2025-09-19,17
1164,311,4,2025-09-19,2025-09-29,10
1165,311,5,2025-09-29,2025-10-11,12
1166,312,1,2025-08-02,2025-08-19,17
1167,312,2,2025-08-19,2025-09-02,14
1168,312,3,2025-09-02,2025-09-16,14
1169,312,4,2025-09-16,2025-09-27,11
1170,312,5,2025-09-27,2025-10-03,6
1171,313,1,2026-04-21,2026-04-27,6
1172,314,1,2026-05-25,2026-06-12,18
1173,314,2,2026-06-12,2026-06-24,12
1174,314,3,2026-06-24,2026-07-06,12
1175,314,4,2026-07-06,2026-07-20,14
1176,315,1,2025-05-26,2025-06-22,27
1177,315,2,2025-06-22,2025-06-29,7
1178,315,3,2025-06-29,2025-07-23,24
1179,316,1,2025-03-21,2025-04-17,27
1180,316,2,2025-04-17,2025-04-26,9
1181,316,3,2025-04-26,2025-05-09,13
1182,316,4,2025-05-09,2025-06-03,25
1183,316,5,2025-06-03,2025-06-20,17
1184,317,1,2025-05-24,2025-06-01,8
1185,317,2,2025-06-01,2025-06-24,23
1186,317,3,2025-06-24,2025-07-03,9
1187,317,4,2025-07-03,2025-07-26,23
1188,317,5,2025-07-26,2025-08-14,19
1189,318,1,2026-03-21,2026-04-12,22
1190,318,2,2026-04-12,2026-04-19,7
1191,318,3,2026-04-19,2026-05-13,24
1192,318,4,2026-05-13,2026-06-03,21
1193,318,5,2026-06-03,2026-06-25,22
1194,319,1,2025-01-16,2025-01-27,11
1195,319,2,2025-01-27,2025-02-03,7
1196,319,3,2025-02-03,2025-02-08,5
1197,320,1,2026-06-10,2026-06-27,17
1198,320,2,2026-06-27,2026-07-21,24
1199,321,1,2026-02-23,2026-03-07,12
1200,321,2,2026-03-07,2026-03-28,21
1201,321,3,2026-03-28,2026-04-08,11
1202,321,4,2026-04-08,2026-04-13,5
1203,321,5,2026-04-13,2026-05-06,23
1204,322,1,2025-06-05,2025-06-22,17
1205,322,2,2025-06-22,2025-07-05,13
1206,322,3,2025-07-05,2025-07-13,8
1207,322,4,2025-07-13,2025-08-07,25
1208,322,5,2025-08-07,2025-08-30,23
1209,323,1,2026-06-23,2026-07-14,21
1210,323,2,2026-07-14,2026-07-27,13
1211,323,3,2026-07-27,2026-08-01,5
1212,323,4,2026-08-01,2026-08-24,23
1213,323,5,2026-08-24,2026-09-12,19
1214,324,1,2026-06-10,2026-07-04,24
1215,324,2,2026-07-04,2026-07-10,6
1216,325,1,2025-11-12,2025-11-29,17
1217,325,2,2025-11-29,2025-12-07,8
1218,325,3,2025-12-07,2025-12-31,24
1219,325,4,2025-12-31,2026-01-25,25
1220,325,5,2026-01-25,2026-02-01,7
1221,326,1,2025-10-11,2025-10-25,14
1222,326,2,2025-10-25,2025-11-08,14
1223,326,3,2025-11-08,2025-11-27,19
1224,326,4,2025-11-27,2025-12-22,25
1225,326,5,2025-12-22,2026-01-06,15
1226,327,1,2025-10-05,2025-10-15,10
1227,327,2,2025-10-15,2025-11-02,18
1228,327,3,2025-11-02,2025-11-29,27
1229,327,4,2025-11-29,2025-12-26,27
1230,327,5,2025-12-26,2026-01-20,25
1231,328,1,2025-01-28,2025-02-05,8
1232,328,2,2025-02-05,2025-02-17,12
1233,328,3,2025-02-17,2025-03-06,17
1234,329,1,2025-02-07,2025-02-24,17
1235,329,2,2025-02-24,2025-03-15,19
1236,330,1,2026-05-21,2026-06-12,22
1237,330,2,2026-06-12,2026-07-04,22
1238,331,1,2025-10-23,2025-11-27,35
1239,332,1,2025-04-11,2025-04-30,19
1240,332,2,2025-04-30,2025-05-13,13
1241,332,3,2025-05-13,2025-05-31,18
1242,333,1,2025-12-05,2025-12-17,12
1243,333,2,2025-12-17,2026-01-10,24
1244,333,3,2026-01-10,2026-01-22,12
1245,333,4,2026-01-22,2026-02-12,21
1246,333,5,2026-02-12,2026-02-22,10
1247,334,1,2026-03-30,2026-04-20,21
1248,334,2,2026-04-20,2026-05-11,21
1249,334,3,2026-05-11,2026-05-17,6
1250,335,1,2025-10-26,2025-10-31,5
1251,336,1,2025-12-21,2026-01-07,17
1252,336,2,2026-01-07,2026-01-27,20
1253,337,1,2025-09-25,2025-10-10,15
1254,337,2,2025-10-10,2025-11-01,22
1255,337,3,2025-11-01,2025-11-11,10
1256,337,4,2025-11-11,2025-12-07,26
1257,337,5,2025-12-07,2025-12-29,22
1258,338,1,2026-07-18,2026-07-28,10
1259,338,2,2026-07-28,2026-08-04,7
1260,338,3,2026-08-04,2026-08-26,22
1261,338,4,2026-08-26,2026-09-04,9
1262,338,5,2026-09-04,2026-09-28,24
1263,339,1,2025-11-24,2025-12-02,8
1264,339,2,2025-12-02,2025-12-22,20
1265,339,3,2025-12-22,2026-01-04,13
1266,339,4,2026-01-04,2026-01-19,15
1267,339,5,2026-01-19,2026-01-30,11
1268,340,1,2025-10-29,2025-11-12,14
1269,340,2,2025-11-12,2025-12-06,24
1270,340,3,2025-12-06,2025-12-28,22
1271,340,4,2025-12-28,2026-01-19,22
1272,341,1,2026-04-13,2026-05-07,24
1273,341,2,2026-05-07,2026-05-28,21
1274,341,3,2026-05-28,2026-06-14,17
1275,341,4,2026-06-14,2026-06-27,13
1276,341,5,2026-06-27,2026-07-24,27
1277,342,1,2026-04-03,2026-04-30,27
1278,342,2,2026-04-30,2026-05-09,9
1279,342,3,2026-05-09,2026-05-23,14
1280,342,4,2026-05-23,2026-06-17,25
1281,342,5,2026-06-17,2026-07-08,21
1282,343,1,2025-11-14,2025-12-07,23
1283,343,2,2025-12-07,2025-12-14,7
1284,343,3,2025-12-14,2025-12-26,12
1285,343,4,2025-12-26,2026-01-13,18
1286,343,5,2026-01-13,2026-02-04,22
1287,344,1,2026-02-08,2026-02-20,12
1288,344,2,2026-02-20,2026-02-26,6
1289,344,3,2026-02-26,2026-03-04,6
1290,344,4,2026-03-04,2026-03-28,24
1291,345,1,2026-01-04,2026-01-21,17
1292,346,1,2025-10-27,2025-11-16,20
1293,346,2,2025-11-16,2025-12-11,25
1294,346,3,2025-12-11,2025-12-30,19
1295,346,4,2025-12-30,2026-01-24,25
1296,346,5,2026-01-24,2026-02-01,8
1297,347,1,2026-08-01,2026-08-16,15
1298,347,2,2026-08-16,2026-09-05,20
1299,347,3,2026-09-05,,25
1300,348,1,2026-04-30,2026-05-11,11
1301,348,2,2026-05-11,2026-05-25,14
1302,349,1,2025-10-14,2025-11-08,25
1303,349,2,2025-11-08,2025-12-03,25
1304,349,3,2025-12-03,2026-01-04,32
1305,350,1,2025-05-09,2025-05-28,19
1306,350,2,2025-05-28,2025-06-07,10
1307,350,3,2025-06-07,2025-06-13,6
1308,350,4,2025-06-13,2025-06-24,11
1309,350,5,2025-06-24,2025-06-30,6
1310,351,1,2025-05-28,2025-06-14,17
1311,351,2,2025-06-14,2025-06-28,14
1312,351,3,2025-06-28,2025-07-23,25
1313,351,4,2025-07-23,2025-07-29,6
1314,351,5,2025-07-29,2025-08-12,14
1315,352,1,2026-07-05,2026-07-24,19
1316,352,2,2026-07-24,2026-08-14,21
1317,352,3,2026-08-14,2026-09-02,19
1318,352,4,2026-09-02,2026-09-11,9
1319,352,5,2026-09-11,2026-09-21,10
1320,353,1,2026-02-18,2026-03-17,27
1321,353,2,2026-03-17,2026-03-30,13
1322,353,3,2026-03-30,2026-04-26,27
1323,354,1,2025-05-26,2025-06-05,10
1324,354,2,2025-06-05,2025-07-01,26
1325,354,3,2025-07-01,2025-07-19,18
1326,354,4,2025-07-19,2025-08-01,13
1327,355,1,2025-11-01,2025-11-23,22
1328,356,1,2025-04-01,2025-04-10,9
1329,356,2,2025-04-10,2025-04-29,19
1330,356,3,2025-04-29,2025-05-04,5
1331,356,4,2025-05-04,2025-05-24,20
1332,356,5,2025-05-24,2025-06-09,16
1333,357,1,2025-03-17,2025-03-25,8
1334,357,2,2025-03-25,2025-03-31,6
1335,357,3,2025-03-31,2025-04-12,12
1336,357,4,2025-04-12,2025-04-24,12
1337,357,5,2025-04-24,2025-05-07,13
1338,358,1,2025-10-07,2025-10-30,23
1339,359,1,2025-12-19,2025-12-27,8
1340,359,2,2025-12-27,2026-01-13,17
1341,359,3,2026-01-13,2026-02-05,23
1342,359,4,2026-02-05,2026-02-26,21
1343,359,5,2026-02-26,2026-03-09,11
1344,360,1,2026-02-01,2026-02-10,9
1345,360,2,2026-02-10,2026-03-06,24
1346,360,3,2026-03-06,2026-03-29,23
1347,360,4,2026-03-29,2026-04-24,26
1348,360,5,2026-04-24,2026-05-02,8
1349,361,1,2025-04-17,2025-04-28,11
1350,361,2,2025-04-28,2025-05-08,10
1351,362,1,2025-05-03,2025-05-29,26
1352,362,2,2025-05-29,2025-07-02,34
1353,363,1,2025-11-29,2026-01-09,41
1354,364,1,2026-01-22,2026-02-07,16
1355,364,2,2026-02-07,2026-02-28,21
1356,364,3,2026-02-28,2026-03-07,7
1357,364,4,2026-03-07,2026-03-21,14
1358,364,5,2026-03-21,2026-04-01,11
1359,365,1,2025-11-30,2025-12-10,10
1360,365,2,2025-12-10,2025-12-29,19
1361,365,3,2025-12-29,2026-01-03,5
1362,365,4,2026-01-03,2026-01-12,9
1363,365,5,2026-01-12,2026-02-03,22
1364,366,1,2025-05-28,2025-06-20,23
1365,366,2,2025-06-20,2025-06-28,8
1366,366,3,2025-06-28,2025-07-15,17
1367,366,4,2025-07-15,2025-08-08,24
1368,366,5,2025-08-08,2025-08-14,6
1369,367,1,2026-01-14,2026-02-07,24
1370,367,2,2026-02-07,2026-02-27,20
1371,367,3,2026-02-27,2026-03-29,30
1372,367,4,2026-03-29,2026-04-23,25
1373,367,5,2026-04-23,2026-05-22,29
1374,368,1,2025-11-13,2025-12-18,35
1375,368,2,2025-12-18,2026-01-12,25
1376,368,3,2026-01-12,2026-02-02,21
1377,368,4,2026-02-02,2026-02-26,24
1378,368,5,2026-02-26,2026-03-24,26
1379,369,1,2026-05-22,2026-06-08,17
1380,369,2,2026-06-08,2026-06-13,5
1381,369,3,2026-06-13,2026-06-30,17
1382,369,4,2026-06-30,2026-07-10,10
1383,369,5,2026-07-10,2026-07-23,13
1384,370,1,2025-02-16,2025-02-26,10
1385,370,2,2025-02-26,2025-03-06,8
1386,370,3,2025-03-06,2025-03-28,22
1387,370,4,2025-03-28,2025-04-05,8
1388,370,5,2025-04-05,2025-04-15,10
1389,371,1,2025-02-17,2025-02-22,5
1390,371,2,2025-02-22,2025-03-14,20
1391,371,3,2025-03-14,2025-03-26,12
1392,372,1,2025-03-06,2025-03-21,15
1393,372,2,2025-03-21,2025-04-07,17
1394,372,3,2025-04-07,2025-04-30,23
1395,372,4,2025-04-30,2025-05-27,27
1396,372,5,2025-05-27,2025-06-15,19
1397,373,1,2025-06-14,2025-07-11,27
1398,373,2,2025-07-11,2025-07-19,8
1399,373,3,2025-07-19,2025-07-29,10
1400,373,4,2025-07-29,2025-08-20,22
1401,373,5,2025-08-20,2025-09-07,18
1402,374,1,2026-05-30,2026-06-11,12
1403,374,2,2026-06-11,2026-07-01,20
1404,375,1,2026-06-08,2026-06-16,8
1405,375,2,2026-06-16,2026-07-10,24
1406,376,1,2026-04-13,2026-05-01,18
1407,376,2,2026-05-01,2026-05-18,17
1408,376,3,2026-05-18,2026-05-24,6
1409,376,4,2026-05-24,2026-06-11,18
1410,376,5,2026-06-11,2026-07-03,22
1411,377,1,2026-08-09,2026-08-17,8
1412,377,2,2026-08-17,2026-09-02,16
1413,377,3,2026-09-02,2026-09-18,16
1414,377,4,2026-09-18,,12
1415,378,1,2026-04-16,2026-05-09,23
1416,378,2,2026-05-09,2026-06-04,26
1417,378,3,2026-06-04,2026-06-19,15
1418,378,4,2026-06-19,2026-06-27,8
1419,378,5,2026-06-27,2026-07-21,24
1420,379,1,2025-12-22,2025-12-31,9
1421,379,2,2025-12-31,2026-01-25,25
1422,379,3,2026-01-25,2026-02-09,15
1423,379,4,2026-02-09,2026-02-24,15
1424,379,5,2026-02-24,2026-03-05,9
1425,380,1,2026-05-17,2026-06-27,41
1426,380,2,2026-06-27,2026-07-17,20
1427,381,1,2025-10-27,2025-11-18,22
1428,381,2,2025-11-18,2025-12-12,24
1429,381,3,2025-12-12,2026-01-01,20
1430,381,4,2026-01-01,2026-02-04,34
1431,382,1,2026-09-18,2026-09-27,9
1432,382,2,2026-09-27,,3
1433,383,1,2025-12-25,2026-01-03,9
1434,383,2,2026-01-03,2026-01-26,23
1435,383,3,2026-01-26,2026-02-09,14
1436,383,4,2026-02-09,2026-02-23,14
1437,383,5,2026-02-23,2026-03-08,13
1438,384,1,2026-07-10,2026-08-06,27
1439,384,2,2026-08-06,2026-08-16,10
1440,384,3,2026-08-16,2026-09-08,23
1441,384,4,2026-09-08,,22
1442,385,1,2026-05-20,2026-06-03,14
1443,385,2,2026-06-03,2026-06-17,14
1444,385,3,2026-06-17,2026-07-02,15
1445,385,4,2026-07-02,2026-07-24,22
1446,385,5,2026-07-24,2026-08-04,11
1447,386,1,2025-04-18,2025-05-01,13
1448,386,2,2025-05-01,2025-05-15,14
1449,386,3,2025-05-15,2025-05-25,10
1450,386,4,2025-05-25,2025-06-02,8
1451,386,5,2025-06-02,2025-06-07,5
1452,387,1,2025-01-27,2025-02-20,24
1453,387,2,2025-02-20,2025-03-19,27
1454,387,3,2025-03-19,2025-04-03,15
1455,387,4,2025-04-03,2025-04-23,20
1456,387,5,2025-04-23,2025-05-10,17
1457,388,1,2025-07-18,2025-07-26,8
1458,388,2,2025-07-26,2025-08-09,14
1459,388,3,2025-08-09,2025-08-21,12
1460,388,4,2025-08-21,2025-09-03,13
1461,388,5,2025-09-03,2025-09-15,12
1462,389,1,2026-02-04,2026-03-14,38
1463,389,2,2026-03-14,2026-04-05,22
1464,390,1,2026-06-04,2026-06-15,11
1465,390,2,2026-06-15,2026-06-22,7
1466,390,3,2026-06-22,2026-07-05,13
1467,390,4,2026-07-05,2026-07-31,26
1468,390,5,2026-07-31,2026-08-27,27
1469,391,1,2025-06-19,2025-07-12,23
1470,391,2,2025-07-12,2025-07-18,6
1471,391,3,2025-07-18,2025-08-08,21
1472,391,4,2025-08-08,2025-08-26,18
1473,391,5,2025-08-26,2025-09-09,14
1474,392,1,2026-03-03,2026-03-23,20
1475,392,2,2026-03-23,2026-04-02,10
1476,392,3,2026-04-02,2026-04-23,21
1477,392,4,2026-04-23,2026-04-29,6
1478,392,5,2026-04-29,2026-05-21,22
1479,393,1,2025-02-04,2025-02-21,17
1480,393,2,2025-02-21,2025-03-16,23
1481,393,3,2025-03-16,2025-03-27,11
1482,393,4,2025-03-27,2025-04-22,26
1483,393,5,2025-04-22,2025-05-05,13
1484,394,1,2026-06-19,2026-06-29,10
1485,394,2,2026-06-29,2026-07-20,21
1486,394,3,2026-07-20,2026-08-16,27
1487,394,4,2026-08-16,2026-09-12,27
1488,394,5,2026-09-12,,18
1489,395,1,2026-09-17,,13
1490,396,1,2026-01-26,2026-02-13,18
1491,396,2,2026-02-13,2026-03-04,19
1492,396,3,2026-03-04,2026-03-09,5
1493,397,1,2025-12-08,2026-01-01,24
1494,397,2,2026-01-01,2026-01-07,6
1495,397,3,2026-01-07,2026-01-24,17
1496,397,4,2026-01-24,2026-02-12,19
1497,398,1,2026-03-17,2026-04-02,16
1498,398,2,2026-04-02,2026-04-19,17
1499,398,3,2026-04-19,2026-05-06,17
1500,398,4,2026-05-06,2026-05-12,6
1501,398,5,2026-05-12,2026-05-29,17
1502,399,1,2025-10-22,2025-11-01,10
1503,399,2,2025-11-01,2025-11-18,17
1504,399,3,2025-11-18,2025-12-07,19
1505,399,4,2025-12-07,2026-01-02,26
1506,399,5,2026-01-02,2026-01-27,25
1507,400,1,2025-09-12,2025-10-07,25
1508,400,2,2025-10-07,2025-11-03,27
1509,400,3,2025-11-03,2025-12-14,41
1510,400,4,2025-12-14,2026-01-13,30
1511,400,5,2026-01-13,2026-02-17,35
1512,401,1,2025-02-18,2025-02-26,8
1513,401,2,2025-02-26,2025-03-15,17
1514,401,3,2025-03-15,2025-03-30,15
1515,401,4,2025-03-30,2025-04-13,14
1516,402,1,2025-10-20,2025-10-26,6
1517,402,2,2025-10-26,2025-11-09,14
1518,402,3,2025-11-09,2025-12-06,27
1519,402,4,2025-12-06,2025-12-13,7
1520,402,5,2025-12-13,2026-01-01,19
1521,403,1,2026-07-25,2026-08-27,33
1522,403,2,2026-08-27,,34
1523,404,1,2026-02-03,2026-02-18,15
1524,404,2,2026-02-18,2026-03-11,21
1525,405,1,2026-01-03,2026-01-23,20
1526,405,2,2026-01-23,2026-02-04,12
1527,405,3,2026-02-04,2026-02-10,6
1528,405,4,2026-02-10,2026-03-04,22
1529,405,5,2026-03-04,2026-03-15,11
1530,406,1,2026-08-06,2026-08-25,19
1531,406,2,2026-08-25,2026-09-19,25
1532,406,3,2026-09-19,,11
1533,407,1,2025-12-20,2026-01-19,30
1534,407,2,2026-01-19,2026-02-27,39
1535,407,3,2026-02-27,2026-04-08,40
1536,408,1,2025-10-14,2025-10-26,12
1537,408,2,2025-10-26,2025-11-20,25
1538,408,3,2025-11-20,2025-11-30,10
1539,408,4,2025-11-30,2025-12-09,9
1540,408,5,2025-12-09,2025-12-21,12
1541,409,1,2025-06-07,2025-06-23,16
1542,409,2,2025-06-23,2025-07-20,27
1543,409,3,2025-07-20,2025-08-05,16
1544,409,4,2025-08-05,2025-08-12,7
1545,409,5,2025-08-12,2025-08-21,9
1546,410,1,2025-07-24,2025-08-24,31
1547,410,2,2025-08-24,2025-09-27,34
1548,410,3,2025-09-27,2025-10-27,30
1549,410,4,2025-10-27,2025-12-03,37
1550,410,5,2025-12-03,2026-01-09,37
1551,411,1,2025-11-30,2025-12-14,14
1552,411,2,2025-12-14,2025-12-31,17
1553,411,3,2025-12-31,2026-01-05,5
1554,411,4,2026-01-05,2026-01-28,23
1555,412,1,2025-05-14,2025-05-23,9
1556,412,2,2025-05-23,2025-06-15,23
1557,412,3,2025-06-15,2025-07-11,26
1558,412,4,2025-07-11,2025-07-18,7
1559,412,5,2025-07-18,2025-08-08,21
1560,413,1,2026-06-03,2026-06-30,27
1561,413,2,2026-06-30,2026-07-21,21
1562,413,3,2026-07-21,2026-08-29,39
1563,414,1,2025-03-27,2025-04-14,18
1564,414,2,2025-04-14,2025-04-28,14
1565,414,3,2025-04-28,2025-05-15,17
1566,414,4,2025-05-15,2025-05-23,8
1567,414,5,2025-05-23,2025-06-18,26
1568,415,1,2025-05-02,2025-05-11,9
1569,415,2,2025-05-11,2025-05-18,7
1570,415,3,2025-05-18,2025-06-04,17
1571,415,4,2025-06-04,2025-06-19,15
1572,415,5,2025-06-19,2025-07-10,21
1573,416,1,2026-06-29,2026-07-08,9
1574,416,2,2026-07-08,2026-07-19,11
1575,416,3,2026-07-19,2026-08-14,26
1576,416,4,2026-08-14,2026-08-25,11
1577,417,1,2026-07-01,2026-07-20,19
1578,418,1,2025-09-22,2025-10-13,21
1579,418,2,2025-10-13,2025-11-04,22
1580,418,3,2025-11-04,2025-11-21,17
1581,418,4,2025-11-21,2025-12-16,25
1582,418,5,2025-12-16,2026-01-08,23
1583,419,1,2025-03-21,2025-04-09,19
1584,419,2,2025-04-09,2025-05-04,25
1585,420,1,2025-05-22,2025-07-02,41
1586,420,2,2025-07-02,2025-07-30,28
1587,420,3,2025-07-30,2025-09-05,37
1588,420,4,2025-09-05,2025-09-28,23
1589,420,5,2025-09-28,2025-10-20,22
1590,421,1,2025-05-05,2025-05-18,13
1591,421,2,2025-05-18,2025-06-07,20
1592,421,3,2025-06-07,2025-07-01,24
1593,421,4,2025-07-01,2025-07-27,26
1594,421,5,2025-07-27,2025-08-13,17
1595,422,1,2026-09-28,,2
1596,423,1,2026-09-23,,7
1597,424,1,2026-01-25,2026-02-12,18
1598,424,2,2026-02-12,2026-03-03,19
1599,425,1,2026-09-25,,5
1600,426,1,2026-03-16,2026-04-24,39
1601,426,2,2026-04-24,2026-05-25,31
1602,426,3,2026-05-25,2026-06-22,28
1603,427,1,2025-03-30,2025-04-19,20
1604,427,2,2025-04-19,2025-05-07,18
1605,427,3,2025-05-07,2025-05-27,20
1606,427,4,2025-05-27,2025-06-23,27
1607,427,5,2025-06-23,2025-07-05,12
1608,428,1,2026-01-11,2026-01-21,10
1609,428,2,2026-01-21,2026-02-17,27
1610,428,3,2026-02-17,2026-03-15,26
1611,428,4,2026-03-15,2026-04-03,19
1612,428,5,2026-04-03,2026-04-24,21
1613,429,1,2025-05-20,2025-06-07,18
1614,429,2,2025-06-07,2025-06-29,22
1615,430,1,2026-04-22,2026-05-12,20
1616,430,2,2026-05-12,2026-05-21,9
1617,430,3,2026-05-21,2026-06-11,21
1618,430,4,2026-06-11,2026-06-22,11
1619,430,5,2026-06-22,2026-07-15,23
1620,431,1,2026-04-18,2026-05-06,18
1621,431,2,2026-05-06,2026-05-28,22
1622,431,3,2026-05-28,2026-06-10,13
1623,431,4,2026-06-10,2026-06-15,5
1624,432,1,2025-03-19,2025-04-01,13
1625,432,2,2025-04-01,2025-04-18,17
1626,432,3,2025-04-18,2025-05-11,23
1627,432,4,2025-05-11,2025-05-24,13
1628,432,5,2025-05-24,2025-06-07,14
1629,433,1,2026-09-25,,5
1630,434,1,2025-06-23,2025-07-03,10
1631,434,2,2025-07-03,2025-07-15,12
1632,434,3,2025-07-15,2025-08-09,25
1633,434,4,2025-08-09,2025-08-26,17
1634,435,1,2026-04-18,2026-05-25,37
1635,435,2,2026-05-25,2026-06-28,34
1636,435,3,2026-06-28,2026-07-29,31
1637,435,4,2026-07-29,2026-09-09,42
1638,435,5,2026-09-09,,21
1639,436,1,2026-09-20,,10
1640,437,1,2026-07-10,2026-07-27,17
1641,437,2,2026-07-27,2026-08-10,14
1642,437,3,2026-08-10,2026-08-19,9
1643,437,4,2026-08-19,2026-09-08,20
1644,437,5,2026-09-08,2026-09-16,8
1645,438,1,2025-12-07,2025-12-18,11
1646,438,2,2025-12-18,2025-12-28,10
1647,438,3,2025-12-28,2026-01-10,13
1648,438,4,2026-01-10,2026-01-19,9
1649,438,5,2026-01-19,2026-02-06,18
1650,439,1,2025-06-26,2025-07-22,26
1651,439,2,2025-07-22,2025-07-27,5
1652,439,3,2025-07-27,2025-08-17,21
1653,439,4,2025-08-17,2025-08-29,12
1654,439,5,2025-08-29,2025-09-04,6
1655,440,1,2026-09-15,,15
1656,441,1,2026-04-01,2026-04-24,23
1657,441,2,2026-04-24,2026-05-04,10
1658,441,3,2026-05-04,2026-05-09,5
1659,441,4,2026-05-09,2026-05-23,14
1660,441,5,2026-05-23,2026-06-01,9
1661,442,1,2026-05-26,2026-06-14,19
1662,442,2,2026-06-14,2026-07-07,23
1663,442,3,2026-07-07,2026-07-25,18
1664,442,4,2026-07-25,2026-08-05,11
1665,442,5,2026-08-05,2026-09-01,27
1666,443,1,2025-12-16,2026-01-03,18
1667,444,1,2025-08-23,2025-09-17,25
1668,444,2,2025-09-17,2025-09-24,7
1669,445,1,2025-12-21,2026-01-30,40
1670,445,2,2026-01-30,2026-02-22,23
1671,445,3,2026-02-22,2026-03-21,27
1672,445,4,2026-03-21,2026-04-14,24
1673,446,1,2025-07-08,2025-07-24,16
1674,446,2,2025-07-24,2025-08-14,21
1675,446,3,2025-08-14,2025-08-27,13
1676,446,4,2025-08-27,2025-09-23,27
1677,447,1,2025-10-29,2025-11-11,13
1678,447,2,2025-11-11,2025-12-06,25
1679,447,3,2025-12-06,2026-01-02,27
1680,447,4,2026-01-02,2026-01-24,22
1681,447,5,2026-01-24,2026-02-14,21
1682,448,1,2025-08-01,2025-08-12,11
1683,448,2,2025-08-12,2025-08-21,9
1684,448,3,2025-08-21,2025-09-09,19
1685,448,4,2025-09-09,2025-09-14,5
1686,449,1,2025-10-23,2025-11-15,23
1687,449,2,2025-11-15,2025-12-27,42
1688,449,3,2025-12-27,2026-01-17,21
1689,450,1,2025-07-06,2025-08-02,27
1690,450,2,2025-08-02,2025-08-14,12
1691,451,1,2026-02-07,2026-02-28,21
1692,451,2,2026-02-28,2026-03-08,8
1693,451,3,2026-03-08,2026-04-04,27
1694,451,4,2026-04-04,2026-04-29,25
1695,451,5,2026-04-29,2026-05-05,6
1696,452,1,2025-07-17,2025-08-27,41
1697,452,2,2025-08-27,2025-09-25,29
1698,452,3,2025-09-25,2025-10-15,20
1699,452,4,2025-10-15,2025-11-23,39
1700,452,5,2025-11-23,2025-12-28,35
1701,453,1,2026-03-30,2026-04-05,6
1702,453,2,2026-04-05,2026-04-13,8
1703,453,3,2026-04-13,2026-05-10,27
1704,453,4,2026-05-10,2026-05-24,14
1705,453,5,2026-05-24,2026-06-12,19
1706,454,1,2026-06-14,2026-06-25,11
1707,454,2,2026-06-25,2026-07-08,13
1708,454,3,2026-07-08,2026-07-19,11
1709,454,4,2026-07-19,2026-08-15,27
1710,454,5,2026-08-15,2026-08-20,5
1711,455,1,2025-11-15,2025-12-22,37
1712,455,2,2025-12-22,2026-01-12,21
1713,455,3,2026-01-12,2026-02-02,21
1714,456,1,2026-04-14,2026-05-11,27
1715,456,2,2026-05-11,2026-06-06,26
1716,456,3,2026-06-06,2026-06-29,23
1717,456,4,2026-06-29,2026-07-24,25
1718,456,5,2026-07-24,2026-08-18,25
1719,457,1,2025-10-29,2025-11-08,10
1720,457,2,2025-11-08,2025-11-29,21
1721,457,3,2025-11-29,2025-12-04,5
1722,457,4,2025-12-04,2025-12-28,24
1723,458,1,2025-03-20,2025-04-09,20
1724,459,1,2026-04-27,2026-05-18,21
1725,459,2,2026-05-18,2026-06-10,23
1726,460,1,2026-08-24,2026-09-19,26
1727,460,2,2026-09-19,2026-09-25,6
1728,460,3,2026-09-25,,5
1729,461,1,2026-09-23,,7
1730,462,1,2026-03-06,2026-03-17,11
1731,462,2,2026-03-17,2026-03-22,5
1732,462,3,2026-03-22,2026-04-03,12
1733,462,4,2026-04-03,2026-04-23,20
1734,462,5,2026-04-23,2026-05-09,16
1735,463,1,2026-09-02,2026-09-27,25
1736,463,2,2026-09-27,,3
1737,464,1,2025-10-28,2025-11-21,24
1738,464,2,2025-11-21,2025-12-13,22
1739,464,3,2025-12-13,2025-12-26,13
1740,464,4,2025-12-26,2026-01-21,26
1741,464,5,2026-01-21,2026-02-14,24
1742,465,1,2025-01-02,2025-01-24,22
1743,465,2,2025-01-24,2025-03-07,42
1744,465,3,2025-03-07,2025-04-06,30
1745,465,4,2025-04-06,2025-05-11,35
1746,465,5,2025-05-11,2025-06-08,28
1747,466,1,2025-09-26,2025-10-03,7
1748,466,2,2025-10-03,2025-10-28,25
1749,466,3,2025-10-28,2025-11-14,17
1750,466,4,2025-11-14,2025-12-10,26
1751,466,5,2025-12-10,2025-12-26,16
1752,467,1,2025-04-07,2025-04-29,22
1753,468,1,2025-11-24,2025-12-06,12
1754,468,2,2025-12-06,2025-12-25,19
1755,468,3,2025-12-25,2026-01-06,12
1756,469,1,2025-01-16,2025-02-02,17
1757,469,2,2025-02-02,2025-02-19,17
1758,469,3,2025-02-19,2025-03-06,15
1759,469,4,2025-03-06,2025-03-27,21
1760,469,5,2025-03-27,2025-04-20,24
1761,470,1,2026-05-22,2026-06-18,27
1762,470,2,2026-06-18,2026-07-04,16
1763,470,3,2026-07-04,2026-07-22,18
1764,471,1,2025-08-13,2025-08-18,5
1765,471,2,2025-08-18,2025-09-10,23
1766,471,3,2025-09-10,2025-09-26,16
1767,471,4,2025-09-26,2025-10-23,27
1768,471,5,2025-10-23,2025-10-29,6
1769,472,1,2026-05-19,2026-06-01,13
1770,472,2,2026-06-01,2026-06-08,7
1771,472,3,2026-06-08,2026-06-24,16
1772,472,4,2026-06-24,2026-06-29,5
1773,472,5,2026-06-29,2026-07-06,7
1774,473,1,2025-08-07,2025-08-26,19
1775,473,2,2025-08-26,2025-09-04,9
1776,473,3,2025-09-04,2025-09-14,10
1777,473,4,2025-09-14,2025-10-06,22
1778,473,5,2025-10-06,2025-10-14,8
1779,474,1,2026-04-18,2026-05-29,41
1780,474,2,2026-05-29,2026-06-30,32
1781,474,3,2026-06-30,2026-07-29,29
1782,474,4,2026-07-29,2026-08-27,29
1783,474,5,2026-08-27,,34
1784,475,1,2025-09-20,2025-10-10,20
1785,476,1,2026-09-19,,11
1786,477,1,2025-03-13,2025-04-17,35
1787,477,2,2025-04-17,2025-05-24,37
1788,477,3,2025-05-24,2025-06-30,37
1789,477,4,2025-06-30,2025-08-07,38
1790,477,5,2025-08-07,2025-09-01,25
1791,478,1,2025-09-14,2025-09-23,9
1792,478,2,2025-09-23,2025-09-28,5
1793,479,1,2026-07-01,2026-07-10,9
1794,479,2,2026-07-10,2026-08-01,22
1795,479,3,2026-08-01,2026-08-18,17
1796,479,4,2026-08-18,2026-08-28,10
1797,479,5,2026-08-28,2026-09-10,13
1798,480,1,2026-08-03,2026-08-23,20
1799,480,2,2026-08-23,2026-09-19,27
1800,480,3,2026-09-19,2026-09-25,6
1801,481,1,2025-09-23,2025-10-13,20
1802,481,2,2025-10-13,2025-10-20,7
1803,481,3,2025-10-20,2025-10-29,9
1804,481,4,2025-10-29,2025-11-22,24
1805,481,5,2025-11-22,2025-12-04,12
1806,482,1,2025-12-22,2026-01-06,15
1807,482,2,2026-01-06,2026-01-26,20
1808,482,3,2026-01-26,2026-02-19,24
1809,482,4,2026-02-19,2026-03-17,26
1810,482,5,2026-03-17,2026-03-31,14
1811,483,1,2026-08-11,2026-08-17,6
1812,483,2,2026-08-17,2026-08-22,5
1813,483,3,2026-08-22,2026-09-14,23
1814,483,4,2026-09-14,2026-09-22,8
1815,484,1,2025-12-03,2025-12-09,6
1816,484,2,2025-12-09,2025-12-21,12
1817,485,1,2025-08-28,2025-09-04,7
1818,485,2,2025-09-04,2025-09-22,18
1819,485,3,2025-09-22,2025-10-07,15
1820,485,4,2025-10-07,2025-11-01,25
1821,485,5,2025-11-01,2025-11-22,21
1822,486,1,2025-11-22,2025-11-27,5
1823,486,2,2025-11-27,2025-12-16,19
1824,486,3,2025-12-16,2026-01-12,27
1825,486,4,2026-01-12,2026-01-20,8
1826,486,5,2026-01-20,2026-01-29,9
1827,487,1,2026-01-08,2026-02-05,28
1828,487,2,2026-02-05,2026-03-16,39
1829,487,3,2026-03-16,2026-04-05,20
1830,487,4,2026-04-05,2026-05-08,33
1831,487,5,2026-05-08,2026-05-31,23
1832,488,1,2025-03-14,2025-04-01,18
1833,488,2,2025-04-01,2025-04-22,21
1834,488,3,2025-04-22,2025-05-01,9
1835,488,4,2025-05-01,2025-05-14,13
1836,489,1,2025-07-05,2025-07-26,21
1837,489,2,2025-07-26,2025-08-10,15
1838,489,3,2025-08-10,2025-09-01,22
1839,489,4,2025-09-01,2025-09-27,26
1840,489,5,2025-09-27,2025-10-07,10
1841,490,1,2025-07-19,2025-08-10,22
1842,490,2,2025-08-10,2025-09-11,32
1843,490,3,2025-09-11,2025-10-06,25
1844,490,4,2025-10-06,2025-11-02,27
1845,490,5,2025-11-02,2025-12-06,34
1846,491,1,2025-02-20,2025-03-24,32
1847,492,1,2025-10-31,2025-11-12,12
1848,492,2,2025-11-12,2025-12-07,25
1849,492,3,2025-12-07,2026-01-02,26
1850,492,4,2026-01-02,2026-01-15,13
1851,493,1,2025-12-12,2025-12-28,16
1852,493,2,2025-12-28,2026-01-19,22
1853,493,3,2026-01-19,2026-02-08,20
1854,493,4,2026-02-08,2026-03-05,25
1855,493,5,2026-03-05,2026-03-27,22
1856,494,1,2026-01-23,2026-02-19,27
1857,494,2,2026-02-19,2026-03-14,23
1858,494,3,2026-03-14,2026-04-04,21
1859,494,4,2026-04-04,2026-04-22,18
1860,494,5,2026-04-22,2026-05-19,27
1861,495,1,2026-02-22,2026-03-21,27
1862,496,1,2025-11-26,2025-12-16,20
1863,496,2,2025-12-16,2026-01-10,25
1864,496,3,2026-01-10,2026-02-02,23
1865,497,1,2026-03-20,2026-04-18,29
1866,497,2,2026-04-18,2026-05-20,32
1867,497,3,2026-05-20,2026-06-30,41
1868,497,4,2026-06-30,2026-08-02,33
1869,497,5,2026-08-02,2026-09-13,42
1870,498,1,2026-07-01,2026-07-20,19
1871,499,1,2025-03-13,2025-03-31,18
1872,499,2,2025-03-31,2025-04-21,21
1873,499,3,2025-04-21,2025-04-27,6
1874,499,4,2025-04-27,2025-05-08,11
1875,499,5,2025-05-08,2025-05-28,20
1876,500,1,2026-04-20,2026-05-17,27
1877,501,1,2025-10-11,2025-11-03,23
1878,501,2,2025-11-03,2025-12-14,41
1879,501,3,2025-12-14,2026-01-08,25
1880,501,4,2026-01-08,2026-02-13,36
1881,501,5,2026-02-13,2026-03-09,24
1882,502,1,2025-09-25,2025-10-02,7
1883,502,2,2025-10-02,2025-10-27,25
1884,502,3,2025-10-27,2025-11-12,16
1885,502,4,2025-11-12,2025-11-28,16
1886,503,1,2026-03-08,2026-03-14,6
1887,503,2,2026-03-14,2026-03-31,17
1888,503,3,2026-03-31,2026-04-23,23
1889,503,4,2026-04-23,2026-05-10,17
1890,503,5,2026-05-10,2026-05-18,8
1891,504,1,2025-03-04,2025-04-10,37
1892,504,2,2025-04-10,2025-05-09,29
1893,505,1,2025-04-14,2025-05-09,25
1894,505,2,2025-05-09,2025-05-20,11
1895,505,3,2025-05-20,2025-06-08,19
1896,505,4,2025-06-08,2025-06-30,22
1897,506,1,2026-02-18,2026-03-16,26
1898,506,2,2026-03-16,2026-04-06,21
1899,507,1,2025-04-06,2025-04-21,15
1900,507,2,2025-04-21,2025-05-03,12
1901,508,1,2026-01-07,2026-01-28,21
1902,508,2,2026-01-28,2026-03-08,39
1903,508,3,2026-03-08,2026-04-05,28
1904,508,4,2026-04-05,2026-05-11,36
1905,509,1,2026-04-13,2026-05-07,24
1906,509,2,2026-05-07,2026-05-16,9
1907,510,1,2025-07-16,2025-07-24,8
1908,511,1,2025-03-20,2025-04-11,22
1909,511,2,2025-04-11,2025-05-06,25
1910,511,3,2025-05-06,2025-05-17,11
1911,511,4,2025-05-17,2025-05-28,11
1912,511,5,2025-05-28,2025-06-02,5
1913,512,1,2025-08-08,2025-08-23,15
1914,512,2,2025-08-23,2025-09-19,27
1915,512,3,2025-09-19,2025-10-01,12
1916,512,4,2025-10-01,2025-10-13,12
1917,512,5,2025-10-13,2025-10-28,15
1918,513,1,2025-08-19,2025-09-12,24
1919,513,2,2025-09-12,2025-10-04,22
1920,513,3,2025-10-04,2025-10-30,26
1921,513,4,2025-10-30,2025-11-09,10
1922,513,5,2025-11-09,2025-11-15,6
1923,514,1,2026-02-03,2026-02-28,25
1924,514,2,2026-02-28,2026-03-13,13
1925,514,3,2026-03-13,2026-03-19,6
1926,514,4,2026-03-19,2026-03-25,6
1927,514,5,2026-03-25,2026-04-01,7
1928,515,1,2025-02-03,2025-02-13,10
1929,516,1,2026-04-02,2026-04-25,23
1930,516,2,2026-04-25,2026-05-31,36
1931,516,3,2026-05-31,2026-06-30,30
1932,516,4,2026-06-30,2026-08-08,39
1933,516,5,2026-08-08,2026-09-07,30
1934,517,1,2026-04-22,2026-05-18,26
1935,517,2,2026-05-18,2026-05-26,8
1936,517,3,2026-05-26,2026-06-04,9
1937,517,4,2026-06-04,2026-06-30,26
1938,517,5,2026-06-30,2026-07-15,15
1939,518,1,2025-12-24,2026-01-20,27
1940,518,2,2026-01-20,2026-02-11,22
1941,518,3,2026-02-11,2026-02-18,7
1942,518,4,2026-02-18,2026-03-15,25
1943,518,5,2026-03-15,2026-04-01,17
1944,519,1,2025-02-01,2025-03-02,29
1945,519,2,2025-03-02,2025-04-01,30
1946,519,3,2025-04-01,2025-05-11,40
1947,519,4,2025-05-11,2025-06-03,23
1948,519,5,2025-06-03,2025-07-07,34
1949,520,1,2025-04-13,2025-04-27,14
1950,520,2,2025-04-27,2025-05-12,15
1951,520,3,2025-05-12,2025-05-19,7
1952,520,4,2025-05-19,2025-06-15,27
1953,520,5,2025-06-15,2025-06-29,14
1954,521,1,2025-08-07,2025-09-16,40
1955,521,2,2025-09-16,2025-10-17,31
1956,521,3,2025-10-17,2025-11-14,28
1957,521,4,2025-11-14,2025-12-09,25
1958,522,1,2026-09-13,2026-09-22,9
1959,522,2,2026-09-22,,8
1960,523,1,2025-10-10,2025-10-18,8
1961,523,2,2025-10-18,2025-10-31,13
1962,523,3,2025-10-31,2025-11-25,25
1963,523,4,2025-11-25,2025-12-21,26
1964,524,1,2025-11-22,2025-11-28,6
1965,524,2,2025-11-28,2025-12-12,14
1966,524,3,2025-12-12,2025-12-19,7
1967,524,4,2025-12-19,2026-01-06,18
1968,524,5,2026-01-06,2026-01-30,24
1969,525,1,2025-09-10,2025-10-14,34
1970,525,2,2025-10-14,2025-11-03,20
1971,525,3,2025-11-03,2025-12-08,35
1972,525,4,2025-12-08,2026-01-15,38
1973,526,1,2026-04-14,2026-05-01,17
1974,526,2,2026-05-01,2026-05-23,22
1975,526,3,2026-05-23,2026-06-09,17
1976,526,4,2026-06-09,2026-07-06,27
1977,527,1,2026-05-03,2026-06-06,34
1978,527,2,2026-06-06,2026-07-15,39
1979,527,3,2026-07-15,2026-08-20,36
1980,527,4,2026-08-20,,41
1981,528,1,2025-06-08,2025-06-26,18
1982,528,2,2025-06-26,2025-07-18,22
1983,529,1,2026-08-17,2026-08-30,13
1984,529,2,2026-08-30,2026-09-18,19
1985,529,3,2026-09-18,2026-09-27,9
1986,529,4,2026-09-27,,3
1987,530,1,2025-09-05,2025-09-16,11
1988,530,2,2025-09-16,2025-09-26,10
1989,530,3,2025-09-26,2025-10-08,12
1990,531,1,2025-10-07,2025-10-26,19
1991,532,1,2025-05-13,2025-06-07,25
1992,532,2,2025-06-07,2025-06-12,5
1993,532,3,2025-06-12,2025-07-08,26
1994,533,1,2026-04-20,2026-05-16,26
1995,533,2,2026-05-16,2026-06-22,37
1996,533,3,2026-06-22,2026-07-16,24
1997,534,1,2025-09-21,2025-09-28,7
1998,534,2,2025-09-28,2025-10-21,23
1999,534,3,2025-10-21,2025-11-17,27
2000,534,4,2025-11-17,2025-12-06,19
2001,535,1,2026-06-20,2026-07-29,39
2002,535,2,2026-07-29,2026-09-04,37
2003,535,3,2026-09-04,,26
2004,536,1,2026-04-22,2026-04-30,8
2005,536,2,2026-04-30,2026-05-26,26
2006,536,3,2026-05-26,2026-06-18,23
2007,537,1,2026-06-21,2026-07-18,27
2008,537,2,2026-07-18,2026-08-02,15
2009,538,1,2026-08-11,2026-08-19,8
2010,538,2,2026-08-19,2026-09-11,23
2011,539,1,2026-08-06,2026-08-17,11
2012,539,2,2026-08-17,2026-09-03,17
2013,539,3,2026-09-03,2026-09-29,26
2014,539,4,2026-09-29,,1
2015,540,1,2025-12-22,2026-01-25,34
2016,540,2,2026-01-25,2026-02-28,34
2017,540,3,2026-02-28,2026-04-01,32
2018,540,4,2026-04-01,2026-05-09,38
2019,540,5,2026-05-09,2026-05-29,20
2020,541,1,2025-04-04,2025-04-22,18
2021,541,2,2025-04-22,2025-05-16,24
2022,541,3,2025-05-16,2025-06-03,18
2023,541,4,2025-06-03,2025-06-18,15
2024,542,1,2025-10-16,2025-11-11,26
2025,542,2,2025-11-11,2025-12-22,41
2026,542,3,2025-12-22,2026-01-17,26
2027,542,4,2026-01-17,2026-02-13,27
2028,542,5,2026-02-13,2026-03-10,25
2029,543,1,2025-01-30,2025-03-06,35
2030,543,2,2025-03-06,2025-03-26,20
2031,543,3,2025-03-26,2025-04-23,28
2032,543,4,2025-04-23,2025-05-31,38
2033,544,1,2025-07-15,2025-08-19,35
2034,544,2,2025-08-19,2025-09-11,23
2035,544,3,2025-09-11,2025-10-10,29
2036,544,4,2025-10-10,2025-11-08,29
2037,544,5,2025-11-08,2025-12-09,31
2038,545,1,2026-07-29,2026-08-06,8
2039,545,2,2026-08-06,2026-08-13,7
2040,545,3,2026-08-13,2026-08-28,15
2041,545,4,2026-08-28,2026-09-08,11
2042,546,1,2026-09-28,,2
2043,547,1,2025-10-13,2025-10-28,15
2044,547,2,2025-10-28,2025-11-18,21
2045,547,3,2025-11-18,2025-11-28,10
2046,547,4,2025-11-28,2025-12-18,20
2047,548,1,2026-07-23,2026-08-01,9
2048,548,2,2026-08-01,2026-08-18,17
2049,548,3,2026-08-18,2026-08-24,6
2050,548,4,2026-08-24,2026-09-20,27
2051,548,5,2026-09-20,,10
2052,549,1,2025-07-04,2025-07-30,26
2053,549,2,2025-07-30,2025-08-19,20
2054,549,3,2025-08-19,2025-09-07,19
2055,549,4,2025-09-07,2025-09-24,17
2056,549,5,2025-09-24,2025-10-15,21
2057,550,1,2026-09-16,,14
2058,551,1,2026-05-21,2026-05-26,5
2059,551,2,2026-05-26,2026-06-10,15
2060,551,3,2026-06-10,2026-06-19,9
2061,551,4,2026-06-19,2026-06-24,5
2062,552,1,2025-04-29,2025-05-17,18
2063,552,2,2025-05-17,2025-05-25,8
2064,553,1,2026-03-01,2026-03-28,27
2065,553,2,2026-03-28,2026-04-06,9
2066,553,3,2026-04-06,2026-04-21,15
2067,553,4,2026-04-21,2026-05-17,26
2068,553,5,2026-05-17,2026-06-01,15
2069,554,1,2026-06-19,2026-07-03,14
2070,554,2,2026-07-03,2026-07-12,9
2071,554,3,2026-07-12,2026-07-24,12
2072,554,4,2026-07-24,2026-08-09,16
2073,554,5,2026-08-09,2026-08-19,10
2074,555,1,2025-07-06,2025-07-26,20
2075,555,2,2025-07-26,2025-08-16,21
2076,556,1,2025-05-23,2025-06-13,21
2077,556,2,2025-06-13,2025-07-05,22
2078,556,3,2025-07-05,2025-08-01,27
2079,556,4,2025-08-01,2025-08-23,22
2080,556,5,2025-08-23,2025-09-02,10
2081,557,1,2025-07-04,2025-07-28,24
2082,557,2,2025-07-28,2025-08-06,9
2083,557,3,2025-08-06,2025-09-02,27
2084,557,4,2025-09-02,2025-09-18,16
2085,557,5,2025-09-18,2025-09-30,12
2086,558,1,2026-05-14,2026-05-20,6
2087,558,2,2026-05-20,2026-06-06,17
2088,558,3,2026-06-06,2026-06-16,10
2089,558,4,2026-06-16,2026-07-12,26
2090,558,5,2026-07-12,2026-07-30,18
2091,559,1,2026-09-19,2026-09-27,8
2092,559,2,2026-09-27,,3
2093,560,1,2025-09-29,2025-10-14,15
2094,560,2,2025-10-14,2025-10-30,16
2095,560,3,2025-10-30,2025-11-06,7
2096,560,4,2025-11-06,2025-12-01,25
2097,560,5,2025-12-01,2025-12-11,10
2098,561,1,2026-04-12,2026-05-06,24
2099,561,2,2026-05-06,2026-05-20,14
2100,561,3,2026-05-20,2026-06-10,21
2101,561,4,2026-06-10,2026-07-06,26
2102,561,5,2026-07-06,2026-07-22,16
2103,562,1,2025-01-17,2025-01-26,9
2104,562,2,2025-01-26,2025-02-09,14
2105,562,3,2025-02-09,2025-03-05,24
2106,562,4,2025-03-05,2025-03-31,26
2107,562,5,2025-03-31,2025-04-24,24
2108,563,1,2026-03-13,2026-04-03,21
2109,563,2,2026-04-03,2026-05-11,38
2110,563,3,2026-05-11,2026-06-16,36
2111,563,4,2026-06-16,2026-07-17,31
2112,563,5,2026-07-17,2026-08-11,25
2113,564,1,2025-04-06,2025-04-19,13
2114,564,2,2025-04-19,2025-05-16,27
2115,564,3,2025-05-16,2025-06-02,17
2116,564,4,2025-06-02,2025-06-08,6
2117,564,5,2025-06-08,2025-06-23,15
2118,565,1,2025-12-07,2025-12-17,10
2119,565,2,2025-12-17,2026-01-01,15
2120,565,3,2026-01-01,2026-01-09,8
2121,565,4,2026-01-09,2026-01-19,10
2122,565,5,2026-01-19,2026-02-01,13
2123,566,1,2025-07-23,2025-08-04,12
2124,566,2,2025-08-04,2025-08-18,14
2125,566,3,2025-08-18,2025-08-26,8
2126,566,4,2025-08-26,2025-09-19,24
2127,566,5,2025-09-19,2025-10-13,24
2128,567,1,2025-05-10,2025-06-21,42
2129,568,1,2025-10-07,2025-10-17,10
2130,568,2,2025-10-17,2025-10-31,14
2131,569,1,2025-02-20,2025-03-12,20
2132,569,2,2025-03-12,2025-03-30,18
2133,569,3,2025-03-30,2025-04-18,19
2134,569,4,2025-04-18,2025-05-11,23
2135,569,5,2025-05-11,2025-06-02,22
2136,570,1,2026-06-10,2026-06-29,19
2137,570,2,2026-06-29,2026-07-14,15
2138,570,3,2026-07-14,2026-07-25,11
2139,570,4,2026-07-25,2026-08-14,20
2140,570,5,2026-08-14,2026-08-23,9
2141,571,1,2025-04-02,2025-04-29,27
2142,571,2,2025-04-29,2025-06-03,35
2143,571,3,2025-06-03,2025-07-13,40
2144,571,4,2025-07-13,2025-08-22,40
2145,572,1,2025-01-08,2025-01-15,7
2146,572,2,2025-01-15,2025-02-07,23
2147,572,3,2025-02-07,2025-02-28,21
2148,572,4,2025-02-28,2025-03-19,19
2149,572,5,2025-03-19,2025-04-04,16
2150,573,1,2026-09-12,,18
2151,574,1,2025-09-14,2025-09-29,15
2152,574,2,2025-09-29,2025-10-06,7
2153,574,3,2025-10-06,2025-10-16,10
2154,574,4,2025-10-16,2025-11-08,23
2155,574,5,2025-11-08,2025-11-23,15
2156,575,1,2026-07-13,2026-07-22,9
2157,575,2,2026-07-22,2026-08-13,22
2158,575,3,2026-08-13,2026-08-29,16
2159,575,4,2026-08-29,2026-09-05,7
2160,575,5,2026-09-05,2026-09-16,11
2161,576,1,2025-12-27,2026-02-07,42
2162,576,2,2026-02-07,2026-03-21,42
2163,576,3,2026-03-21,2026-04-27,37
2164,576,4,2026-04-27,2026-05-24,27
2165,576,5,2026-05-24,2026-06-22,29
2166,577,1,2025-03-20,2025-04-15,26
2167,577,2,2025-04-15,2025-05-09,24
2168,577,3,2025-05-09,2025-05-26,17
2169,577,4,2025-05-26,2025-06-02,7
2170,577,5,2025-06-02,2025-06-12,10
2171,578,1,2026-01-07,2026-02-03,27
2172,578,2,2026-02-03,2026-03-16,41
2173,578,3,2026-03-16,2026-04-17,32
2174,578,4,2026-04-17,2026-05-25,38
2175,578,5,2026-05-25,2026-07-05,41
2176,579,1,2025-12-31,2026-01-18,18
2177,579,2,2026-01-18,2026-02-06,19
2178,579,3,2026-02-06,2026-02-14,8
2179,579,4,2026-02-14,2026-03-07,21
2180,579,5,2026-03-07,2026-03-15,8
2181,580,1,2025-03-02,2025-04-10,39
2182,580,2,2025-04-10,2025-05-06,26
2183,580,3,2025-05-06,2025-06-07,32
2184,580,4,2025-06-07,2025-07-02,25
2185,580,5,2025-07-02,2025-08-08,37
2186,581,1,2025-03-27,2025-04-06,10
2187,581,2,2025-04-06,2025-04-13,7
2188,581,3,2025-04-13,2025-05-05,22
2189,581,4,2025-05-05,2025-05-12,7
2190,581,5,2025-05-12,2025-06-01,20
2191,582,1,2026-05-18,2026-06-05,18
2192,582,2,2026-06-05,2026-06-16,11
2193,582,3,2026-06-16,2026-06-26,10
2194,582,4,2026-06-26,2026-07-16,20
2195,582,5,2026-07-16,2026-08-07,22
2196,583,1,2026-01-23,2026-02-07,15
2197,583,2,2026-02-07,2026-02-28,21
2198,583,3,2026-02-28,2026-03-06,6
2199,583,4,2026-03-06,2026-03-16,10
2200,583,5,2026-03-16,2026-03-24,8
2201,584,1,2025-08-20,2025-08-26,6
2202,584,2,2025-08-26,2025-09-12,17
2203,585,1,2025-10-10,2025-11-02,23
2204,585,2,2025-11-02,2025-11-20,18
2205,585,3,2025-11-20,2025-12-05,15
2206,585,4,2025-12-05,2025-12-31,26
2207,585,5,2025-12-31,2026-01-16,16
2208,586,1,2026-06-01,2026-06-19,18
2209,587,1,2025-12-20,2025-12-29,9
2210,587,2,2025-12-29,2026-01-17,19
2211,587,3,2026-01-17,2026-02-06,20
2212,588,1,2025-07-12,2025-07-30,18
2213,588,2,2025-07-30,2025-08-15,16
2214,588,3,2025-08-15,2025-08-26,11
2215,588,4,2025-08-26,2025-09-14,19
2216,588,5,2025-09-14,2025-09-20,6
2217,589,1,2025-12-13,2025-12-27,14
2218,589,2,2025-12-27,2026-01-10,14
2219,589,3,2026-01-10,2026-02-02,23
2220,589,4,2026-02-02,2026-02-14,12
2221,589,5,2026-02-14,2026-02-20,6
2222,590,1,2026-09-21,2026-09-30,9
2223,590,2,2026-09-30,,0
2224,591,1,2025-11-08,2025-12-11,33
2225,591,2,2025-12-11,2026-01-16,36
2226,591,3,2026-01-16,2026-02-21,36
2227,591,4,2026-02-21,2026-03-15,22
2228,591,5,2026-03-15,2026-04-26,42
2229,592,1,2025-09-12,2025-10-04,22
2230,592,2,2025-10-04,2025-10-30,26
2231,593,1,2026-06-28,2026-07-10,12
2232,593,2,2026-07-10,2026-07-24,14
2233,593,3,2026-07-24,2026-08-07,14
2234,593,4,2026-08-07,2026-08-19,12
2235,594,1,2025-08-04,2025-08-17,13
2236,594,2,2025-08-17,2025-08-23,6
2237,594,3,2025-08-23,2025-09-17,25
2238,595,1,2025-07-11,2025-08-05,25
2239,596,1,2026-09-26,,4
2240,597,1,2025-02-26,2025-03-09,11
2241,597,2,2025-03-09,2025-03-25,16
2242,597,3,2025-03-25,2025-04-14,20
2243,597,4,2025-04-14,2025-05-07,23
2244,598,1,2026-03-27,2026-04-25,29
2245,598,2,2026-04-25,2026-05-26,31
2246,598,3,2026-05-26,2026-06-19,24
2247,598,4,2026-06-19,2026-07-24,35
2248,598,5,2026-07-24,2026-09-04,42
2249,599,1,2025-04-14,2025-05-19,35
2250,600,1,2026-01-10,2026-01-23,13
2251,600,2,2026-01-23,2026-02-03,11
2252,600,3,2026-02-03,2026-02-20,17
2253,601,1,2026-07-31,2026-08-24,24
2254,601,2,2026-08-24,2026-09-14,21
2255,601,3,2026-09-14,2026-09-22,8
2256,601,4,2026-09-22,,8
2257,602,1,2025-01-30,2025-02-13,14
2258,602,2,2025-02-13,2025-02-18,5
2259,602,3,2025-02-18,2025-03-07,17
2260,602,4,2025-03-07,2025-03-14,7
2261,602,5,2025-03-14,2025-03-22,8
2262,603,1,2025-04-13,2025-04-26,13
2263,603,2,2025-04-26,2025-05-01,5
2264,603,3,2025-05-01,2025-05-24,23
2265,604,1,2025-01-18,2025-02-04,17
2266,604,2,2025-02-04,2025-02-12,8
2267,604,3,2025-02-12,2025-03-04,20
2268,605,1,2025-06-16,2025-07-26,40
2269,605,2,2025-07-26,2025-08-17,22
2270,605,3,2025-08-17,2025-09-18,32
2271,605,4,2025-09-18,2025-10-16,28
2272,605,5,2025-10-16,2025-11-20,35
2273,606,1,2025-11-04,2025-11-16,12
2274,606,2,2025-11-16,2025-12-05,19
2275,606,3,2025-12-05,2025-12-31,26
2276,606,4,2025-12-31,2026-01-24,24
2277,606,5,2026-01-24,2026-01-31,7
2278,607,1,2026-02-06,2026-02-14,8
2279,607,2,2026-02-14,2026-02-26,12
2280,607,3,2026-02-26,2026-03-25,27
2281,608,1,2025-12-27,2026-01-03,7
2282,608,2,2026-01-03,2026-01-23,20
2283,608,3,2026-01-23,2026-02-19,27
2284,609,1,2026-09-27,,3
2285,610,1,2026-04-01,2026-04-09,8
2286,610,2,2026-04-09,2026-04-18,9
2287,610,3,2026-04-18,2026-05-14,26
2288,610,4,2026-05-14,2026-05-26,12
2289,610,5,2026-05-26,2026-06-04,9
2290,611,1,2025-06-22,2025-07-09,17
2291,611,2,2025-07-09,2025-07-18,9
2292,611,3,2025-07-18,2025-08-05,18
2293,611,4,2025-08-05,2025-08-24,19
2294,611,5,2025-08-24,2025-09-20,27
2295,612,1,2026-04-15,2026-05-27,42
2296,612,2,2026-05-27,2026-06-20,24
2297,612,3,2026-06-20,2026-07-13,23
2298,612,4,2026-07-13,2026-08-24,42
2299,612,5,2026-08-24,2026-09-27,34
2300,613,1,2025-10-29,2025-11-23,25
2301,613,2,2025-11-23,2025-12-21,28
2302,613,3,2025-12-21,2026-01-11,21
2303,613,4,2026-01-11,2026-02-02,22
2304,613,5,2026-02-02,2026-02-25,23
2305,614,1,2026-04-18,2026-05-13,25
2306,614,2,2026-05-13,2026-05-30,17
2307,614,3,2026-05-30,2026-06-22,23
2308,614,4,2026-06-22,2026-07-10,18
2309,614,5,2026-07-10,2026-07-20,10
2310,615,1,2025-09-24,2025-10-07,13
2311,615,2,2025-10-07,2025-10-18,11
2312,615,3,2025-10-18,2025-11-12,25
2313,616,1,2026-02-15,2026-02-22,7
2314,617,1,2025-08-25,2025-09-09,15
2315,617,2,2025-09-09,2025-09-25,16
2316,617,3,2025-09-25,2025-10-08,13
2317,618,1,2026-06-27,2026-07-04,7
2318,618,2,2026-07-04,2026-07-23,19
2319,618,3,2026-07-23,2026-08-06,14
2320,619,1,2025-02-22,2025-03-20,26
2321,619,2,2025-03-20,2025-04-11,22
2322,619,3,2025-04-11,2025-05-08,27
2323,619,4,2025-05-08,2025-05-22,14
2324,619,5,2025-05-22,2025-06-02,11
2325,620,1,2025-10-20,2025-11-03,14
2326,620,2,2025-11-03,2025-11-24,21
2327,620,3,2025-11-24,2025-12-01,7
2328,620,4,2025-12-01,2025-12-24,23
2329,620,5,2025-12-24,2026-01-03,10
2330,621,1,2026-09-06,,24
2331,622,1,2025-01-22,2025-03-01,38
2332,622,2,2025-03-01,2025-04-07,37
2333,622,3,2025-04-07,2025-05-10,33
2334,623,1,2025-06-07,2025-06-15,8
2335,623,2,2025-06-15,2025-07-05,20
2336,623,3,2025-07-05,2025-07-26,21
2337,623,4,2025-07-26,2025-08-18,23
2338,624,1,2026-01-27,2026-03-09,41
2339,624,2,2026-03-09,2026-04-13,35
2340,624,3,2026-04-13,2026-05-13,30
2341,624,4,2026-05-13,2026-06-04,22
2342,624,5,2026-06-04,2026-06-27,23
2343,625,1,2025-07-28,2025-08-12,15
2344,625,2,2025-08-12,2025-08-29,17
2345,625,3,2025-08-29,2025-09-05,7
2346,625,4,2025-09-05,2025-09-15,10
2347,625,5,2025-09-15,2025-09-28,13
2348,626,1,2026-06-18,2026-07-15,27
2349,626,2,2026-07-15,2026-08-02,18
2350,626,3,2026-08-02,2026-08-25,23
2351,626,4,2026-08-25,2026-09-08,14
2352,627,1,2025-09-26,2025-10-07,11
2353,627,2,2025-10-07,2025-10-27,20
2354,627,3,2025-10-27,2025-11-21,25
2355,627,4,2025-11-21,2025-12-12,21
2356,627,5,2025-12-12,2025-12-28,16
2357,628,1,2026-09-29,,1
2358,629,1,2025-01-11,2025-02-02,22
2359,629,2,2025-02-02,2025-02-21,19
2360,629,3,2025-02-21,2025-03-15,22
2361,629,4,2025-03-15,2025-03-29,14
2362,630,1,2026-03-24,2026-04-13,20
2363,630,2,2026-04-13,2026-04-18,5
2364,630,3,2026-04-18,2026-05-07,19
2365,630,4,2026-05-07,2026-06-02,26
2366,630,5,2026-06-02,2026-06-18,16
2367,631,1,2025-04-13,2025-05-13,30
2368,631,2,2025-05-13,2025-06-16,34
2369,631,3,2025-06-16,2025-07-20,34
2370,631,4,2025-07-20,2025-08-09,20
2371,631,5,2025-08-09,2025-09-13,35
2372,632,1,2025-10-05,2025-10-22,17
2373,633,1,2026-08-16,2026-09-09,24
2374,633,2,2026-09-09,,21
2375,634,1,2026-08-04,2026-08-13,9
2376,634,2,2026-08-13,2026-08-24,11
2377,634,3,2026-08-24,2026-09-12,19
2378,635,1,2025-04-10,2025-04-22,12
2379,635,2,2025-04-22,2025-05-05,13
2380,635,3,2025-05-05,2025-05-25,20
2381,635,4,2025-05-25,2025-06-06,12
2382,635,5,2025-06-06,2025-06-28,22
2383,636,1,2026-06-30,2026-07-26,26
2384,636,2,2026-07-26,2026-08-03,8
2385,636,3,2026-08-03,2026-08-24,21
2386,636,4,2026-08-24,2026-08-29,5
2387,637,1,2026-04-15,2026-04-30,15
2388,637,2,2026-04-30,2026-05-13,13
2389,637,3,2026-05-13,2026-06-01,19
2390,637,4,2026-06-01,2026-06-26,25
2391,637,5,2026-06-26,2026-07-15,19
2392,638,1,2025-01-06,2025-01-13,7
2393,638,2,2025-01-13,2025-01-30,17
2394,638,3,2025-01-30,2025-02-08,9
2395,638,4,2025-02-08,2025-02-18,10
2396,638,5,2025-02-18,2025-02-25,7
2397,639,1,2025-09-11,2025-09-16,5
2398,639,2,2025-09-16,2025-09-26,10
2399,639,3,2025-09-26,2025-10-13,17
2400,639,4,2025-10-13,2025-10-30,17
2401,639,5,2025-10-30,2025-11-20,21
2402,640,1,2025-02-05,2025-02-11,6
2403,641,1,2025-05-22,2025-06-06,15
2404,641,2,2025-06-06,2025-06-15,9
2405,641,3,2025-06-15,2025-06-22,7
2406,641,4,2025-06-22,2025-07-02,10
2407,641,5,2025-07-02,2025-07-27,25
2408,642,1,2025-12-23,2026-01-04,12
2409,642,2,2026-01-04,2026-01-22,18
2410,643,1,2025-04-18,2025-05-01,13
2411,643,2,2025-05-01,2025-05-25,24
2412,643,3,2025-05-25,2025-05-30,5
2413,644,1,2026-03-09,2026-04-18,40
2414,644,2,2026-04-18,2026-05-16,28
2415,644,3,2026-05-16,2026-06-12,27
2416,644,4,2026-06-12,2026-07-20,38
2417,644,5,2026-07-20,2026-08-12,23
2418,645,1,2025-02-20,2025-03-03,11
2419,645,2,2025-03-03,2025-03-17,14
2420,645,3,2025-03-17,2025-04-03,17
2421,645,4,2025-04-03,2025-04-30,27
2422,646,1,2026-01-03,2026-01-11,8
2423,646,2,2026-01-11,2026-01-19,8
2424,646,3,2026-01-19,2026-02-11,23
2425,647,1,2026-08-09,2026-09-04,26
2426,647,2,2026-09-04,2026-09-17,13
2427,647,3,2026-09-17,,13
2428,648,1,2025-02-07,2025-02-17,10
2429,649,1,2026-05-04,2026-06-15,42
2430,649,2,2026-06-15,2026-07-18,33
2431,649,3,2026-07-18,2026-08-21,34
2432,649,4,2026-08-21,2026-09-28,38
2433,650,1,2026-05-18,2026-05-25,7
2434,650,2,2026-05-25,2026-06-19,25
2435,650,3,2026-06-19,2026-07-16,27
2436,650,4,2026-07-16,2026-07-29,13
2437,650,5,2026-07-29,2026-08-11,13
2438,651,1,2025-09-06,2025-10-07,31
2439,652,1,2025-09-09,2025-09-21,12
2440,652,2,2025-09-21,2025-10-17,26
2441,653,1,2026-04-25,2026-05-05,10
2442,653,2,2026-05-05,2026-05-14,9
2443,654,1,2025-10-23,2025-12-01,39
2444,654,2,2025-12-01,2026-01-03,33
2445,654,3,2026-01-03,2026-02-10,38
2446,655,1,2025-07-13,2025-07-29,16
2447,656,1,2026-03-07,2026-03-26,19
2448,656,2,2026-03-26,2026-04-13,18
2449,656,3,2026-04-13,2026-04-30,17
2450,657,1,2026-03-31,2026-04-20,20
2451,657,2,2026-04-20,2026-05-04,14
2452,657,3,2026-05-04,2026-05-09,5
2453,657,4,2026-05-09,2026-05-26,17
2454,657,5,2026-05-26,2026-06-19,24
2455,658,1,2026-09-23,,7
2456,659,1,2025-05-24,2025-06-14,21
2457,659,2,2025-06-14,2025-07-20,36
2458,659,3,2025-07-20,2025-08-10,21
2459,659,4,2025-08-10,2025-09-06,27
2460,659,5,2025-09-06,2025-10-12,36
2461,660,1,2026-09-27,,3
2462,661,1,2025-02-25,2025-03-03,6
2463,661,2,2025-03-03,2025-03-24,21
2464,661,3,2025-03-24,2025-04-06,13
2465,661,4,2025-04-06,2025-05-01,25
2466,661,5,2025-05-01,2025-05-06,5
2467,662,1,2025-06-15,2025-07-20,35
2468,662,2,2025-07-20,2025-08-25,36
2469,663,1,2026-03-25,2026-04-17,23
2470,663,2,2026-04-17,2026-05-06,19
2471,663,3,2026-05-06,2026-06-01,26
2472,663,4,2026-06-01,2026-06-22,21
2473,664,1,2025-04-13,2025-05-13,30
2474,664,2,2025-05-13,2025-06-23,41
2475,664,3,2025-06-23,2025-07-25,32
2476,664,4,2025-07-25,2025-08-24,30
2477,664,5,2025-08-24,2025-09-20,27
2478,665,1,2025-06-04,2025-06-14,10
2479,665,2,2025-06-14,2025-06-20,6
2480,665,3,2025-06-20,2025-06-30,10
2481,666,1,2026-08-24,2026-09-03,10
2482,666,2,2026-09-03,2026-09-22,19
2483,666,3,2026-09-22,,8
2484,667,1,2025-12-26,2026-01-01,6
2485,668,1,2026-02-17,2026-03-16,27
2486,668,2,2026-03-16,2026-04-26,41
2487,668,3,2026-04-26,2026-05-22,26
2488,668,4,2026-05-22,2026-06-16,25
2489,669,1,2026-08-31,2026-09-19,19
2490,669,2,2026-09-19,2026-09-24,5
2491,669,3,2026-09-24,,6
2492,670,1,2025-07-19,2025-08-07,19
2493,671,1,2026-06-25,2026-07-16,21
2494,671,2,2026-07-16,2026-07-30,14
2495,671,3,2026-07-30,2026-08-23,24
2496,671,4,2026-08-23,2026-08-30,7
2497,671,5,2026-08-30,2026-09-21,22
2498,672,1,2026-02-18,2026-03-11,21
2499,672,2,2026-03-11,2026-03-31,20
2500,672,3,2026-03-31,2026-04-08,8
2501,672,4,2026-04-08,2026-04-22,14
2502,672,5,2026-04-22,2026-05-14,22
2503,673,1,2025-12-08,2025-12-26,18
2504,673,2,2025-12-26,2026-01-18,23
2505,673,3,2026-01-18,2026-01-28,10
2506,674,1,2025-06-05,2025-06-30,25
2507,674,2,2025-06-30,2025-07-24,24
2508,674,3,2025-07-24,2025-08-14,21
2509,674,4,2025-08-14,2025-09-03,20
2510,674,5,2025-09-03,2025-09-09,6
2511,675,1,2025-01-30,2025-02-22,23
2512,675,2,2025-02-22,2025-03-15,21
2513,675,3,2025-03-15,2025-04-11,27
2514,675,4,2025-04-11,2025-04-27,16
2515,675,5,2025-04-27,2025-05-13,16
2516,676,1,2026-06-06,2026-07-09,33
2517,676,2,2026-07-09,2026-08-01,23
2518,676,3,2026-08-01,2026-08-30,29
2519,676,4,2026-08-30,2026-09-24,25
2520,676,5,2026-09-24,,6
2521,677,1,2025-06-25,2025-07-05,10
2522,677,2,2025-07-05,2025-07-19,14
2523,677,3,2025-07-19,2025-08-04,16
2524,677,4,2025-08-04,2025-08-18,14
2525,677,5,2025-08-18,2025-08-30,12
2526,678,1,2026-01-06,2026-01-24,18
2527,678,2,2026-01-24,2026-01-30,6
2528,678,3,2026-01-30,2026-02-22,23
2529,678,4,2026-02-22,2026-03-09,15
2530,678,5,2026-03-09,2026-03-15,6
2531,679,1,2025-09-29,2025-10-12,13
2532,679,2,2025-10-12,2025-10-22,10
2533,680,1,2025-01-13,2025-02-08,26
2534,680,2,2025-02-08,2025-03-07,27
2535,680,3,2025-03-07,2025-04-01,25
2536,680,4,2025-04-01,2025-04-22,21
2537,680,5,2025-04-22,2025-06-03,42
2538,681,1,2025-05-10,2025-06-05,26
2539,681,2,2025-06-05,2025-06-24,19
2540,681,3,2025-06-24,2025-07-10,16
2541,681,4,2025-07-10,2025-07-17,7
2542,681,5,2025-07-17,2025-07-28,11
2543,682,1,2025-05-09,2025-05-24,15
2544,683,1,2025-08-21,2025-09-04,14
2545,683,2,2025-09-04,2025-09-15,11
2546,683,3,2025-09-15,2025-10-08,23
2547,683,4,2025-10-08,2025-11-01,24
2548,684,1,2026-08-21,2026-09-06,16
2549,684,2,2026-09-06,2026-09-22,16
2550,684,3,2026-09-22,,8
2551,685,1,2026-02-02,2026-03-15,41
2552,686,1,2025-10-21,2025-11-08,18
2553,686,2,2025-11-08,2025-11-21,13
2554,686,3,2025-11-21,2025-12-14,23
2555,686,4,2025-12-14,2026-01-10,27
2556,686,5,2026-01-10,2026-01-16,6
2557,687,1,2025-07-18,2025-08-12,25
2558,687,2,2025-08-12,2025-09-04,23
2559,687,3,2025-09-04,2025-10-10,36
2560,687,4,2025-10-10,2025-11-18,39
2561,687,5,2025-11-18,2025-12-27,39
2562,688,1,2025-10-26,2025-11-14,19
2563,688,2,2025-11-14,2025-12-01,17
2564,688,3,2025-12-01,2025-12-19,18
2565,688,4,2025-12-19,2025-12-29,10
2566,688,5,2025-12-29,2026-01-14,16
2567,689,1,2026-08-27,2026-09-25,29
2568,689,2,2026-09-25,,5
2569,690,1,2025-01-27,2025-02-21,25
2570,690,2,2025-02-21,2025-03-17,24
2571,691,1,2025-05-18,2025-06-07,20
2572,691,2,2025-06-07,2025-06-23,16
2573,691,3,2025-06-23,2025-07-10,17
2574,692,1,2026-03-10,2026-03-22,12
2575,692,2,2026-03-22,2026-04-02,11
2576,692,3,2026-04-02,2026-04-12,10
2577,692,4,2026-04-12,2026-04-17,5
2578,692,5,2026-04-17,2026-04-27,10
2579,693,1,2025-10-03,2025-10-28,25
2580,693,2,2025-10-28,2025-11-13,16
2581,693,3,2025-11-13,2025-12-03,20
2582,694,1,2026-06-05,2026-07-02,27
2583,694,2,2026-07-02,2026-07-23,21
2584,695,1,2025-07-01,2025-08-03,33
2585,695,2,2025-08-03,2025-09-08,36
2586,695,3,2025-09-08,2025-10-18,40
2587,695,4,2025-10-18,2025-11-28,41
2588,695,5,2025-11-28,2025-12-30,32
2589,696,1,2025-05-15,2025-05-26,11
2590,697,1,2026-01-12,2026-02-03,22
2591,697,2,2026-02-03,2026-02-16,13
2592,697,3,2026-02-16,2026-02-28,12
2593,697,4,2026-02-28,2026-03-13,13
2594,697,5,2026-03-13,2026-03-22,9
2595,698,1,2025-02-08,2025-03-05,25
2596,698,2,2025-03-05,2025-04-01,27
2597,698,3,2025-04-01,2025-04-22,21
2598,698,4,2025-04-22,2025-05-13,21
2599,698,5,2025-05-13,2025-05-29,16
2600,699,1,2025-12-16,2026-01-06,21
2601,699,2,2026-01-06,2026-02-12,37
2602,699,3,2026-02-12,2026-03-17,33
2603,699,4,2026-03-17,2026-04-07,21
2604,700,1,2026-03-15,2026-03-21,6
2605,700,2,2026-03-21,2026-04-07,17
2606,700,3,2026-04-07,2026-04-23,16
2607,700,4,2026-04-23,2026-05-13,20
2608,700,5,2026-05-13,2026-05-19,6
2609,701,1,2025-07-02,2025-07-17,15
2610,701,2,2025-07-17,2025-07-27,10
2611,701,3,2025-07-27,2025-08-15,19
2612,701,4,2025-08-15,2025-09-07,23
2613,702,1,2025-02-10,2025-03-02,20
2614,702,2,2025-03-02,2025-03-10,8
2615,702,3,2025-03-10,2025-03-18,8
2616,702,4,2025-03-18,2025-04-14,27
2617,702,5,2025-04-14,2025-04-28,14
2618,703,1,2025-08-23,2025-08-28,5
2619,703,2,2025-08-28,2025-09-06,9
2620,703,3,2025-09-06,2025-09-27,21
2621,703,4,2025-09-27,2025-10-02,5
2622,703,5,2025-10-02,2025-10-16,14
2623,704,1,2025-09-12,2025-09-23,11
2624,704,2,2025-09-23,2025-09-30,7
2625,705,1,2026-04-22,2026-05-04,12
2626,705,2,2026-05-04,2026-05-22,18
2627,705,3,2026-05-22,2026-06-11,20
2628,705,4,2026-06-11,2026-06-28,17
2629,705,5,2026-06-28,2026-07-23,25
2630,706,1,2025-10-19,2025-10-26,7
2631,706,2,2025-10-26,2025-11-17,22
2632,706,3,2025-11-17,2025-11-24,7
2633,707,1,2026-01-11,2026-01-16,5
2634,707,2,2026-01-16,2026-02-06,21
2635,707,3,2026-02-06,2026-03-05,27
2636,707,4,2026-03-05,2026-03-21,16
2637,708,1,2025-07-20,2025-08-03,14
2638,708,2,2025-08-03,2025-08-26,23
2639,708,3,2025-08-26,2025-09-02,7
2640,708,4,2025-09-02,2025-09-26,24
2641,708,5,2025-09-26,2025-10-14,18
2642,709,1,2025-03-09,2025-04-02,24
2643,709,2,2025-04-02,2025-04-29,27
2644,710,1,2026-01-16,2026-02-17,32
2645,710,2,2026-02-17,2026-03-16,27
2646,710,3,2026-03-16,2026-04-08,23
2647,710,4,2026-04-08,2026-05-15,37
2648,710,5,2026-05-15,2026-06-25,41
2649,711,1,2025-06-01,2025-06-15,14
2650,711,2,2025-06-15,2025-07-09,24
2651,711,3,2025-07-09,2025-08-03,25
2652,711,4,2025-08-03,2025-08-21,18
2653,711,5,2025-08-21,2025-09-06,16
2654,712,1,2025-02-25,2025-03-10,13
2655,712,2,2025-03-10,2025-04-02,23
2656,713,1,2025-01-05,2025-02-05,31
2657,713,2,2025-02-05,2025-03-06,29
2658,713,3,2025-03-06,2025-04-09,34
2659,713,4,2025-04-09,2025-05-02,23
2660,713,5,2025-05-02,2025-06-06,35
2661,714,1,2025-06-25,2025-07-22,27
2662,714,2,2025-07-22,2025-08-13,22
2663,714,3,2025-08-13,2025-08-28,15
2664,715,1,2025-11-24,2025-12-09,15
2665,715,2,2025-12-09,2025-12-19,10
2666,715,3,2025-12-19,2026-01-07,19
2667,715,4,2026-01-07,2026-01-25,18
2668,716,1,2026-03-31,2026-04-27,27
2669,716,2,2026-04-27,2026-05-13,16
2670,716,3,2026-05-13,2026-05-24,11
2671,716,4,2026-05-24,2026-05-30,6
2672,716,5,2026-05-30,2026-06-24,25
2673,717,1,2026-02-21,2026-03-03,10
2674,717,2,2026-03-03,2026-03-23,20
2675,717,3,2026-03-23,2026-04-19,27
2676,717,4,2026-04-19,2026-05-05,16
2677,717,5,2026-05-05,2026-05-25,20
2678,718,1,2026-02-20,2026-03-19,27
2679,718,2,2026-03-19,2026-04-08,20
2680,718,3,2026-04-08,2026-04-24,16
2681,718,4,2026-04-24,2026-05-21,27
2682,718,5,2026-05-21,2026-06-09,19
2683,719,1,2025-06-22,2025-07-05,13
2684,719,2,2025-07-05,2025-07-31,26
2685,719,3,2025-07-31,2025-08-21,21
2686,719,4,2025-08-21,2025-09-05,15
2687,719,5,2025-09-05,2025-09-20,15
2688,720,1,2025-07-24,2025-08-09,16
2689,720,2,2025-08-09,2025-08-28,19
2690,720,3,2025-08-28,2025-09-10,13
2691,720,4,2025-09-10,2025-10-03,23
2692,720,5,2025-10-03,2025-10-28,25
2693,721,1,2025-08-10,2025-08-16,6
2694,721,2,2025-08-16,2025-09-04,19
2695,721,3,2025-09-04,2025-09-30,26
2696,722,1,2025-09-08,2025-09-25,17
2697,722,2,2025-09-25,2025-10-17,22
2698,722,3,2025-10-17,2025-10-27,10
2699,723,1,2026-01-07,2026-02-01,25
2700,723,2,2026-02-01,2026-02-08,7
2701,724,1,2025-06-26,2025-07-21,25
2702,724,2,2025-07-21,2025-07-31,10
2703,724,3,2025-07-31,2025-08-16,16
2704,725,1,2025-03-20,2025-04-01,12
2705,725,2,2025-04-01,2025-04-06,5
2706,725,3,2025-04-06,2025-04-24,18
2707,725,4,2025-04-24,2025-05-10,16
2708,725,5,2025-05-10,2025-06-05,26
2709,726,1,2025-03-09,2025-04-12,34
2710,726,2,2025-04-12,2025-05-12,30
2711,726,3,2025-05-12,2025-06-06,25
2712,726,4,2025-06-06,2025-07-16,40
2713,726,5,2025-07-16,2025-08-19,34
2714,727,1,2025-03-13,2025-03-26,13
2715,727,2,2025-03-26,2025-04-11,16
2716,727,3,2025-04-11,2025-04-20,9
2717,728,1,2025-10-02,2025-10-12,10
2718,728,2,2025-10-12,2025-10-31,19
2719,728,3,2025-10-31,2025-11-26,26
2720,728,4,2025-11-26,2025-12-23,27
2721,728,5,2025-12-23,2026-01-19,27
2722,729,1,2025-04-06,2025-04-12,6
2723,729,2,2025-04-12,2025-04-30,18
2724,729,3,2025-04-30,2025-05-17,17
2725,729,4,2025-05-17,2025-06-13,27
2726,729,5,2025-06-13,2025-07-06,23
2727,730,1,2025-05-16,2025-05-30,14
2728,730,2,2025-05-30,2025-06-24,25
2729,730,3,2025-06-24,2025-07-04,10
2730,730,4,2025-07-04,2025-07-25,21
2731,730,5,2025-07-25,2025-08-20,26
2732,731,1,2026-09-07,2026-09-14,7
2733,732,1,2025-02-05,2025-03-02,25
2734,732,2,2025-03-02,2025-03-29,27
2735,732,3,2025-03-29,2025-05-01,33
2736,732,4,2025-05-01,2025-05-29,28
2737,732,5,2025-05-29,2025-06-24,26
2738,733,1,2025-12-16,2026-01-09,24
2739,733,2,2026-01-09,2026-02-08,30
2740,734,1,2025-04-03,2025-05-15,42
2741,734,2,2025-05-15,2025-06-25,41
2742,734,3,2025-06-25,2025-07-16,21
2743,735,1,2026-06-04,2026-07-01,27
2744,735,2,2026-07-01,2026-07-06,5
2745,735,3,2026-07-06,2026-08-01,26
2746,735,4,2026-08-01,2026-08-09,8
2747,735,5,2026-08-09,2026-08-18,9
2748,736,1,2025-11-29,2025-12-05,6
2749,736,2,2025-12-05,2025-12-18,13
2750,736,3,2025-12-18,2025-12-24,6
2751,736,4,2025-12-24,2026-01-04,11
2752,736,5,2026-01-04,2026-01-24,20
2753,737,1,2025-11-11,2025-12-08,27
2754,737,2,2025-12-08,2025-12-20,12
2755,737,3,2025-12-20,2026-01-06,17
2756,737,4,2026-01-06,2026-01-19,13
2757,737,5,2026-01-19,2026-02-13,25
2758,738,1,2025-04-03,2025-04-21,18
2759,738,2,2025-04-21,2025-04-28,7
2760,738,3,2025-04-28,2025-05-04,6
2761,738,4,2025-05-04,2025-05-21,17
2762,738,5,2025-05-21,2025-05-26,5
2763,739,1,2025-11-15,2025-12-09,24
2764,739,2,2025-12-09,2026-01-05,27
2765,739,3,2026-01-05,2026-01-11,6
2766,739,4,2026-01-11,2026-01-16,5
2767,739,5,2026-01-16,2026-01-26,10
2768,740,1,2025-11-25,2026-01-03,39
2769,740,2,2026-01-03,2026-02-03,31
2770,740,3,2026-02-03,2026-03-02,27
2771,740,4,2026-03-02,2026-04-06,35
2772,741,1,2026-01-17,2026-01-27,10
2773,741,2,2026-01-27,2026-02-10,14
2774,741,3,2026-02-10,2026-03-06,24
2775,741,4,2026-03-06,2026-03-28,22
2776,741,5,2026-03-28,2026-04-17,20
2777,742,1,2026-05-24,2026-06-15,22
2778,742,2,2026-06-15,2026-07-06,21
2779,742,3,2026-07-06,2026-08-02,27
2780,743,1,2025-02-22,2025-03-18,24
2781,743,2,2025-03-18,2025-03-29,11
2782,743,3,2025-03-29,2025-04-08,10
2783,743,4,2025-04-08,2025-05-01,23
2784,743,5,2025-05-01,2025-05-17,16
2785,744,1,2026-07-29,2026-08-16,18
2786,744,2,2026-08-16,2026-08-22,6
2787,744,3,2026-08-22,2026-08-29,7
2788,744,4,2026-08-29,2026-09-15,17
2789,744,5,2026-09-15,2026-09-21,6
2790,745,1,2026-07-31,2026-08-24,24
2791,745,2,2026-08-24,2026-09-05,12
2792,745,3,2026-09-05,2026-09-19,14
2793,745,4,2026-09-19,,11
2794,746,1,2025-09-11,2025-10-03,22
2795,746,2,2025-10-03,2025-10-17,14
2796,747,1,2025-02-21,2025-03-07,14
2797,747,2,2025-03-07,2025-03-24,17
2798,747,3,2025-03-24,2025-04-15,22
2799,747,4,2025-04-15,2025-05-11,26
2800,747,5,2025-05-11,2025-05-25,14
2801,748,1,2025-07-10,2025-07-22,12
2802,749,1,2025-02-17,2025-03-11,22
2803,749,2,2025-03-11,2025-03-21,10
2804,749,3,2025-03-21,2025-03-30,9
2805,749,4,2025-03-30,2025-04-13,14
2806,749,5,2025-04-13,2025-05-02,19
2807,750,1,2025-05-06,2025-05-12,6
2808,750,2,2025-05-12,2025-05-23,11
2809,750,3,2025-05-23,2025-06-16,24
2810,750,4,2025-06-16,2025-07-02,16
2811,750,5,2025-07-02,2025-07-21,19
2812,751,1,2025-02-20,2025-03-17,25
2813,751,2,2025-03-17,2025-03-22,5
2814,751,3,2025-03-22,2025-04-15,24
2815,751,4,2025-04-15,2025-04-22,7
2816,751,5,2025-04-22,2025-05-18,26
2817,752,1,2026-06-24,2026-07-18,24
2818,752,2,2026-07-18,2026-08-01,14
2819,752,3,2026-08-01,2026-08-13,12
2820,752,4,2026-08-13,2026-09-08,26
2821,752,5,2026-09-08,2026-09-21,13
2822,753,1,2025-08-15,2025-08-24,9
2823,753,2,2025-08-24,2025-09-14,21
2824,753,3,2025-09-14,2025-09-26,12
2825,753,4,2025-09-26,2025-10-08,12
2826,754,1,2025-08-24,2025-09-12,19
2827,754,2,2025-09-12,2025-09-22,10
2828,754,3,2025-09-22,2025-10-12,20
2829,754,4,2025-10-12,2025-10-29,17
2830,755,1,2025-07-09,2025-07-31,22
2831,755,2,2025-07-31,2025-08-08,8
2832,755,3,2025-08-08,2025-08-15,7
2833,755,4,2025-08-15,2025-09-11,27
2834,755,5,2025-09-11,2025-09-26,15
2835,756,1,2026-09-19,2026-09-29,10
2836,756,2,2026-09-29,,1
2837,757,1,2025-07-29,2025-08-12,14
2838,757,2,2025-08-12,2025-09-03,22
2839,757,3,2025-09-03,2025-09-15,12
2840,757,4,2025-09-15,2025-09-29,14
2841,757,5,2025-09-29,2025-10-15,16
2842,758,1,2025-02-06,2025-02-11,5
2843,758,2,2025-02-11,2025-03-08,25
2844,758,3,2025-03-08,2025-04-01,24
2845,758,4,2025-04-01,2025-04-13,12
2846,758,5,2025-04-13,2025-04-28,15
2847,759,1,2025-11-23,2025-12-15,22
2848,759,2,2025-12-15,2026-01-04,20
2849,759,3,2026-01-04,2026-01-29,25
2850,759,4,2026-01-29,2026-02-25,27
2851,759,5,2026-02-25,2026-03-05,8
2852,760,1,2025-02-09,2025-02-24,15
2853,760,2,2025-02-24,2025-03-07,11
2854,760,3,2025-03-07,2025-03-17,10
2855,760,4,2025-03-17,2025-04-02,16
2856,760,5,2025-04-02,2025-04-21,19
2857,761,1,2025-03-25,2025-04-17,23
2858,761,2,2025-04-17,2025-05-05,18
2859,761,3,2025-05-05,2025-05-18,13
2860,762,1,2026-06-15,2026-06-26,11
2861,762,2,2026-06-26,2026-07-11,15
2862,762,3,2026-07-11,2026-07-23,12
2863,762,4,2026-07-23,2026-08-18,26
2864,763,1,2026-02-26,2026-03-24,26
2865,764,1,2026-01-28,2026-02-09,12
2866,764,2,2026-02-09,2026-02-23,14
2867,764,3,2026-02-23,2026-03-21,26
2868,764,4,2026-03-21,2026-04-04,14
2869,764,5,2026-04-04,2026-04-28,24
2870,765,1,2026-03-18,2026-04-26,39
2871,765,2,2026-04-26,2026-05-18,22
2872,765,3,2026-05-18,2026-06-29,42
2873,765,4,2026-06-29,2026-07-20,21
2874,765,5,2026-07-20,2026-08-29,40
2875,766,1,2025-10-03,2025-11-01,29
2876,766,2,2025-11-01,2025-12-06,35
2877,766,3,2025-12-06,2026-01-08,33
2878,766,4,2026-01-08,2026-02-11,34
2879,766,5,2026-02-11,2026-03-19,36
2880,767,1,2025-03-04,2025-03-30,26
2881,767,2,2025-03-30,2025-04-11,12
2882,768,1,2025-06-10,2025-07-16,36
2883,768,2,2025-07-16,2025-08-09,24
2884,768,3,2025-08-09,2025-09-15,37
2885,768,4,2025-09-15,2025-10-23,38
2886,768,5,2025-10-23,2025-11-28,36
2887,769,1,2026-06-04,2026-06-21,17
2888,769,2,2026-06-21,2026-07-18,27
2889,769,3,2026-07-18,2026-08-11,24
2890,769,4,2026-08-11,2026-08-20,9
2891,769,5,2026-08-20,2026-08-25,5
2892,770,1,2025-07-25,2025-08-02,8
2893,771,1,2026-07-12,2026-08-07,26
2894,771,2,2026-08-07,2026-08-31,24
2895,771,3,2026-08-31,,30
2896,772,1,2026-09-02,2026-09-17,15
2897,772,2,2026-09-17,2026-09-28,11
2898,772,3,2026-09-28,,2
2899,773,1,2025-07-31,2025-08-16,16
2900,773,2,2025-08-16,2025-09-07,22
2901,773,3,2025-09-07,2025-09-20,13
2902,773,4,2025-09-20,2025-09-30,10
2903,774,1,2025-08-05,2025-08-22,17
2904,774,2,2025-08-22,2025-09-07,16
2905,774,3,2025-09-07,2025-10-04,27
2906,774,4,2025-10-04,2025-10-12,8
2907,774,5,2025-10-12,2025-10-28,16
2908,775,1,2025-09-28,2025-10-04,6
2909,775,2,2025-10-04,2025-10-24,20
2910,775,3,2025-10-24,2025-11-02,9
2911,775,4,2025-11-02,2025-11-22,20
2912,775,5,2025-11-22,2025-11-30,8
2913,776,1,2025-04-11,2025-04-25,14
2914,776,2,2025-04-25,2025-05-04,9
2915,776,3,2025-05-04,2025-05-18,14
2916,776,4,2025-05-18,2025-06-04,17
2917,776,5,2025-06-04,2025-06-21,17
2918,777,1,2026-07-29,2026-09-09,42
2919,777,2,2026-09-09,,21
2920,778,1,2025-02-24,2025-03-07,11
2921,778,2,2025-03-07,2025-03-16,9
2922,778,3,2025-03-16,2025-04-12,27
2923,778,4,2025-04-12,2025-04-23,11
2924,778,5,2025-04-23,2025-05-13,20
2925,779,1,2025-04-15,2025-05-06,21
2926,779,2,2025-05-06,2025-05-20,14
2927,780,1,2026-02-28,2026-04-08,39
2928,780,2,2026-04-08,2026-05-14,36
2929,781,1,2025-12-05,2025-12-30,25
2930,781,2,2025-12-30,2026-01-20,21
2931,781,3,2026-01-20,2026-02-05,16
2932,781,4,2026-02-05,2026-02-11,6
2933,781,5,2026-02-11,2026-03-01,18
2934,782,1,2026-02-03,2026-03-14,39
2935,782,2,2026-03-14,2026-04-13,30
2936,782,3,2026-04-13,2026-05-07,24
2937,782,4,2026-05-07,2026-06-07,31
2938,782,5,2026-06-07,2026-07-12,35
2939,783,1,2025-08-06,2025-08-27,21
2940,783,2,2025-08-27,2025-09-11,15
2941,783,3,2025-09-11,2025-10-02,21
2942,783,4,2025-10-02,2025-10-15,13
2943,783,5,2025-10-15,2025-10-25,10
2944,784,1,2025-07-15,2025-08-02,18
2945,784,2,2025-08-02,2025-08-19,17
2946,784,3,2025-08-19,2025-09-08,20
2947,785,1,2026-03-05,2026-03-11,6
2948,785,2,2026-03-11,2026-03-25,14
2949,785,3,2026-03-25,2026-04-14,20
2950,785,4,2026-04-14,2026-05-05,21
2951,785,5,2026-05-05,2026-05-25,20
2952,786,1,2025-10-19,2025-11-11,23
2953,786,2,2025-11-11,2025-11-18,7
2954,787,1,2025-11-24,2025-12-24,30
2955,787,2,2025-12-24,2026-01-26,33
2956,787,3,2026-01-26,2026-02-17,22
2957,787,4,2026-02-17,2026-03-22,33
2958,787,5,2026-03-22,2026-04-17,26
2959,788,1,2026-07-23,2026-08-02,10
2960,788,2,2026-08-02,2026-08-16,14
2961,788,3,2026-08-16,2026-09-01,16
2962,789,1,2025-02-13,2025-03-07,22
2963,789,2,2025-03-07,2025-04-01,25
2964,789,3,2025-04-01,2025-04-16,15
2965,789,4,2025-04-16,2025-04-21,5
2966,789,5,2025-04-21,2025-05-07,16
2967,790,1,2026-07-02,2026-07-20,18
2968,790,2,2026-07-20,2026-08-02,13
2969,790,3,2026-08-02,2026-08-26,24
2970,790,4,2026-08-26,2026-09-08,13
2971,791,1,2025-08-20,2025-09-01,12
2972,791,2,2025-09-01,2025-09-09,8
2973,791,3,2025-09-09,2025-09-17,8
2974,791,4,2025-09-17,2025-09-29,12
2975,791,5,2025-09-29,2025-10-08,9
2976,792,1,2026-02-13,2026-03-07,22
2977,792,2,2026-03-07,2026-03-20,13
2978,792,3,2026-03-20,2026-04-06,17
2979,793,1,2025-11-01,2025-11-17,16
2980,793,2,2025-11-17,2025-12-08,21
2981,793,3,2025-12-08,2025-12-27,19
2982,793,4,2025-12-27,2026-01-12,16
2983,794,1,2026-01-19,2026-02-08,20
2984,794,2,2026-02-08,2026-02-19,11
2985,794,3,2026-02-19,2026-03-05,14
2986,794,4,2026-03-05,2026-03-31,26
2987,794,5,2026-03-31,2026-04-26,26
2988,795,1,2025-04-19,2025-05-15,26
2989,795,2,2025-05-15,2025-06-18,34
2990,795,3,2025-06-18,2025-07-12,24
2991,795,4,2025-07-12,2025-08-21,40
2992,795,5,2025-08-21,2025-09-23,33
2993,796,1,2025-03-22,2025-04-11,20
2994,796,2,2025-04-11,2025-04-23,12
2995,796,3,2025-04-23,2025-05-13,20
2996,796,4,2025-05-13,2025-06-02,20
2997,796,5,2025-06-02,2025-06-08,6
2998,797,1,2026-04-18,2026-05-20,32
2999,797,2,2026-05-20,2026-06-18,29
3000,797,3,2026-06-18,2026-07-28,40
3001,797,4,2026-07-28,2026-09-03,37
3002,797,5,2026-09-03,,27
3003,798,1,2025-06-20,2025-07-11,21
3004,799,1,2026-01-13,2026-01-27,14
3005,799,2,2026-01-27,2026-02-10,14
3006,799,3,2026-02-10,2026-02-20,10
3007,799,4,2026-02-20,2026-03-13,21
3008,799,5,2026-03-13,2026-03-28,15
3009,800,1,2025-05-09,2025-05-16,7
3010,800,2,2025-05-16,2025-05-28,12
3011,800,3,2025-05-28,2025-06-20,23
3012,800,4,2025-06-20,2025-07-16,26
3013,801,1,2026-02-09,2026-03-02,21
3014,801,2,2026-03-02,2026-03-21,19
3015,801,3,2026-03-21,2026-03-26,5
3016,801,4,2026-03-26,2026-04-08,13
3017,802,1,2025-12-25,2026-01-27,33
3018,802,2,2026-01-27,2026-03-03,35
3019,802,3,2026-03-03,2026-04-06,34
3020,802,4,2026-04-06,2026-05-09,33
3021,802,5,2026-05-09,2026-05-31,22
3022,803,1,2025-10-16,2025-10-21,5
3023,803,2,2025-10-21,2025-11-07,17
3024,803,3,2025-11-07,2025-11-26,19
3025,803,4,2025-11-26,2025-12-08,12
3026,804,1,2026-07-27,2026-08-12,16
3027,804,2,2026-08-12,2026-08-30,18
3028,804,3,2026-08-30,2026-09-11,12
3029,804,4,2026-09-11,2026-09-25,14
3030,804,5,2026-09-25,,5
3031,805,1,2025-07-07,2025-08-12,36
3032,805,2,2025-08-12,2025-09-18,37
3033,805,3,2025-09-18,2025-10-17,29
3034,805,4,2025-10-17,2025-11-07,21
3035,805,5,2025-11-07,2025-12-09,32
3036,806,1,2026-09-29,,1
3037,807,1,2025-06-12,2025-07-02,20
3038,807,2,2025-07-02,2025-07-22,20
3039,808,1,2026-09-07,2026-09-16,9
3040,808,2,2026-09-16,,14
3041,809,1,2025-01-30,2025-02-25,26
3042,809,2,2025-02-25,2025-03-15,18
3043,809,3,2025-03-15,2025-03-20,5
3044,809,4,2025-03-20,2025-04-03,14
3045,809,5,2025-04-03,2025-04-29,26
3046,810,1,2025-09-01,2025-10-04,33
3047,810,2,2025-10-04,2025-11-13,40
3048,810,3,2025-11-13,2025-12-04,21
3049,810,4,2025-12-04,2026-01-09,36
3050,811,1,2025-07-20,2025-08-26,37
3051,811,2,2025-08-26,2025-09-23,28
3052,811,3,2025-09-23,2025-10-26,33
3053,811,4,2025-10-26,2025-11-24,29
3054,811,5,2025-11-24,2026-01-04,41
3055,812,1,2025-09-16,2025-09-27,11
3056,812,2,2025-09-27,2025-10-15,18
3057,812,3,2025-10-15,2025-11-04,20
3058,812,4,2025-11-04,2025-11-24,20
3059,812,5,2025-11-24,2025-12-16,22
3060,813,1,2026-09-22,,8
3061,814,1,2026-07-04,2026-07-28,24
3062,814,2,2026-07-28,2026-08-18,21
3063,814,3,2026-08-18,2026-09-14,27
3064,814,4,2026-09-14,,16
3065,815,1,2025-09-04,2025-09-29,25
3066,815,2,2025-09-29,2025-10-09,10
3067,815,3,2025-10-09,2025-10-18,9
3068,816,1,2025-11-16,2025-12-10,24
3069,816,2,2025-12-10,2025-12-17,7
3070,816,3,2025-12-17,2025-12-29,12
3071,816,4,2025-12-29,2026-01-05,7
3072,817,1,2026-02-01,2026-02-14,13
3073,818,1,2025-04-16,2025-04-25,9
3074,818,2,2025-04-25,2025-05-01,6
3075,818,3,2025-05-01,2025-05-08,7
3076,818,4,2025-05-08,2025-05-18,10
3077,818,5,2025-05-18,2025-06-04,17
3078,819,1,2025-10-05,2025-10-13,8
3079,819,2,2025-10-13,2025-10-19,6
3080,819,3,2025-10-19,2025-11-13,25
3081,819,4,2025-11-13,2025-11-23,10
3082,820,1,2026-08-17,2026-09-14,28
3083,820,2,2026-09-14,,16
3084,821,1,2026-09-25,,5
3085,822,1,2025-12-05,2025-12-11,6
3086,822,2,2025-12-11,2025-12-22,11
3087,822,3,2025-12-22,2026-01-15,24
3088,822,4,2026-01-15,2026-01-22,7
3089,822,5,2026-01-22,2026-02-11,20
3090,823,1,2026-08-08,2026-09-17,40
3091,823,2,2026-09-17,,13
3092,824,1,2026-06-03,2026-06-19,16
3093,824,2,2026-06-19,2026-07-16,27
3094,824,3,2026-07-16,2026-08-05,20
3095,824,4,2026-08-05,2026-08-22,17
3096,825,1,2026-09-01,2026-09-11,10
3097,825,2,2026-09-11,2026-09-19,8
3098,825,3,2026-09-19,,11
3099,826,1,2026-04-13,2026-05-15,32
3100,826,2,2026-05-15,2026-06-09,25
3101,827,1,2025-08-26,2025-09-10,15
3102,827,2,2025-09-10,2025-09-16,6
3103,827,3,2025-09-16,2025-09-22,6
3104,828,1,2026-09-16,2026-09-29,13
3105,828,2,2026-09-29,,1
3106,829,1,2025-12-20,2026-01-09,20
3107,830,1,2025-06-03,2025-06-22,19
3108,830,2,2025-06-22,2025-07-02,10
3109,830,3,2025-07-02,2025-07-18,16
3110,830,4,2025-07-18,2025-08-04,17
3111,830,5,2025-08-04,2025-08-12,8
3112,831,1,2025-07-13,2025-07-23,10
3113,831,2,2025-07-23,2025-08-16,24
3114,832,1,2026-01-17,2026-02-13,27
3115,832,2,2026-02-13,2026-03-07,22
3116,832,3,2026-03-07,2026-03-12,5
3117,832,4,2026-03-12,2026-04-07,26
3118,832,5,2026-04-07,2026-05-04,27
3119,833,1,2026-04-24,2026-05-21,27
3120,833,2,2026-05-21,2026-06-12,22
3121,833,3,2026-06-12,2026-06-19,7
3122,834,1,2025-05-11,2025-05-20,9
3123,834,2,2025-05-20,2025-06-14,25
3124,834,3,2025-06-14,2025-06-27,13
3125,834,4,2025-06-27,2025-07-12,15
3126,834,5,2025-07-12,2025-08-02,21
3127,835,1,2025-05-02,2025-05-07,5
3128,835,2,2025-05-07,2025-05-24,17
3129,835,3,2025-05-24,2025-06-11,18
3130,835,4,2025-06-11,2025-06-21,10
3131,835,5,2025-06-21,2025-07-17,26
3132,836,1,2025-04-26,2025-05-10,14
3133,836,2,2025-05-10,2025-06-04,25
3134,836,3,2025-06-04,2025-06-18,14
3135,836,4,2025-06-18,2025-07-01,13
3136,836,5,2025-07-01,2025-07-27,26
3137,837,1,2025-08-26,2025-09-13,18
3138,838,1,2025-06-18,2025-07-06,18
3139,838,2,2025-07-06,2025-07-27,21
3140,838,3,2025-07-27,2025-08-19,23
3141,838,4,2025-08-19,2025-09-12,24
3142,838,5,2025-09-12,2025-10-08,26
3143,839,1,2026-04-23,2026-05-27,34
3144,839,2,2026-05-27,2026-07-02,36
3145,839,3,2026-07-02,2026-08-13,42
3146,839,4,2026-08-13,2026-09-19,37
3147,840,1,2026-09-28,,2
3148,841,1,2026-01-28,2026-02-22,25
3149,841,2,2026-02-22,2026-03-21,27
3150,841,3,2026-03-21,2026-03-29,8
3151,841,4,2026-03-29,2026-04-05,7
3152,841,5,2026-04-05,2026-04-17,12
3153,842,1,2026-08-20,2026-09-14,25
3154,842,2,2026-09-14,,16
3155,843,1,2026-05-23,2026-05-28,5
3156,843,2,2026-05-28,2026-06-11,14
3157,843,3,2026-06-11,2026-06-26,15
3158,843,4,2026-06-26,2026-07-17,21
3159,843,5,2026-07-17,2026-07-24,7
3160,844,1,2025-04-06,2025-04-23,17
3161,844,2,2025-04-23,2025-05-01,8
3162,844,3,2025-05-01,2025-05-17,16
3163,844,4,2025-05-17,2025-06-08,22
3164,844,5,2025-06-08,2025-06-19,11
3165,845,1,2025-09-16,2025-10-10,24
3166,845,2,2025-10-10,2025-10-31,21
3167,845,3,2025-10-31,2025-11-10,10
3168,846,1,2025-08-07,2025-08-27,20
3169,846,2,2025-08-27,2025-09-22,26
3170,846,3,2025-09-22,2025-09-28,6
3171,846,4,2025-09-28,2025-10-06,8
3172,847,1,2026-04-11,2026-05-02,21
3173,847,2,2026-05-02,2026-05-15,13
3174,847,3,2026-05-15,2026-05-26,11
3175,847,4,2026-05-26,2026-06-08,13
3176,847,5,2026-06-08,2026-06-30,22
3177,848,1,2025-09-25,2025-10-01,6
3178,848,2,2025-10-01,2025-10-21,20
3179,849,1,2025-01-27,2025-02-14,18
3180,850,1,2026-08-19,2026-09-19,31
3181,850,2,2026-09-19,,11
3182,851,1,2026-01-09,2026-01-20,11
3183,851,2,2026-01-20,2026-01-25,5
3184,851,3,2026-01-25,2026-02-02,8
3185,851,4,2026-02-02,2026-02-27,25
3186,851,5,2026-02-27,2026-03-05,6
3187,852,1,2026-03-20,2026-04-16,27
3188,852,2,2026-04-16,2026-04-28,12
3189,852,3,2026-04-28,2026-05-08,10
3190,852,4,2026-05-08,2026-05-16,8
3191,852,5,2026-05-16,2026-06-05,20
3192,853,1,2026-07-23,2026-08-01,9
3193,853,2,2026-08-01,2026-08-06,5
3194,853,3,2026-08-06,2026-08-17,11
3195,853,4,2026-08-17,2026-09-07,21
3196,853,5,2026-09-07,2026-09-18,11
3197,854,1,2026-09-05,2026-09-16,11
3198,854,2,2026-09-16,2026-09-26,10
3199,854,3,2026-09-26,,4
3200,855,1,2025-10-14,2025-11-15,32
3201,855,2,2025-11-15,2025-12-15,30
3202,856,1,2026-04-05,2026-04-28,23
3203,856,2,2026-04-28,2026-05-13,15
3204,856,3,2026-05-13,2026-05-26,13
3205,856,4,2026-05-26,2026-06-03,8
3206,857,1,2025-08-25,2025-09-14,20
3207,857,2,2025-09-14,2025-10-08,24
3208,857,3,2025-10-08,2025-10-18,10
3209,857,4,2025-10-18,2025-10-28,10
3210,857,5,2025-10-28,2025-11-04,7
3211,858,1,2026-07-12,2026-07-22,10
3212,859,1,2025-11-25,2025-12-09,14
3213,859,2,2025-12-09,2025-12-17,8
3214,859,3,2025-12-17,2025-12-29,12
3215,859,4,2025-12-29,2026-01-11,13
3216,859,5,2026-01-11,2026-01-26,15
3217,860,1,2026-04-29,2026-05-16,17
3218,860,2,2026-05-16,2026-06-10,25
3219,860,3,2026-06-10,2026-06-25,15
3220,860,4,2026-06-25,2026-07-07,12
3221,861,1,2026-06-11,2026-07-17,36
3222,861,2,2026-07-17,2026-08-20,34
3223,861,3,2026-08-20,2026-09-14,25
3224,862,1,2026-02-18,2026-03-08,18
3225,862,2,2026-03-08,2026-03-14,6
3226,862,3,2026-03-14,2026-04-10,27
3227,862,4,2026-04-10,2026-04-21,11
3228,862,5,2026-04-21,2026-05-14,23
3229,863,1,2026-05-07,2026-05-27,20
3230,863,2,2026-05-27,2026-06-22,26
3231,863,3,2026-06-22,2026-07-07,15
3232,863,4,2026-07-07,2026-08-02,26
3233,864,1,2025-08-04,2025-08-11,7
3234,864,2,2025-08-11,2025-09-06,26
3235,864,3,2025-09-06,2025-09-26,20
3236,864,4,2025-09-26,2025-10-03,7
3237,864,5,2025-10-03,2025-10-28,25
3238,865,1,2025-11-24,2025-12-14,20
3239,865,2,2025-12-14,2026-01-08,25
3240,865,3,2026-01-08,2026-01-19,11
3241,865,4,2026-01-19,2026-02-06,18
3242,865,5,2026-02-06,2026-02-24,18
3243,866,1,2026-03-31,2026-04-05,5
3244,866,2,2026-04-05,2026-04-12,7
3245,866,3,2026-04-12,2026-05-02,20
3246,866,4,2026-05-02,2026-05-12,10
3247,866,5,2026-05-12,2026-05-17,5
3248,867,1,2026-06-07,2026-07-18,41
3249,867,2,2026-07-18,2026-08-08,21
3250,868,1,2026-03-06,2026-03-30,24
3251,868,2,2026-03-30,2026-05-02,33
3252,868,3,2026-05-02,2026-06-05,34
3253,868,4,2026-06-05,2026-07-15,40
3254,868,5,2026-07-15,2026-08-14,30
3255,869,1,2025-04-26,2025-05-20,24
3256,869,2,2025-05-20,2025-06-11,22
3257,869,3,2025-06-11,2025-06-20,9
3258,870,1,2025-02-23,2025-03-23,28
3259,870,2,2025-03-23,2025-04-29,37
3260,870,3,2025-04-29,2025-06-07,39
3261,870,4,2025-06-07,2025-07-04,27
3262,870,5,2025-07-04,2025-07-26,22
3263,871,1,2026-09-22,,8
3264,872,1,2025-11-30,2025-12-07,7
3265,872,2,2025-12-07,2025-12-17,10
3266,872,3,2025-12-17,2026-01-06,20
3267,872,4,2026-01-06,2026-01-16,10
3268,872,5,2026-01-16,2026-02-04,19
3269,873,1,2026-01-09,2026-02-05,27
3270,873,2,2026-02-05,2026-03-03,26
3271,873,3,2026-03-03,2026-03-24,21
3272,873,4,2026-03-24,2026-04-15,22
3273,873,5,2026-04-15,2026-05-15,30
3274,874,1,2025-03-02,2025-03-17,15
3275,874,2,2025-03-17,2025-04-13,27
3276,874,3,2025-04-13,2025-04-28,15
3277,874,4,2025-04-28,2025-05-11,13
3278,874,5,2025-05-11,2025-06-06,26
3279,875,1,2026-05-17,2026-05-27,10
3280,875,2,2026-05-27,2026-06-12,16
3281,876,1,2026-05-01,2026-05-15,14
3282,876,2,2026-05-15,2026-05-26,11
3283,876,3,2026-05-26,2026-06-03,8
3284,876,4,2026-06-03,2026-06-09,6
3285,876,5,2026-06-09,2026-06-21,12
3286,877,1,2025-01-05,2025-02-01,27
3287,877,2,2025-02-01,2025-02-26,25
3288,878,1,2025-02-07,2025-02-25,18
3289,878,2,2025-02-25,2025-03-20,23
3290,878,3,2025-03-20,2025-04-04,15
3291,878,4,2025-04-04,2025-04-14,10
3292,878,5,2025-04-14,2025-04-23,9
3293,879,1,2026-07-21,2026-07-30,9
3294,879,2,2026-07-30,2026-08-15,16
3295,879,3,2026-08-15,2026-09-06,22
3296,879,4,2026-09-06,2026-09-21,15
3297,879,5,2026-09-21,,9
3298,880,1,2025-01-19,2025-02-14,26
3299,880,2,2025-02-14,2025-03-06,20
3300,880,3,2025-03-06,2025-04-04,29
3301,881,1,2025-10-27,2025-11-01,5
3302,881,2,2025-11-01,2025-11-06,5
3303,881,3,2025-11-06,2025-11-27,21
3304,881,4,2025-11-27,2025-12-12,15
3305,882,1,2026-02-12,2026-02-26,14
3306,882,2,2026-02-26,2026-03-15,17
3307,882,3,2026-03-15,2026-03-24,9
3308,882,4,2026-03-24,2026-03-29,5
3309,882,5,2026-03-29,2026-04-10,12
3310,883,1,2026-05-03,2026-05-10,7
3311,883,2,2026-05-10,2026-06-06,27
3312,883,3,2026-06-06,2026-06-26,20
3313,883,4,2026-06-26,2026-07-11,15
3314,883,5,2026-07-11,2026-07-21,10
3315,884,1,2025-12-17,2025-12-28,11
3316,884,2,2025-12-28,2026-01-09,12
3317,885,1,2025-07-01,2025-07-18,17
3318,885,2,2025-07-18,2025-07-31,13
3319,885,3,2025-07-31,2025-08-18,18
3320,885,4,2025-08-18,2025-09-02,15
3321,885,5,2025-09-02,2025-09-07,5
3322,886,1,2025-05-13,2025-06-10,28
3323,886,2,2025-06-10,2025-07-03,23
3324,886,3,2025-07-03,2025-08-08,36
3325,886,4,2025-08-08,2025-09-17,40
3326,887,1,2025-07-16,2025-08-09,24
3327,887,2,2025-08-09,2025-08-24,15
3328,887,3,2025-08-24,2025-09-12,19
3329,887,4,2025-09-12,2025-10-07,25
3330,887,5,2025-10-07,2025-10-17,10
3331,888,1,2026-03-25,2026-04-09,15
3332,888,2,2026-04-09,2026-04-28,19
3333,888,3,2026-04-28,2026-05-03,5
3334,888,4,2026-05-03,2026-05-25,22
3335,888,5,2026-05-25,2026-06-21,27
3336,889,1,2025-03-30,2025-04-20,21
3337,889,2,2025-04-20,2025-04-29,9
3338,890,1,2026-04-13,2026-05-01,18
3339,890,2,2026-05-01,2026-05-27,26
3340,891,1,2025-10-25,2025-11-13,19
3341,891,2,2025-11-13,2025-12-02,19
3342,891,3,2025-12-02,2025-12-08,6
3343,891,4,2025-12-08,2025-12-18,10
3344,891,5,2025-12-18,2026-01-13,26
3345,892,1,2025-06-22,2025-07-13,21
3346,892,2,2025-07-13,2025-08-10,28
3347,892,3,2025-08-10,2025-09-04,25
3348,892,4,2025-09-04,2025-10-03,29
3349,892,5,2025-10-03,2025-10-28,25
3350,893,1,2026-08-13,2026-09-09,27
3351,893,2,2026-09-09,2026-09-17,8
3352,893,3,2026-09-17,2026-09-23,6
3353,893,4,2026-09-23,2026-09-30,7
3354,893,5,2026-09-30,,0
3355,894,1,2025-01-10,2025-01-27,17
3356,894,2,2025-01-27,2025-02-12,16
3357,894,3,2025-02-12,2025-03-09,25
3358,894,4,2025-03-09,2025-03-24,15
3359,894,5,2025-03-24,2025-04-16,23
3360,895,1,2026-02-09,2026-02-17,8
3361,895,2,2026-02-17,2026-03-16,27
3362,895,3,2026-03-16,2026-04-08,23
3363,895,4,2026-04-08,2026-05-04,26
3364,895,5,2026-05-04,2026-05-12,8
3365,896,1,2025-02-19,2025-03-08,17
3366,896,2,2025-03-08,2025-03-30,22
3367,896,3,2025-03-30,2025-04-20,21
3368,896,4,2025-04-20,2025-05-04,14
3369,896,5,2025-05-04,2025-05-25,21
3370,897,1,2025-08-28,2025-09-04,7
3371,897,2,2025-09-04,2025-09-26,22
3372,898,1,2025-09-05,2025-09-21,16
3373,899,1,2025-10-17,2025-11-06,20
3374,899,2,2025-11-06,2025-12-02,26
3375,900,1,2025-05-24,2025-06-17,24
3376,900,2,2025-06-17,2025-07-13,26
3377,900,3,2025-07-13,2025-07-20,7
3378,900,4,2025-07-20,2025-08-16,27
3379,901,1,2026-08-23,2026-09-24,32
3380,901,2,2026-09-24,,6
3381,902,1,2025-12-20,2025-12-29,9
3382,902,2,2025-12-29,2026-01-25,27
3383,902,3,2026-01-25,2026-02-09,15
3384,902,4,2026-02-09,2026-03-01,20
3385,903,1,2025-01-20,2025-01-26,6
3386,903,2,2025-01-26,2025-02-05,10
3387,904,1,2025-06-28,2025-07-15,17
3388,904,2,2025-07-15,2025-08-10,26
3389,904,3,2025-08-10,2025-09-04,25
3390,904,4,2025-09-04,2025-09-28,24
3391,904,5,2025-09-28,2025-10-12,14
3392,905,1,2026-09-01,,29
3393,906,1,2025-10-17,2025-10-24,7
3394,906,2,2025-10-24,2025-11-04,11
3395,906,3,2025-11-04,2025-11-10,6
3396,906,4,2025-11-10,2025-12-03,23
3397,906,5,2025-12-03,2025-12-16,13
3398,907,1,2025-09-05,2025-09-25,20
3399,907,2,2025-09-25,2025-10-26,31
3400,907,3,2025-10-26,2025-12-04,39
3401,907,4,2025-12-04,2025-12-30,26
3402,907,5,2025-12-30,2026-02-10,42
3403,908,1,2025-04-04,2025-04-20,16
3404,908,2,2025-04-20,2025-04-27,7
3405,909,1,2025-07-30,2025-08-20,21
3406,909,2,2025-08-20,2025-09-06,17
3407,909,3,2025-09-06,2025-09-24,18
3408,909,4,2025-09-24,2025-10-09,15
3409,909,5,2025-10-09,2025-10-28,19
3410,910,1,2025-06-25,2025-07-11,16
3411,910,2,2025-07-11,2025-07-20,9
3412,911,1,2025-12-04,2025-12-28,24
3413,911,2,2025-12-28,2026-01-02,5
3414,911,3,2026-01-02,2026-01-13,11
3415,911,4,2026-01-13,2026-02-01,19
3416,911,5,2026-02-01,2026-02-16,15
3417,912,1,2025-09-17,2025-10-02,15
3418,912,2,2025-10-02,2025-10-17,15
3419,912,3,2025-10-17,2025-10-29,12
3420,912,4,2025-10-29,2025-11-07,9
3421,912,5,2025-11-07,2025-12-01,24
3422,913,1,2026-01-16,2026-01-30,14
3423,913,2,2026-01-30,2026-02-18,19
3424,913,3,2026-02-18,2026-02-25,7
3425,913,4,2026-02-25,2026-03-17,20
3426,913,5,2026-03-17,2026-04-13,27
3427,914,1,2026-04-14,2026-05-10,26
3428,914,2,2026-05-10,2026-06-03,24
3429,914,3,2026-06-03,2026-06-28,25
3430,914,4,2026-06-28,2026-07-07,9
3431,914,5,2026-07-07,2026-07-19,12
3432,915,1,2026-07-15,2026-08-07,23
3433,915,2,2026-08-07,2026-09-01,25
3434,915,3,2026-09-01,2026-09-19,18
3435,916,1,2025-06-20,2025-07-12,22
3436,916,2,2025-07-12,2025-08-01,20
3437,916,3,2025-08-01,2025-08-15,14
3438,916,4,2025-08-15,2025-09-11,27
3439,917,1,2025-08-19,2025-08-27,8
3440,917,2,2025-08-27,2025-09-17,21
3441,917,3,2025-09-17,2025-09-24,7
3442,917,4,2025-09-24,2025-10-13,19
3443,917,5,2025-10-13,2025-10-29,16
3444,918,1,2025-01-14,2025-01-30,16
3445,918,2,2025-01-30,2025-02-05,6
3446,918,3,2025-02-05,2025-02-27,22
3447,918,4,2025-02-27,2025-03-17,18
3448,918,5,2025-03-17,2025-04-04,18
3449,919,1,2025-10-18,2025-11-06,19
3450,919,2,2025-11-06,2025-11-29,23
3451,919,3,2025-11-29,2025-12-09,10
3452,919,4,2025-12-09,2026-01-02,24
3453,919,5,2026-01-02,2026-01-27,25
3454,920,1,2025-03-13,2025-03-28,15
3455,920,2,2025-03-28,2025-04-04,7
3456,920,3,2025-04-04,2025-04-23,19
3457,920,4,2025-04-23,2025-05-16,23
3458,920,5,2025-05-16,2025-05-21,5
3459,921,1,2025-11-26,2026-01-04,39
3460,921,2,2026-01-04,2026-02-07,34
3461,921,3,2026-02-07,2026-03-01,22
3462,921,4,2026-03-01,2026-03-28,27
3463,921,5,2026-03-28,2026-05-08,41
3464,922,1,2025-02-15,2025-03-08,21
3465,922,2,2025-03-08,2025-03-13,5
3466,922,3,2025-03-13,2025-04-08,26
3467,922,4,2025-04-08,2025-04-23,15
3468,923,1,2026-07-20,2026-07-28,8
3469,923,2,2026-07-28,2026-08-17,20
3470,924,1,2025-05-13,2025-05-19,6
3471,924,2,2025-05-19,2025-06-02,14
3472,925,1,2025-01-12,2025-02-07,26
3473,925,2,2025-02-07,2025-02-28,21
3474,925,3,2025-02-28,2025-03-27,27
3475,925,4,2025-03-27,2025-05-04,38
3476,925,5,2025-05-04,2025-06-10,37
3477,926,1,2025-01-22,2025-02-24,33
3478,926,2,2025-02-24,2025-03-17,21
3479,927,1,2026-05-08,2026-06-04,27
3480,927,2,2026-06-04,2026-06-22,18
3481,927,3,2026-06-22,2026-07-04,12
3482,927,4,2026-07-04,2026-07-12,8
3483,927,5,2026-07-12,2026-07-30,18
3484,928,1,2025-11-25,2025-12-15,20
3485,928,2,2025-12-15,2025-12-20,5
3486,928,3,2025-12-20,2026-01-14,25
3487,929,1,2025-07-10,2025-08-14,35
3488,929,2,2025-08-14,2025-09-14,31
3489,930,1,2026-08-20,2026-09-13,24
3490,930,2,2026-09-13,2026-09-30,17
3491,930,3,2026-09-30,,0
3492,931,1,2026-01-22,2026-02-06,15
3493,931,2,2026-02-06,2026-03-05,27
3494,931,3,2026-03-05,2026-03-15,10
3495,931,4,2026-03-15,2026-03-29,14
3496,931,5,2026-03-29,2026-04-22,24
3497,932,1,2025-05-17,2025-06-22,36
3498,932,2,2025-06-22,2025-07-21,29
3499,932,3,2025-07-21,2025-08-18,28
3500,932,4,2025-08-18,2025-09-27,40
3501,932,5,2025-09-27,2025-10-29,32
3502,933,1,2026-04-06,2026-05-04,28
3503,933,2,2026-05-04,2026-06-12,39
3504,933,3,2026-06-12,2026-07-11,29
3505,933,4,2026-07-11,2026-08-18,38
3506,933,5,2026-08-18,2026-09-25,38
3507,934,1,2026-05-25,2026-06-15,21
3508,934,2,2026-06-15,2026-06-28,13
3509,934,3,2026-06-28,2026-07-16,18
3510,934,4,2026-07-16,2026-08-04,19
3511,934,5,2026-08-04,2026-08-22,18
3512,935,1,2025-12-03,2025-12-27,24
3513,935,2,2025-12-27,2026-01-08,12
3514,935,3,2026-01-08,2026-01-30,22
3515,935,4,2026-01-30,2026-02-20,21
3516,936,1,2026-07-17,2026-08-01,15
3517,936,2,2026-08-01,2026-08-12,11
3518,936,3,2026-08-12,2026-08-31,19
3519,936,4,2026-08-31,2026-09-18,18
3520,936,5,2026-09-18,2026-09-27,9
3521,937,1,2026-01-30,2026-02-09,10
3522,937,2,2026-02-09,2026-03-08,27
3523,937,3,2026-03-08,2026-03-21,13
3524,937,4,2026-03-21,2026-04-05,15
3525,937,5,2026-04-05,2026-04-17,12
3526,938,1,2026-05-28,2026-06-20,23
3527,938,2,2026-06-20,2026-08-01,42
3528,939,1,2025-02-14,2025-02-26,12
3529,939,2,2025-02-26,2025-03-19,21
3530,939,3,2025-03-19,2025-03-29,10
3531,939,4,2025-03-29,2025-04-09,11
3532,940,1,2026-02-18,2026-03-08,18
3533,940,2,2026-03-08,2026-03-22,14
3534,940,3,2026-03-22,2026-04-15,24
3535,940,4,2026-04-15,2026-04-20,5
3536,940,5,2026-04-20,2026-05-05,15
3537,941,1,2026-01-25,2026-02-06,12
3538,942,1,2026-08-11,2026-08-27,16
3539,942,2,2026-08-27,2026-09-19,23
3540,942,3,2026-09-19,2026-09-28,9
3541,942,4,2026-09-28,,2
3542,943,1,2025-10-07,2025-11-02,26
3543,943,2,2025-11-02,2025-11-26,24
3544,943,3,2025-11-26,2025-12-08,12
3545,943,4,2025-12-08,2025-12-18,10
3546,943,5,2025-12-18,2026-01-12,25
3547,944,1,2025-03-25,2025-04-12,18
3548,944,2,2025-04-12,2025-04-30,18
3549,944,3,2025-04-30,2025-05-19,19
3550,944,4,2025-05-19,2025-06-14,26
3551,944,5,2025-06-14,2025-07-05,21
3552,945,1,2025-12-05,2026-01-01,27
3553,946,1,2025-04-26,2025-06-04,39
3554,946,2,2025-06-04,2025-07-15,41
3555,946,3,2025-07-15,2025-08-26,42
3556,946,4,2025-08-26,2025-10-03,38
3557,946,5,2025-10-03,2025-11-08,36
3558,947,1,2026-08-24,2026-09-08,15
3559,947,2,2026-09-08,2026-09-19,11
3560,947,3,2026-09-19,,11
3561,948,1,2026-02-10,2026-03-05,23
3562,948,2,2026-03-05,2026-03-18,13
3563,948,3,2026-03-18,2026-04-08,21
3564,948,4,2026-04-08,2026-04-16,8
3565,948,5,2026-04-16,2026-04-30,14
3566,949,1,2025-05-30,2025-06-24,25
3567,949,2,2025-06-24,2025-07-03,9
3568,949,3,2025-07-03,2025-07-25,22
3569,949,4,2025-07-25,2025-08-14,20
3570,950,1,2026-08-27,2026-09-08,12
3571,950,2,2026-09-08,2026-09-28,20
3572,950,3,2026-09-28,,2
3573,951,1,2026-08-06,2026-08-29,23
3574,951,2,2026-08-29,2026-09-04,6
3575,951,3,2026-09-04,2026-09-25,21
3576,951,4,2026-09-25,,5
3577,952,1,2025-03-02,2025-03-10,8
3578,952,2,2025-03-10,2025-04-04,25
3579,952,3,2025-04-04,2025-04-21,17
3580,953,1,2025-07-08,2025-08-04,27
3581,953,2,2025-08-04,2025-08-26,22
3582,953,3,2025-08-26,2025-09-15,20
3583,953,4,2025-09-15,2025-10-07,22
3584,953,5,2025-10-07,2025-10-29,22
3585,954,1,2026-05-08,2026-05-27,19
3586,954,2,2026-05-27,2026-06-12,16
3587,955,1,2025-07-24,2025-08-09,16
3588,955,2,2025-08-09,2025-08-16,7
3589,955,3,2025-08-16,2025-09-04,19
3590,955,4,2025-09-04,2025-09-22,18
3591,955,5,2025-09-22,2025-10-06,14
3592,956,1,2026-04-21,2026-05-18,27
3593,956,2,2026-05-18,2026-06-03,16
3594,956,3,2026-06-03,2026-06-17,14
3595,956,4,2026-06-17,2026-06-22,5
3596,957,1,2026-04-14,2026-04-23,9
3597,957,2,2026-04-23,2026-04-29,6
3598,957,3,2026-04-29,2026-05-23,24
3599,957,4,2026-05-23,2026-06-18,26
3600,957,5,2026-06-18,2026-07-13,25
3601,958,1,2026-06-16,2026-07-06,20
3602,958,2,2026-07-06,2026-07-16,10
3603,958,3,2026-07-16,2026-07-23,7
3604,958,4,2026-07-23,2026-07-29,6
3605,958,5,2026-07-29,2026-08-23,25
3606,959,1,2025-06-05,2025-06-11,6
3607,959,2,2025-06-11,2025-06-27,16
3608,959,3,2025-06-27,2025-07-13,16
3609,959,4,2025-07-13,2025-08-04,22
3610,959,5,2025-08-04,2025-08-10,6
3611,960,1,2025-11-09,2025-11-21,12
3612,960,2,2025-11-21,2025-12-15,24
3613,960,3,2025-12-15,2026-01-06,22
3614,960,4,2026-01-06,2026-01-29,23
3615,960,5,2026-01-29,2026-02-12,14
3616,961,1,2026-06-02,2026-06-09,7
3617,961,2,2026-06-09,2026-06-21,12
3618,962,1,2026-02-28,2026-03-25,25
3619,962,2,2026-03-25,2026-04-17,23
3620,963,1,2026-07-12,2026-07-24,12
3621,963,2,2026-07-24,2026-08-07,14
3622,963,3,2026-08-07,2026-08-26,19
3623,963,4,2026-08-26,2026-09-12,17
3624,963,5,2026-09-12,2026-09-30,18
3625,964,1,2026-02-07,2026-03-04,25
3626,964,2,2026-03-04,2026-03-24,20
3627,964,3,2026-03-24,2026-04-18,25
3628,964,4,2026-04-18,2026-05-26,38
3629,964,5,2026-05-26,2026-06-19,24
3630,965,1,2025-09-26,2025-10-21,25
3631,965,2,2025-10-21,2025-10-31,10
3632,965,3,2025-10-31,2025-11-09,9
3633,966,1,2025-09-06,2025-09-27,21
3634,967,1,2025-01-15,2025-01-23,8
3635,967,2,2025-01-23,2025-02-13,21
3636,967,3,2025-02-13,2025-03-05,20
3637,968,1,2026-01-26,2026-02-07,12
3638,968,2,2026-02-07,2026-02-19,12
3639,968,3,2026-02-19,2026-03-05,14
3640,968,4,2026-03-05,2026-03-23,18
3641,968,5,2026-03-23,2026-04-17,25
3642,969,1,2026-08-19,2026-08-28,9
3643,969,2,2026-08-28,2026-09-14,17
3644,969,3,2026-09-14,2026-09-26,12
3645,969,4,2026-09-26,,4
3646,970,1,2026-05-24,2026-06-28,35
3647,970,2,2026-06-28,2026-07-21,23
3648,970,3,2026-07-21,2026-08-22,32
3649,970,4,2026-08-22,,39
3650,971,1,2025-02-18,2025-03-17,27
3651,971,2,2025-03-17,2025-04-10,24
3652,971,3,2025-04-10,2025-04-15,5
3653,971,4,2025-04-15,2025-04-30,15
3654,971,5,2025-04-30,2025-05-17,17
3655,972,1,2025-07-10,2025-08-18,39
3656,972,2,2025-08-18,2025-09-28,41
3657,972,3,2025-09-28,2025-10-21,23
3658,973,1,2025-09-13,2025-09-18,5
3659,973,2,2025-09-18,2025-09-26,8
3660,973,3,2025-09-26,2025-10-23,27
3661,973,4,2025-10-23,2025-11-08,16
3662,973,5,2025-11-08,2025-11-21,13
3663,974,1,2025-04-20,2025-05-14,24
3664,974,2,2025-05-14,2025-06-03,20
3665,974,3,2025-06-03,2025-06-24,21
3666,974,4,2025-06-24,2025-07-07,13
3667,974,5,2025-07-07,2025-07-13,6
3668,975,1,2026-08-07,2026-08-25,18
3669,975,2,2026-08-25,2026-09-06,12
3670,975,3,2026-09-06,2026-09-15,9
3671,975,4,2026-09-15,,15
3672,976,1,2026-02-27,2026-03-24,25
3673,976,2,2026-03-24,2026-05-03,40
3674,976,3,2026-05-03,2026-06-07,35
3675,976,4,2026-06-07,2026-07-01,24
3676,976,5,2026-07-01,2026-07-29,28
3677,977,1,2025-07-17,2025-08-11,25
3678,977,2,2025-08-11,2025-09-02,22
3679,977,3,2025-09-02,2025-09-11,9
3680,977,4,2025-09-11,2025-09-27,16
3681,977,5,2025-09-27,2025-10-21,24
3682,978,1,2025-09-19,2025-09-28,9
3683,978,2,2025-09-28,2025-10-06,8
3684,979,1,2025-05-17,2025-06-07,21
3685,980,1,2026-01-09,2026-02-04,26
3686,980,2,2026-02-04,2026-02-20,16
3687,980,3,2026-02-20,2026-03-15,23
3688,980,4,2026-03-15,2026-04-03,19
3689,980,5,2026-04-03,2026-04-15,12
3690,981,1,2025-08-07,2025-09-02,26
3691,981,2,2025-09-02,2025-09-29,27
3692,981,3,2025-09-29,2025-10-21,22
3693,981,4,2025-10-21,2025-11-12,22
3694,981,5,2025-11-12,2025-12-06,24
3695,982,1,2026-03-01,2026-03-09,8
3696,982,2,2026-03-09,2026-03-19,10
3697,982,3,2026-03-19,2026-03-27,8
3698,983,1,2025-10-08,2025-10-24,16
3699,983,2,2025-10-24,2025-10-31,7
3700,983,3,2025-10-31,2025-11-15,15
3701,983,4,2025-11-15,2025-12-11,26
3702,983,5,2025-12-11,2026-01-05,25
3703,984,1,2026-08-04,2026-09-04,31
3704,984,2,2026-09-04,,26
3705,985,1,2025-07-05,2025-07-18,13
3706,985,2,2025-07-18,2025-08-13,26
3707,985,3,2025-08-13,2025-09-09,27
3708,985,4,2025-09-09,2025-09-21,12
3709,985,5,2025-09-21,2025-10-04,13
3710,986,1,2025-12-06,2025-12-12,6
3711,986,2,2025-12-12,2025-12-17,5
3712,986,3,2025-12-17,2026-01-10,24
3713,987,1,2025-12-19,2026-01-11,23
3714,987,2,2026-01-11,2026-02-02,22
3715,987,3,2026-02-02,2026-02-22,20
3716,987,4,2026-02-22,2026-03-04,10
3717,987,5,2026-03-04,2026-03-31,27
3718,988,1,2026-01-31,2026-02-21,21
3719,988,2,2026-02-21,2026-03-08,15
3720,988,3,2026-03-08,2026-03-22,14
3721,989,1,2025-08-01,2025-08-20,19
3722,989,2,2025-08-20,2025-09-12,23
3723,989,3,2025-09-12,2025-09-24,12
3724,989,4,2025-09-24,2025-10-08,14
3725,989,5,2025-10-08,2025-10-26,18
3726,990,1,2025-09-21,2025-10-18,27
3727,990,2,2025-10-18,2025-10-27,9
3728,990,3,2025-10-27,2025-11-18,22
3729,990,4,2025-11-18,2025-11-24,6
3730,990,5,2025-11-24,2025-12-20,26
3731,991,1,2026-07-17,2026-08-26,40
3732,991,2,2026-08-26,2026-09-25,30
3733,991,3,2026-09-25,,5
3734,992,1,2025-07-11,2025-08-06,26
3735,992,2,2025-08-06,2025-08-13,7
3736,992,3,2025-08-13,2025-09-04,22
3737,993,1,2025-08-18,2025-08-25,7
3738,993,2,2025-08-25,2025-09-15,21
3739,993,3,2025-09-15,2025-09-24,9
3740,993,4,2025-09-24,2025-10-02,8
3741,993,5,2025-10-02,2025-10-24,22
3742,994,1,2025-06-24,2025-07-19,25
3743,994,2,2025-07-19,2025-08-01,13
3744,994,3,2025-08-01,2025-08-15,14
3745,994,4,2025-08-15,2025-08-21,6
3746,994,5,2025-08-21,2025-09-03,13
3747,995,1,2025-07-22,2025-08-06,15
3748,995,2,2025-08-06,2025-08-29,23
3749,995,3,2025-08-29,2025-09-25,27
3750,995,4,2025-09-25,2025-10-08,13
3751,995,5,2025-10-08,2025-10-25,17
3752,996,1,2025-01-26,2025-02-01,6
3753,997,1,2025-08-06,2025-09-02,27
3754,997,2,2025-09-02,2025-09-27,25
3755,997,3,2025-09-27,2025-11-07,41
3756,997,4,2025-11-07,2025-12-17,40
3757,997,5,2025-12-17,2026-01-11,25
3758,998,1,2026-07-19,2026-07-29,10
3759,998,2,2026-07-29,2026-08-15,17
3760,998,3,2026-08-15,2026-08-25,10
3761,998,4,2026-08-25,2026-09-17,23
3762,998,5,2026-09-17,,13
3763,999,1,2026-04-15,2026-05-15,30
3764,999,2,2026-05-15,2026-06-06,22
3765,999,3,2026-06-06,2026-06-27,21
3766,999,4,2026-06-27,2026-07-20,23
3767,999,5,2026-07-20,2026-08-29,40
3768,1000,1,2025-08-30,2025-09-15,16
3769,1000,2,2025-09-15,2025-10-09,24
3770,1001,1,2025-05-22,2025-06-13,22
3771,1001,2,2025-06-13,2025-06-27,14
3772,1001,3,2025-06-27,2025-07-17,20
3773,1001,4,2025-07-17,2025-07-22,5
3774,1002,1,2025-03-10,2025-03-18,8
3775,1003,1,2026-07-24,2026-08-11,18
3776,1003,2,2026-08-11,2026-08-23,12
3777,1003,3,2026-08-23,2026-09-07,15
3778,1003,4,2026-09-07,,23
3779,1004,1,2026-03-13,2026-04-11,29
3780,1004,2,2026-04-11,2026-05-05,24
3781,1004,3,2026-05-05,2026-06-08,34
3782,1004,4,2026-06-08,2026-07-20,42
3783,1004,5,2026-07-20,2026-08-13,24
3784,1005,1,2026-02-03,2026-03-05,30
3785,1005,2,2026-03-05,2026-03-29,24
3786,1005,3,2026-03-29,2026-04-28,30
3787,1006,1,2025-03-24,2025-04-18,25
3788,1006,2,2025-04-18,2025-04-23,5
3789,1006,3,2025-04-23,2025-05-01,8
3790,1006,4,2025-05-01,2025-05-17,16
3791,1006,5,2025-05-17,2025-06-01,15
3792,1007,1,2026-04-05,2026-04-28,23
3793,1007,2,2026-04-28,2026-05-06,8
3794,1007,3,2026-05-06,2026-05-31,25
3795,1007,4,2026-05-31,2026-06-12,12
3796,1007,5,2026-06-12,2026-07-06,24
3797,1008,1,2026-09-22,2026-09-29,7
3798,1008,2,2026-09-29,,1
3799,1009,1,2025-01-08,2025-02-13,36
3800,1009,2,2025-02-13,2025-03-08,23
3801,1009,3,2025-03-08,2025-04-02,25
3802,1009,4,2025-04-02,2025-05-10,38
3803,1009,5,2025-05-10,2025-06-15,36
3804,1010,1,2025-04-08,2025-05-15,37
3805,1010,2,2025-05-15,2025-06-12,28
3806,1010,3,2025-06-12,2025-07-12,30
3807,1010,4,2025-07-12,2025-08-22,41
3808,1011,1,2026-03-18,2026-04-03,16
3809,1011,2,2026-04-03,2026-04-27,24
3810,1011,3,2026-04-27,2026-05-02,5
3811,1011,4,2026-05-02,2026-05-18,16
3812,1012,1,2025-04-01,2025-04-08,7
3813,1012,2,2025-04-08,2025-05-05,27
3814,1012,3,2025-05-05,2025-06-01,27
3815,1013,1,2025-01-24,2025-03-07,42
3816,1013,2,2025-03-07,2025-04-06,30
3817,1013,3,2025-04-06,2025-04-30,24
3818,1013,4,2025-04-30,2025-06-03,34
3819,1013,5,2025-06-03,2025-07-15,42
3820,1014,1,2025-03-23,2025-04-06,14
3821,1014,2,2025-04-06,2025-04-20,14
3822,1015,1,2025-07-13,2025-07-23,10
3823,1015,2,2025-07-23,2025-08-10,18
3824,1015,3,2025-08-10,2025-08-16,6
3825,1015,4,2025-08-16,2025-08-24,8
3826,1015,5,2025-08-24,2025-09-19,26
3827,1016,1,2026-04-14,2026-04-27,13
3828,1016,2,2026-04-27,2026-05-18,21
3829,1016,3,2026-05-18,2026-05-28,10
3830,1016,4,2026-05-28,2026-06-07,10
3831,1016,5,2026-06-07,2026-07-03,26
3832,1017,1,2025-05-09,2025-05-22,13
3833,1018,1,2026-07-05,2026-07-17,12
3834,1018,2,2026-07-17,2026-07-24,7
3835,1018,3,2026-07-24,2026-08-08,15
3836,1018,4,2026-08-08,2026-08-27,19
3837,1018,5,2026-08-27,2026-09-10,14
3838,1019,1,2025-01-28,2025-02-02,5
3839,1019,2,2025-02-02,2025-02-13,11
3840,1019,3,2025-02-13,2025-02-18,5
3841,1019,4,2025-02-18,2025-02-28,10
3842,1019,5,2025-02-28,2025-03-23,23
3843,1020,1,2026-07-23,2026-08-08,16
3844,1020,2,2026-08-08,2026-08-23,15
3845,1020,3,2026-08-23,2026-09-15,23
3846,1020,4,2026-09-15,2026-09-26,11
3847,1020,5,2026-09-26,,4
3848,1021,1,2025-03-01,2025-03-06,5
3849,1021,2,2025-03-06,2025-04-01,26
3850,1022,1,2026-06-02,2026-06-17,15
3851,1022,2,2026-06-17,2026-06-29,12
3852,1022,3,2026-06-29,2026-07-23,24
3853,1022,4,2026-07-23,2026-08-04,12
3854,1022,5,2026-08-04,2026-08-17,13
3855,1023,1,2025-11-27,2025-12-05,8
3856,1023,2,2025-12-05,2025-12-22,17
3857,1024,1,2025-09-14,2025-10-09,25
3858,1024,2,2025-10-09,2025-10-21,12
3859,1025,1,2026-09-06,2026-09-22,16
3860,1025,2,2026-09-22,,8
3861,1026,1,2025-05-14,2025-05-21,7
3862,1026,2,2025-05-21,2025-05-26,5
3863,1026,3,2025-05-26,2025-06-12,17
3864,1026,4,2025-06-12,2025-06-27,15
3865,1026,5,2025-06-27,2025-07-11,14
3866,1027,1,2025-09-16,2025-09-26,10
3867,1027,2,2025-09-26,2025-10-13,17
3868,1027,3,2025-10-13,2025-10-31,18
3869,1027,4,2025-10-31,2025-11-16,16
3870,1027,5,2025-11-16,2025-12-04,18
3871,1028,1,2026-06-22,2026-07-12,20
3872,1029,1,2025-05-29,2025-06-06,8
3873,1029,2,2025-06-06,2025-06-25,19
3874,1029,3,2025-06-25,2025-07-08,13
3875,1029,4,2025-07-08,2025-07-27,19
3876,1029,5,2025-07-27,2025-08-21,25
3877,1030,1,2026-03-15,2026-03-21,6
3878,1030,2,2026-03-21,2026-04-15,25
3879,1030,3,2026-04-15,2026-04-23,8
3880,1030,4,2026-04-23,2026-05-17,24
3881,1030,5,2026-05-17,2026-05-31,14
3882,1031,1,2025-04-28,2025-06-07,40
3883,1031,2,2025-06-07,2025-07-09,32
3884,1031,3,2025-07-09,2025-08-08,30
3885,1031,4,2025-08-08,2025-09-19,42
3886,1031,5,2025-09-19,2025-10-14,25
3887,1032,1,2025-03-23,2025-03-29,6
3888,1032,2,2025-03-29,2025-04-14,16
3889,1032,3,2025-04-14,2025-04-19,5
3890,1033,1,2025-06-16,2025-07-09,23
3891,1033,2,2025-07-09,2025-07-17,8
3892,1033,3,2025-07-17,2025-07-25,8
3893,1034,1,2025-02-09,2025-03-06,25
3894,1034,2,2025-03-06,2025-03-14,8
3895,1034,3,2025-03-14,2025-04-08,25
3896,1034,4,2025-04-08,2025-04-19,11
3897,1034,5,2025-04-19,2025-04-27,8
3898,1035,1,2025-12-11,2026-01-14,34
3899,1036,1,2026-04-08,2026-04-28,20
3900,1036,2,2026-04-28,2026-05-22,24
3901,1037,1,2026-08-22,2026-09-12,21
3902,1037,2,2026-09-12,2026-09-17,5
3903,1037,3,2026-09-17,,13
3904,1038,1,2026-05-06,2026-05-15,9
3905,1038,2,2026-05-15,2026-05-26,11
3906,1038,3,2026-05-26,2026-06-11,16
3907,1038,4,2026-06-11,2026-06-20,9
3908,1038,5,2026-06-20,2026-07-07,17
3909,1039,1,2026-04-17,2026-04-28,11
3910,1039,2,2026-04-28,2026-05-25,27
3911,1040,1,2026-09-24,,6
3912,1041,1,2025-02-25,2025-03-16,19
3913,1041,2,2025-03-16,2025-03-28,12
3914,1041,3,2025-03-28,2025-04-02,5
3915,1041,4,2025-04-02,2025-04-25,23
3916,1041,5,2025-04-25,2025-05-21,26
3917,1042,1,2025-04-10,2025-05-05,25
3918,1042,2,2025-05-05,2025-05-24,19
3919,1042,3,2025-05-24,2025-06-15,22
3920,1042,4,2025-06-15,2025-06-27,12
3921,1043,1,2025-04-29,2025-05-20,21
3922,1043,2,2025-05-20,2025-06-12,23
3923,1044,1,2025-10-12,2025-11-07,26
3924,1044,2,2025-11-07,2025-11-27,20
3925,1044,3,2025-11-27,2025-12-06,9
3926,1044,4,2025-12-06,2025-12-16,10
3927,1044,5,2025-12-16,2025-12-29,13
3928,1045,1,2025-11-05,2025-11-24,19
3929,1045,2,2025-11-24,2025-12-13,19
3930,1045,3,2025-12-13,2025-12-28,15
3931,1045,4,2025-12-28,2026-01-02,5
3932,1045,5,2026-01-02,2026-01-21,19
3933,1046,1,2025-05-08,2025-05-19,11
3934,1046,2,2025-05-19,2025-05-27,8
3935,1046,3,2025-05-27,2025-06-21,25
3936,1046,4,2025-06-21,2025-06-29,8
3937,1046,5,2025-06-29,2025-07-12,13
3938,1047,1,2026-01-06,2026-02-05,30
3939,1047,2,2026-02-05,2026-03-15,38
3940,1047,3,2026-03-15,2026-04-06,22
3941,1047,4,2026-04-06,2026-05-09,33
3942,1047,5,2026-05-09,2026-06-14,36
3943,1048,1,2026-03-31,2026-04-25,25
3944,1048,2,2026-04-25,2026-05-22,27
3945,1048,3,2026-05-22,2026-06-05,14
3946,1048,4,2026-06-05,2026-06-28,23
3947,1048,5,2026-06-28,2026-07-19,21
3948,1049,1,2026-09-23,,7
3949,1050,1,2025-05-14,2025-05-19,5
3950,1050,2,2025-05-19,2025-06-12,24
3951,1050,3,2025-06-12,2025-06-20,8
3952,1050,4,2025-06-20,2025-07-17,27
3953,1050,5,2025-07-17,2025-08-03,17
3954,1051,1,2025-11-16,2025-11-23,7
3955,1051,2,2025-11-23,2025-12-08,15
3956,1051,3,2025-12-08,2025-12-13,5
3957,1052,1,2025-06-03,2025-06-17,14
3958,1052,2,2025-06-17,2025-07-04,17
3959,1052,3,2025-07-04,2025-07-23,19
3960,1052,4,2025-07-23,2025-08-17,25
3961,1052,5,2025-08-17,2025-08-24,7
3962,1053,1,2025-02-14,2025-03-28,42
3963,1053,2,2025-03-28,2025-05-05,38
3964,1053,3,2025-05-05,2025-05-28,23
3965,1053,4,2025-05-28,2025-06-23,26
3966,1054,1,2025-01-23,2025-02-13,21
3967,1054,2,2025-02-13,2025-02-28,15
3968,1054,3,2025-02-28,2025-03-24,24
3969,1055,1,2025-02-05,2025-02-14,9
3970,1055,2,2025-02-14,2025-03-08,22
3971,1055,3,2025-03-08,2025-04-02,25
3972,1055,4,2025-04-02,2025-04-14,12
3973,1055,5,2025-04-14,2025-04-30,16
3974,1056,1,2025-11-14,2025-12-24,40
3975,1056,2,2025-12-24,2026-01-23,30
3976,1056,3,2026-01-23,2026-02-28,36
3977,1057,1,2026-01-17,2026-02-03,17
3978,1057,2,2026-02-03,2026-02-24,21
3979,1057,3,2026-02-24,2026-03-04,8
3980,1057,4,2026-03-04,2026-03-31,27
3981,1057,5,2026-03-31,2026-04-14,14
3982,1058,1,2025-05-24,2025-06-22,29
3983,1058,2,2025-06-22,2025-07-25,33
3984,1058,3,2025-07-25,2025-08-26,32
3985,1058,4,2025-08-26,2025-09-20,25
3986,1058,5,2025-09-20,2025-10-30,40
3987,1059,1,2026-04-01,2026-04-21,20
3988,1059,2,2026-04-21,2026-05-18,27
3989,1059,3,2026-05-18,2026-06-03,16
3990,1059,4,2026-06-03,2026-06-13,10
3991,1059,5,2026-06-13,2026-07-01,18
3992,1060,1,2025-05-05,2025-05-25,20
3993,1060,2,2025-05-25,2025-06-01,7
3994,1060,3,2025-06-01,2025-06-19,18
3995,1061,1,2026-06-05,2026-06-11,6
3996,1061,2,2026-06-11,2026-06-30,19
3997,1061,3,2026-06-30,2026-07-15,15
3998,1061,4,2026-07-15,2026-08-09,25
3999,1062,1,2026-04-07,2026-04-19,12
4000,1062,2,2026-04-19,2026-05-05,16
4001,1062,3,2026-05-05,2026-05-26,21
4002,1062,4,2026-05-26,2026-06-13,18
4003,1062,5,2026-06-13,2026-06-30,17
4004,1063,1,2026-09-14,2026-09-21,7
4005,1063,2,2026-09-21,2026-09-26,5
4006,1063,3,2026-09-26,,4
4007,1064,1,2026-05-20,2026-06-26,37
4008,1064,2,2026-06-26,2026-07-26,30
4009,1064,3,2026-07-26,2026-08-19,24
4010,1064,4,2026-08-19,2026-09-20,32
4011,1064,5,2026-09-20,,10
4012,1065,1,2026-01-13,2026-02-23,41
4013,1065,2,2026-02-23,2026-03-16,21
4014,1065,3,2026-03-16,2026-04-24,39
4015,1065,4,2026-04-24,2026-05-25,31
4016,1066,1,2026-07-27,2026-08-10,14
4017,1066,2,2026-08-10,2026-09-03,24
4018,1066,3,2026-09-03,2026-09-20,17
4019,1066,4,2026-09-20,,10
4020,1067,1,2025-01-14,2025-02-08,25
4021,1067,2,2025-02-08,2025-02-18,10
4022,1067,3,2025-02-18,2025-02-27,9
4023,1067,4,2025-02-27,2025-03-13,14
4024,1067,5,2025-03-13,2025-03-21,8
4025,1068,1,2025-12-18,2026-01-04,17
4026,1068,2,2026-01-04,2026-01-29,25
4027,1069,1,2025-11-24,2025-12-06,12
4028,1069,2,2025-12-06,2025-12-18,12
4029,1069,3,2025-12-18,2026-01-10,23
4030,1069,4,2026-01-10,2026-01-17,7
4031,1069,5,2026-01-17,2026-02-13,27
4032,1070,1,2025-07-23,2025-08-17,25
4033,1070,2,2025-08-17,2025-09-11,25
4034,1070,3,2025-09-11,2025-09-25,14
4035,1070,4,2025-09-25,2025-10-13,18
4036,1070,5,2025-10-13,2025-10-22,9
4037,1071,1,2025-06-23,2025-06-30,7
4038,1071,2,2025-06-30,2025-07-22,22
4039,1071,3,2025-07-22,2025-08-10,19
4040,1071,4,2025-08-10,2025-08-17,7
4041,1072,1,2025-01-28,2025-02-08,11
4042,1072,2,2025-02-08,2025-02-19,11
4043,1072,3,2025-02-19,2025-02-25,6
4044,1073,1,2025-11-23,2025-12-08,15
4045,1073,2,2025-12-08,2026-01-02,25
4046,1073,3,2026-01-02,2026-01-23,21
4047,1073,4,2026-01-23,2026-01-29,6
4048,1073,5,2026-01-29,2026-02-03,5
4049,1074,1,2025-05-22,2025-05-29,7
4050,1074,2,2025-05-29,2025-06-07,9
4051,1074,3,2025-06-07,2025-06-25,18
4052,1074,4,2025-06-25,2025-07-20,25
4053,1074,5,2025-07-20,2025-07-25,5
4054,1075,1,2026-05-09,2026-06-02,24
4055,1075,2,2026-06-02,2026-06-08,6
4056,1075,3,2026-06-08,2026-06-21,13
4057,1075,4,2026-06-21,2026-07-06,15
4058,1075,5,2026-07-06,2026-07-18,12
4059,1076,1,2026-02-01,2026-02-24,23
4060,1077,1,2025-04-18,2025-05-11,23
4061,1077,2,2025-05-11,2025-05-28,17
4062,1077,3,2025-05-28,2025-06-11,14
4063,1077,4,2025-06-11,2025-07-04,23
4064,1078,1,2026-02-09,2026-02-14,5
4065,1078,2,2026-02-14,2026-02-25,11
4066,1078,3,2026-02-25,2026-03-05,8
4067,1078,4,2026-03-05,2026-03-21,16
4068,1078,5,2026-03-21,2026-04-17,27
4069,1079,1,2026-06-06,2026-06-28,22
4070,1079,2,2026-06-28,2026-07-21,23
4071,1079,3,2026-07-21,2026-08-05,15
4072,1079,4,2026-08-05,2026-08-10,5
4073,1079,5,2026-08-10,2026-08-15,5
4074,1080,1,2026-06-12,2026-06-23,11
4075,1080,2,2026-06-23,2026-07-10,17
4076,1080,3,2026-07-10,2026-07-25,15
4077,1080,4,2026-07-25,2026-08-04,10
4078,1080,5,2026-08-04,2026-08-27,23
4079,1081,1,2025-12-06,2025-12-22,16
4080,1081,2,2025-12-22,2026-01-12,21
4081,1081,3,2026-01-12,2026-01-17,5
4082,1081,4,2026-01-17,2026-02-11,25
4083,1082,1,2025-01-31,2025-02-17,17
4084,1082,2,2025-02-17,2025-03-05,16
4085,1082,3,2025-03-05,2025-03-23,18
4086,1082,4,2025-03-23,2025-03-29,6
4087,1082,5,2025-03-29,2025-04-14,16
4088,1083,1,2025-10-02,2025-10-13,11
4089,1083,2,2025-10-13,2025-11-09,27
4090,1083,3,2025-11-09,2025-11-20,11
4091,1083,4,2025-11-20,2025-11-29,9
4092,1083,5,2025-11-29,2025-12-26,27
4093,1084,1,2025-12-14,2026-01-04,21
4094,1084,2,2026-01-04,2026-01-28,24
4095,1084,3,2026-01-28,2026-02-06,9
4096,1085,1,2026-06-04,2026-07-02,28
4097,1085,2,2026-07-02,2026-07-29,27
4098,1085,3,2026-07-29,2026-08-19,21
4099,1085,4,2026-08-19,2026-09-17,29
4100,1085,5,2026-09-17,,13
4101,1086,1,2025-06-11,2025-06-18,7
4102,1086,2,2025-06-18,2025-06-24,6
4103,1086,3,2025-06-24,2025-06-29,5
4104,1086,4,2025-06-29,2025-07-21,22
4105,1086,5,2025-07-21,2025-07-28,7
4106,1087,1,2025-09-16,2025-10-06,20
4107,1087,2,2025-10-06,2025-10-31,25
4108,1087,3,2025-10-31,2025-11-20,20
4109,1087,4,2025-11-20,2025-11-28,8
4110,1087,5,2025-11-28,2025-12-25,27
4111,1088,1,2025-06-07,2025-06-24,17
4112,1088,2,2025-06-24,2025-07-16,22
4113,1088,3,2025-07-16,2025-08-10,25
4114,1088,4,2025-08-10,2025-08-31,21
4115,1088,5,2025-08-31,2025-09-08,8
4116,1089,1,2025-12-18,2026-01-13,26
4117,1089,2,2026-01-13,2026-01-25,12
4118,1089,3,2026-01-25,2026-02-19,25
4119,1090,1,2025-05-01,2025-05-30,29
4120,1090,2,2025-05-30,2025-06-26,27
4121,1090,3,2025-06-26,2025-08-06,41
4122,1090,4,2025-08-06,2025-08-26,20
4123,1090,5,2025-08-26,2025-09-20,25
4124,1091,1,2025-04-15,2025-05-05,20
4125,1091,2,2025-05-05,2025-05-10,5
4126,1091,3,2025-05-10,2025-06-06,27
4127,1092,1,2026-06-28,2026-07-09,11
4128,1092,2,2026-07-09,2026-08-01,23
4129,1092,3,2026-08-01,2026-08-25,24
4130,1092,4,2026-08-25,2026-09-03,9
4131,1092,5,2026-09-03,2026-09-24,21
4132,1093,1,2026-04-02,2026-04-29,27
4133,1093,2,2026-04-29,2026-05-08,9
4134,1093,3,2026-05-08,2026-05-16,8
4135,1093,4,2026-05-16,2026-05-29,13
4136,1093,5,2026-05-29,2026-06-09,11
4137,1094,1,2025-07-05,2025-07-25,20
4138,1094,2,2025-07-25,2025-08-10,16
4139,1094,3,2025-08-10,2025-08-27,17
4140,1094,4,2025-08-27,2025-09-06,10
4141,1094,5,2025-09-06,2025-09-19,13
4142,1095,1,2025-12-10,2025-12-15,5
4143,1095,2,2025-12-15,2026-01-06,22
4144,1095,3,2026-01-06,2026-01-17,11
4145,1096,1,2025-05-21,2025-06-08,18
4146,1096,2,2025-06-08,2025-06-29,21
4147,1096,3,2025-06-29,2025-07-09,10
4148,1096,4,2025-07-09,2025-07-16,7
4149,1096,5,2025-07-16,2025-08-12,27
4150,1097,1,2026-04-08,2026-05-02,24
4151,1097,2,2026-05-02,2026-05-27,25
4152,1097,3,2026-05-27,2026-06-12,16
4153,1097,4,2026-06-12,2026-06-21,9
4154,1097,5,2026-06-21,2026-07-14,23
4155,1098,1,2025-11-10,2025-12-02,22
4156,1098,2,2025-12-02,2025-12-25,23
4157,1099,1,2025-02-27,2025-04-02,34
4158,1099,2,2025-04-02,2025-04-26,24
4159,1099,3,2025-04-26,2025-06-04,39
4160,1099,4,2025-06-04,2025-07-02,28
4161,1100,1,2026-04-22,2026-05-07,15
4162,1100,2,2026-05-07,2026-05-19,12
4163,1100,3,2026-05-19,2026-05-29,10
4164,1100,4,2026-05-29,2026-06-16,18
4165,1100,5,2026-06-16,2026-06-21,5
4166,1101,1,2025-11-14,2025-11-23,9
4167,1101,2,2025-11-23,2025-12-03,10
4168,1101,3,2025-12-03,2025-12-13,10
4169,1101,4,2025-12-13,2026-01-02,20
4170,1101,5,2026-01-02,2026-01-27,25
4171,1102,1,2026-05-24,2026-06-22,29
4172,1102,2,2026-06-22,2026-07-26,34
4173,1103,1,2025-09-06,2025-10-02,26
4174,1103,2,2025-10-02,2025-10-27,25
4175,1103,3,2025-10-27,2025-11-23,27
4176,1103,4,2025-11-23,2025-12-18,25
4177,1104,1,2025-10-06,2025-10-18,12
4178,1104,2,2025-10-18,2025-11-04,17
4179,1104,3,2025-11-04,2025-11-10,6
4180,1104,4,2025-11-10,2025-11-18,8
4181,1104,5,2025-11-18,2025-12-09,21
4182,1105,1,2026-06-05,2026-06-29,24
4183,1105,2,2026-06-29,2026-07-12,13
4184,1105,3,2026-07-12,2026-07-29,17
4185,1105,4,2026-07-29,2026-08-17,19
4186,1105,5,2026-08-17,2026-09-08,22
4187,1106,1,2025-01-28,2025-02-02,5
4188,1106,2,2025-02-02,2025-02-09,7
4189,1106,3,2025-02-09,2025-02-26,17
4190,1106,4,2025-02-26,2025-03-10,12
4191,1106,5,2025-03-10,2025-03-17,7
4192,1107,1,2025-04-28,2025-05-12,14
4193,1107,2,2025-05-12,2025-05-25,13
4194,1107,3,2025-05-25,2025-05-30,5
4195,1108,1,2025-06-02,2025-06-21,19
4196,1108,2,2025-06-21,2025-06-27,6
4197,1108,3,2025-06-27,2025-07-15,18
4198,1108,4,2025-07-15,2025-08-04,20
4199,1109,1,2026-08-31,2026-09-18,18
4200,1109,2,2026-09-18,,12
4201,1110,1,2026-01-26,2026-02-17,22
4202,1110,2,2026-02-17,2026-02-23,6
4203,1110,3,2026-02-23,2026-03-08,13
4204,1110,4,2026-03-08,2026-04-03,26
4205,1110,5,2026-04-03,2026-04-11,8
4206,1111,1,2025-01-20,2025-02-09,20
4207,1111,2,2025-02-09,2025-02-27,18
4208,1111,3,2025-02-27,2025-03-18,19
4209,1112,1,2025-07-19,2025-08-02,14
4210,1112,2,2025-08-02,2025-08-14,12
4211,1112,3,2025-08-14,2025-08-27,13
4212,1112,4,2025-08-27,2025-09-13,17
4213,1112,5,2025-09-13,2025-09-21,8
4214,1113,1,2026-08-29,2026-09-12,14
4215,1113,2,2026-09-12,,18
4216,1114,1,2026-09-04,2026-09-14,10
4217,1114,2,2026-09-14,2026-09-30,16
4218,1114,3,2026-09-30,,0
4219,1115,1,2026-05-29,2026-06-22,24
4220,1115,2,2026-06-22,2026-06-28,6
4221,1115,3,2026-06-28,2026-07-04,6
4222,1115,4,2026-07-04,2026-07-14,10
4223,1115,5,2026-07-14,2026-08-03,20
4224,1116,1,2026-08-25,2026-09-18,24
4225,1116,2,2026-09-18,,12
4226,1117,1,2026-07-31,2026-08-17,17
4227,1117,2,2026-08-17,2026-08-23,6
4228,1117,3,2026-08-23,2026-08-29,6
4229,1117,4,2026-08-29,2026-09-06,8
4230,1118,1,2025-03-11,2025-04-21,41
4231,1118,2,2025-04-21,2025-05-29,38
4232,1118,3,2025-05-29,2025-06-25,27
4233,1118,4,2025-06-25,2025-08-05,41
4234,1118,5,2025-08-05,2025-08-26,21
4235,1119,1,2025-10-03,2025-10-27,24
4236,1119,2,2025-10-27,2025-11-11,15
4237,1119,3,2025-11-11,2025-11-16,5
4238,1119,4,2025-11-16,2025-11-21,5
4239,1119,5,2025-11-21,2025-12-09,18
4240,1120,1,2025-09-11,2025-09-23,12
4241,1120,2,2025-09-23,2025-10-14,21
4242,1120,3,2025-10-14,2025-11-05,22
4243,1120,4,2025-11-05,2025-11-29,24
4244,1120,5,2025-11-29,2025-12-15,16
4245,1121,1,2026-01-15,2026-01-22,7
4246,1121,2,2026-01-22,2026-01-29,7
4247,1122,1,2026-04-14,2026-05-10,26
4248,1122,2,2026-05-10,2026-05-18,8
4249,1122,3,2026-05-18,2026-06-03,16
4250,1122,4,2026-06-03,2026-06-30,27
4251,1122,5,2026-06-30,2026-07-10,10
4252,1123,1,2026-08-23,2026-09-02,10
4253,1123,2,2026-09-02,2026-09-15,13
4254,1123,3,2026-09-15,,15
4255,1124,1,2025-03-18,2025-04-14,27
4256,1124,2,2025-04-14,2025-05-07,23
4257,1124,3,2025-05-07,2025-06-18,42
4258,1124,4,2025-06-18,2025-07-27,39
4259,1124,5,2025-07-27,2025-09-07,42
4260,1125,1,2025-12-24,2026-01-20,27
4261,1125,2,2026-01-20,2026-01-26,6
4262,1125,3,2026-01-26,2026-02-20,25
4263,1125,4,2026-02-20,2026-03-13,21
4264,1125,5,2026-03-13,2026-03-29,16
4265,1126,1,2025-07-25,2025-08-12,18
4266,1126,2,2025-08-12,2025-08-18,6
4267,1126,3,2025-08-18,2025-08-30,12
4268,1126,4,2025-08-30,2025-09-13,14
4269,1126,5,2025-09-13,2025-09-26,13
4270,1127,1,2025-08-04,2025-08-14,10
4271,1127,2,2025-08-14,2025-08-23,9
4272,1127,3,2025-08-23,2025-09-02,10
4273,1127,4,2025-09-02,2025-09-16,14
4274,1127,5,2025-09-16,2025-09-22,6
4275,1128,1,2025-06-14,2025-07-02,18
4276,1128,2,2025-07-02,2025-07-18,16
4277,1128,3,2025-07-18,2025-07-24,6
4278,1128,4,2025-07-24,2025-08-02,9
4279,1128,5,2025-08-02,2025-08-19,17
4280,1129,1,2025-02-08,2025-02-19,11
4281,1129,2,2025-02-19,2025-03-08,17
4282,1129,3,2025-03-08,2025-03-31,23
4283,1129,4,2025-03-31,2025-04-05,5
4284,1129,5,2025-04-05,2025-04-13,8
4285,1130,1,2025-06-18,2025-07-09,21
4286,1130,2,2025-07-09,2025-07-16,7
4287,1130,3,2025-07-16,2025-07-21,5
4288,1130,4,2025-07-21,2025-08-09,19
4289,1130,5,2025-08-09,2025-08-14,5
4290,1131,1,2025-04-10,2025-04-27,17
4291,1131,2,2025-04-27,2025-05-21,24
4292,1132,1,2025-06-24,2025-07-09,15
4293,1132,2,2025-07-09,2025-07-19,10
4294,1132,3,2025-07-19,2025-08-02,14
4295,1132,4,2025-08-02,2025-08-19,17
4296,1132,5,2025-08-19,2025-09-06,18
4297,1133,1,2025-10-12,2025-10-23,11
4298,1133,2,2025-10-23,2025-11-16,24
4299,1133,3,2025-11-16,2025-11-24,8
4300,1133,4,2025-11-24,2025-12-15,21
4301,1133,5,2025-12-15,2025-12-21,6
4302,1134,1,2025-07-10,2025-07-31,21
4303,1134,2,2025-07-31,2025-08-19,19
4304,1134,3,2025-08-19,2025-09-13,25
4305,1134,4,2025-09-13,2025-09-27,14
4306,1134,5,2025-09-27,2025-10-10,13
4307,1135,1,2026-05-08,2026-05-13,5
4308,1135,2,2026-05-13,2026-06-04,22
4309,1136,1,2026-05-29,2026-06-14,16
4310,1136,2,2026-06-14,2026-06-27,13
4311,1136,3,2026-06-27,2026-07-15,18
4312,1137,1,2025-04-21,2025-05-18,27
4313,1137,2,2025-05-18,2025-06-14,27
4314,1137,3,2025-06-14,2025-06-26,12
4315,1138,1,2025-05-01,2025-05-28,27
4316,1138,2,2025-05-28,2025-06-26,29
4317,1138,3,2025-06-26,2025-07-31,35
4318,1138,4,2025-07-31,2025-09-03,34
4319,1139,1,2025-02-27,2025-03-15,16
4320,1139,2,2025-03-15,2025-03-23,8
4321,1140,1,2025-02-24,2025-03-12,16
4322,1140,2,2025-03-12,2025-04-08,27
4323,1140,3,2025-04-08,2025-05-01,23
4324,1140,4,2025-05-01,2025-05-18,17
4325,1140,5,2025-05-18,2025-06-11,24
4326,1141,1,2025-10-13,2025-10-26,13
4327,1142,1,2026-09-05,2026-09-20,15
4328,1142,2,2026-09-20,,10
4329,1143,1,2025-09-08,2025-09-30,22
4330,1143,2,2025-09-30,2025-10-23,23
4331,1143,3,2025-10-23,2025-10-30,7
4332,1144,1,2026-08-03,2026-08-11,8
4333,1144,2,2026-08-11,2026-08-17,6
4334,1145,1,2026-06-25,2026-07-30,35
4335,1145,2,2026-07-30,2026-08-21,22
4336,1145,3,2026-08-21,2026-09-25,35
4337,1145,4,2026-09-25,,5
4338,1146,1,2025-03-19,2025-04-18,30
4339,1146,2,2025-04-18,2025-05-13,25
4340,1146,3,2025-05-13,2025-06-02,20
4341,1147,1,2025-12-03,2026-01-10,38
4342,1147,2,2026-01-10,2026-02-12,33
4343,1147,3,2026-02-12,2026-03-20,36
4344,1147,4,2026-03-20,2026-04-23,34
4345,1147,5,2026-04-23,2026-05-28,35
4346,1148,1,2025-06-26,2025-07-02,6
4347,1148,2,2025-07-02,2025-07-22,20
4348,1148,3,2025-07-22,2025-07-31,9
4349,1148,4,2025-07-31,2025-08-13,13
4350,1148,5,2025-08-13,2025-08-23,10
4351,1149,1,2026-08-06,2026-08-14,8
4352,1150,1,2026-01-11,2026-01-17,6
4353,1150,2,2026-01-17,2026-01-23,6
4354,1150,3,2026-01-23,2026-02-11,19
4355,1150,4,2026-02-11,2026-02-28,17
4356,1151,1,2026-08-04,2026-08-27,23
4357,1151,2,2026-08-27,2026-09-05,9
4358,1151,3,2026-09-05,2026-09-24,19
4359,1151,4,2026-09-24,,6
4360,1152,1,2026-08-28,2026-09-12,15
4361,1152,2,2026-09-12,2026-09-22,10
4362,1152,3,2026-09-22,2026-09-30,8
4363,1152,4,2026-09-30,,0
4364,1153,1,2025-04-10,2025-04-17,7
4365,1153,2,2025-04-17,2025-05-12,25
4366,1153,3,2025-05-12,2025-05-28,16
4367,1153,4,2025-05-28,2025-06-13,16
4368,1153,5,2025-06-13,2025-07-03,20
4369,1154,1,2025-10-31,2025-12-11,41
4370,1154,2,2025-12-11,2026-01-21,41
4371,1154,3,2026-01-21,2026-02-28,38
4372,1154,4,2026-02-28,2026-03-30,30
4373,1154,5,2026-03-30,2026-04-23,24
4374,1155,1,2025-05-26,2025-06-16,21
4375,1155,2,2025-06-16,2025-06-29,13
4376,1155,3,2025-06-29,2025-07-14,15
4377,1155,4,2025-07-14,2025-07-24,10
4378,1155,5,2025-07-24,2025-08-17,24
4379,1156,1,2025-10-25,2025-11-24,30
4380,1157,1,2026-02-22,2026-03-14,20
4381,1157,2,2026-03-14,2026-04-07,24
4382,1157,3,2026-04-07,2026-04-23,16
4383,1157,4,2026-04-23,2026-05-13,20
4384,1157,5,2026-05-13,2026-05-25,12
4385,1158,1,2026-01-16,2026-01-26,10
4386,1158,2,2026-01-26,2026-02-01,6
4387,1158,3,2026-02-01,2026-02-08,7
4388,1158,4,2026-02-08,2026-02-15,7
4389,1159,1,2025-08-27,2025-09-17,21
4390,1159,2,2025-09-17,2025-09-29,12
4391,1160,1,2025-03-30,2025-04-26,27
4392,1160,2,2025-04-26,2025-05-03,7
4393,1160,3,2025-05-03,2025-05-08,5
4394,1160,4,2025-05-08,2025-06-03,26
4395,1161,1,2026-08-11,2026-08-20,9
4396,1161,2,2026-08-20,2026-09-16,27
4397,1161,3,2026-09-16,2026-09-24,8
4398,1161,4,2026-09-24,,6
4399,1162,1,2025-01-12,2025-01-22,10
4400,1162,2,2025-01-22,2025-01-30,8
4401,1162,3,2025-01-30,2025-02-14,15
4402,1162,4,2025-02-14,2025-02-19,5
4403,1162,5,2025-02-19,2025-03-09,18
4404,1163,1,2025-01-18,2025-02-03,16
4405,1163,2,2025-02-03,2025-03-02,27
4406,1163,3,2025-03-02,2025-03-20,18
4407,1163,4,2025-03-20,2025-04-14,25
4408,1163,5,2025-04-14,2025-05-03,19
4409,1164,1,2025-02-03,2025-02-27,24
4410,1164,2,2025-02-27,2025-03-14,15
4411,1165,1,2025-07-01,2025-08-02,32
4412,1165,2,2025-08-02,2025-08-28,26
4413,1165,3,2025-08-28,2025-09-30,33
4414,1165,4,2025-09-30,2025-11-10,41
4415,1165,5,2025-11-10,2025-12-02,22
4416,1166,1,2026-04-06,2026-04-22,16
4417,1166,2,2026-04-22,2026-05-04,12
4418,1166,3,2026-05-04,2026-05-17,13
4419,1166,4,2026-05-17,2026-05-29,12
4420,1167,1,2026-05-11,2026-05-26,15
4421,1167,2,2026-05-26,2026-06-03,8
4422,1168,1,2026-01-19,2026-01-30,11
4423,1168,2,2026-01-30,2026-02-23,24
4424,1168,3,2026-02-23,2026-03-04,9
4425,1168,4,2026-03-04,2026-03-20,16
4426,1169,1,2025-07-27,2025-08-11,15
4427,1169,2,2025-08-11,2025-09-07,27
4428,1169,3,2025-09-07,2025-09-18,11
4429,1169,4,2025-09-18,2025-10-07,19
4430,1170,1,2026-04-13,2026-05-01,18
4431,1170,2,2026-05-01,2026-05-07,6
4432,1171,1,2025-12-14,2025-12-28,14
4433,1171,2,2025-12-28,2026-01-19,22
4434,1171,3,2026-01-19,2026-01-31,12
4435,1171,4,2026-01-31,2026-02-11,11
4436,1171,5,2026-02-11,2026-03-02,19
4437,1172,1,2026-04-17,2026-05-05,18
4438,1173,1,2026-01-31,2026-02-14,14
4439,1173,2,2026-02-14,2026-02-27,13
4440,1173,3,2026-02-27,2026-03-11,12
4441,1173,4,2026-03-11,2026-04-06,26
4442,1173,5,2026-04-06,2026-04-28,22
4443,1174,1,2026-08-24,2026-09-11,18
4444,1174,2,2026-09-11,,19
4445,1175,1,2025-04-13,2025-05-03,20
4446,1175,2,2025-05-03,2025-05-09,6
4447,1175,3,2025-05-09,2025-05-30,21
4448,1176,1,2026-03-29,2026-04-23,25
4449,1176,2,2026-04-23,2026-05-12,19
4450,1176,3,2026-05-12,2026-05-23,11
4451,1176,4,2026-05-23,2026-06-18,26
4452,1176,5,2026-06-18,2026-06-28,10
4453,1177,1,2026-05-20,2026-06-10,21
4454,1177,2,2026-06-10,2026-06-15,5
4455,1177,3,2026-06-15,2026-06-26,11
4456,1177,4,2026-06-26,2026-07-22,26
4457,1177,5,2026-07-22,2026-07-31,9
4458,1178,1,2025-11-12,2025-11-21,9
4459,1179,1,2025-10-09,2025-10-20,11
4460,1179,2,2025-10-20,2025-11-09,20
4461,1179,3,2025-11-09,2025-11-27,18
4462,1179,4,2025-11-27,2025-12-20,23
4463,1179,5,2025-12-20,2025-12-25,5
4464,1180,1,2026-06-18,2026-07-14,26
4465,1180,2,2026-07-14,2026-08-01,18
4466,1180,3,2026-08-01,2026-08-16,15
4467,1180,4,2026-08-16,2026-08-24,8
4468,1180,5,2026-08-24,2026-08-31,7
4469,1181,1,2025-02-21,2025-03-01,8
4470,1181,2,2025-03-01,2025-03-12,11
4471,1181,3,2025-03-12,2025-03-29,17
4472,1181,4,2025-03-29,2025-04-24,26
4473,1181,5,2025-04-24,2025-05-13,19
4474,1182,1,2026-08-15,2026-08-30,15
4475,1182,2,2026-08-30,2026-09-18,19
4476,1182,3,2026-09-18,,12
4477,1183,1,2026-07-08,2026-07-29,21
4478,1183,2,2026-07-29,2026-08-22,24
4479,1184,1,2025-07-20,2025-08-07,18
4480,1184,2,2025-08-07,2025-08-30,23
4481,1184,3,2025-08-30,2025-09-25,26
4482,1184,4,2025-09-25,2025-09-30,5
4483,1184,5,2025-09-30,2025-10-09,9
4484,1185,1,2026-03-11,2026-03-25,14
4485,1185,2,2026-03-25,2026-04-18,24
4486,1185,3,2026-04-18,2026-04-23,5
4487,1185,4,2026-04-23,2026-05-13,20
4488,1185,5,2026-05-13,2026-05-22,9
4489,1186,1,2025-11-25,2026-01-06,42
4490,1186,2,2026-01-06,2026-02-11,36
4491,1186,3,2026-02-11,2026-03-04,21
4492,1186,4,2026-03-04,2026-04-14,41
4493,1186,5,2026-04-14,2026-05-18,34
4494,1187,1,2025-08-01,2025-08-24,23
4495,1187,2,2025-08-24,2025-09-06,13
4496,1187,3,2025-09-06,2025-09-18,12
4497,1187,4,2025-09-18,2025-10-05,17
4498,1187,5,2025-10-05,2025-10-24,19
4499,1188,1,2025-04-28,2025-05-11,13
4500,1188,2,2025-05-11,2025-05-17,6
4501,1188,3,2025-05-17,2025-06-01,15
4502,1189,1,2025-07-31,2025-08-27,27
4503,1189,2,2025-08-27,2025-09-13,17
4504,1189,3,2025-09-13,2025-10-09,26
4505,1189,4,2025-10-09,2025-10-24,15
4506,1189,5,2025-10-24,2025-11-04,11
4507,1190,1,2025-10-09,2025-10-15,6
4508,1190,2,2025-10-15,2025-10-29,14
4509,1190,3,2025-10-29,2025-11-12,14
4510,1190,4,2025-11-12,2025-11-21,9
4511,1190,5,2025-11-21,2025-12-09,18
4512,1191,1,2025-09-28,2025-10-19,21
4513,1191,2,2025-10-19,2025-11-22,34
4514,1191,3,2025-11-22,2025-12-20,28
4515,1191,4,2025-12-20,2026-01-10,21
4516,1191,5,2026-01-10,2026-02-15,36
4517,1192,1,2025-02-15,2025-02-20,5
4518,1192,2,2025-02-20,2025-03-18,26
4519,1192,3,2025-03-18,2025-04-05,18
4520,1192,4,2025-04-05,2025-04-11,6
4521,1192,5,2025-04-11,2025-05-07,26
4522,1193,1,2025-12-09,2026-01-02,24
4523,1194,1,2025-10-09,2025-10-17,8
4524,1194,2,2025-10-17,2025-11-13,27
4525,1194,3,2025-11-13,2025-11-29,16
4526,1194,4,2025-11-29,2025-12-18,19
4527,1194,5,2025-12-18,2026-01-01,14
4528,1195,1,2025-09-05,2025-09-14,9
4529,1195,2,2025-09-14,2025-10-07,23
4530,1195,3,2025-10-07,2025-10-16,9
4531,1195,4,2025-10-16,2025-11-07,22
4532,1195,5,2025-11-07,2025-11-17,10
4533,1196,1,2025-03-15,2025-04-11,27
4534,1196,2,2025-04-11,2025-05-08,27
4535,1196,3,2025-05-08,2025-05-24,16
4536,1196,4,2025-05-24,2025-06-17,24
4537,1197,1,2025-09-15,2025-09-23,8
4538,1197,2,2025-09-23,2025-09-28,5
4539,1197,3,2025-09-28,2025-10-12,14
4540,1197,4,2025-10-12,2025-10-19,7
4541,1197,5,2025-10-19,2025-10-27,8
4542,1198,1,2026-01-07,2026-01-30,23
4543,1198,2,2026-01-30,2026-02-22,23
4544,1198,3,2026-02-22,2026-03-20,26
4545,1198,4,2026-03-20,2026-03-31,11
4546,1198,5,2026-03-31,2026-04-25,25
4547,1199,1,2026-08-15,2026-09-08,24
4548,1199,2,2026-09-08,,22
4549,1200,1,2025-07-18,2025-07-23,5
4550,1200,2,2025-07-23,2025-08-04,12
4551,1200,3,2025-08-04,2025-08-13,9
4552,1200,4,2025-08-13,2025-08-28,15
4553,1200,5,2025-08-28,2025-09-18,21
4554,1201,1,2026-09-06,,24
4555,1202,1,2025-09-06,2025-09-23,17
4556,1202,2,2025-09-23,2025-10-06,13
4557,1203,1,2026-07-23,2026-08-07,15
4558,1203,2,2026-08-07,2026-08-17,10
4559,1203,3,2026-08-17,2026-08-29,12
4560,1203,4,2026-08-29,2026-09-10,12
4561,1203,5,2026-09-10,2026-09-22,12
4562,1204,1,2026-03-11,2026-03-29,18
4563,1204,2,2026-03-29,2026-04-24,26
4564,1204,3,2026-04-24,2026-05-03,9
4565,1204,4,2026-05-03,2026-05-09,6
4566,1204,5,2026-05-09,2026-06-02,24
4567,1205,1,2026-05-20,2026-06-06,17
4568,1205,2,2026-06-06,2026-06-22,16
4569,1205,3,2026-06-22,2026-06-28,6
4570,1205,4,2026-06-28,2026-07-25,27
4571,1205,5,2026-07-25,2026-08-02,8
4572,1206,1,2026-01-19,2026-02-01,13
4573,1207,1,2026-05-23,2026-06-07,15
4574,1207,2,2026-06-07,2026-06-15,8
4575,1208,1,2025-02-06,2025-03-19,41
4576,1208,2,2025-03-19,2025-04-15,27
4577,1209,1,2025-02-18,2025-03-01,11
4578,1209,2,2025-03-01,2025-03-20,19
4579,1209,3,2025-03-20,2025-04-04,15
4580,1209,4,2025-04-04,2025-04-15,11
4581,1209,5,2025-04-15,2025-04-21,6
4582,1210,1,2026-03-03,2026-03-22,19
4583,1210,2,2026-03-22,2026-03-27,5
4584,1210,3,2026-03-27,2026-04-08,12
4585,1210,4,2026-04-08,2026-04-22,14
4586,1210,5,2026-04-22,2026-05-05,13
4587,1211,1,2025-04-11,2025-05-03,22
4588,1211,2,2025-05-03,2025-05-27,24
4589,1211,3,2025-05-27,2025-06-11,15
4590,1211,4,2025-06-11,2025-06-22,11
4591,1211,5,2025-06-22,2025-06-28,6
4592,1212,1,2025-05-06,2025-05-27,21
4593,1212,2,2025-05-27,2025-06-29,33
4594,1212,3,2025-06-29,2025-07-30,31
4595,1212,4,2025-07-30,2025-09-08,40
4596,1212,5,2025-09-08,2025-09-29,21
4597,1213,1,2025-08-01,2025-08-23,22
4598,1213,2,2025-08-23,2025-08-30,7
4599,1214,1,2025-12-19,2026-01-03,15
4600,1214,2,2026-01-03,2026-01-18,15
4601,1215,1,2025-10-24,2025-10-31,7
4602,1215,2,2025-10-31,2025-11-05,5
4603,1215,3,2025-11-05,2025-11-26,21
4604,1215,4,2025-11-26,2025-12-05,9
4605,1215,5,2025-12-05,2025-12-29,24
4606,1216,1,2025-07-22,2025-08-03,12
4607,1216,2,2025-08-03,2025-08-10,7
4608,1216,3,2025-08-10,2025-08-16,6
4609,1216,4,2025-08-16,2025-09-06,21
4610,1216,5,2025-09-06,2025-09-16,10
4611,1217,1,2026-05-06,2026-06-08,33
4612,1217,2,2026-06-08,2026-06-28,20
4613,1217,3,2026-06-28,2026-07-19,21
4614,1217,4,2026-07-19,2026-08-12,24
4615,1217,5,2026-08-12,2026-09-09,28
4616,1218,1,2025-02-26,2025-03-21,23
4617,1218,2,2025-03-21,2025-04-12,22
4618,1218,3,2025-04-12,2025-05-07,25
4619,1218,4,2025-05-07,2025-05-28,21
4620,1219,1,2026-08-01,2026-08-21,20
4621,1219,2,2026-08-21,2026-09-16,26
4622,1219,3,2026-09-16,2026-09-30,14
4623,1219,4,2026-09-30,,0
4624,1220,1,2026-01-29,2026-02-11,13
4625,1220,2,2026-02-11,2026-02-24,13
4626,1220,3,2026-02-24,2026-03-05,9
4627,1220,4,2026-03-05,2026-03-13,8
4628,1220,5,2026-03-13,2026-04-04,22
4629,1221,1,2026-06-14,2026-06-30,16
4630,1221,2,2026-06-30,2026-07-23,23
4631,1221,3,2026-07-23,2026-08-17,25
4632,1222,1,2025-09-11,2025-10-02,21
4633,1222,2,2025-10-02,2025-10-13,11
4634,1222,3,2025-10-13,2025-11-09,27
4635,1223,1,2025-04-12,2025-05-22,40
4636,1223,2,2025-05-22,2025-06-20,29
4637,1223,3,2025-06-20,2025-07-17,27
4638,1223,4,2025-07-17,2025-08-25,39
4639,1223,5,2025-08-25,2025-09-23,29
4640,1224,1,2026-07-22,2026-08-08,17
4641,1224,2,2026-08-08,2026-09-01,24
4642,1224,3,2026-09-01,2026-09-19,18
4643,1224,4,2026-09-19,2026-09-25,6
4644,1224,5,2026-09-25,,5
4645,1225,1,2025-09-29,2025-10-20,21
4646,1225,2,2025-10-20,2025-11-07,18
4647,1225,3,2025-11-07,2025-11-12,5
4648,1225,4,2025-11-12,2025-11-22,10
4649,1225,5,2025-11-22,2025-11-27,5
4650,1226,1,2025-09-04,2025-09-27,23
4651,1226,2,2025-09-27,2025-10-03,6
4652,1226,3,2025-10-03,2025-10-25,22
4653,1226,4,2025-10-25,2025-11-01,7
4654,1226,5,2025-11-01,2025-11-17,16
4655,1227,1,2026-07-06,2026-07-25,19
4656,1227,2,2026-07-25,2026-08-12,18
4657,1227,3,2026-08-12,2026-09-04,23
4658,1228,1,2025-10-15,2025-11-04,20
4659,1228,2,2025-11-04,2025-11-11,7
4660,1228,3,2025-11-11,2025-11-23,12
4661,1229,1,2026-04-07,2026-04-18,11
4662,1230,1,2025-02-26,2025-03-16,18
4663,1230,2,2025-03-16,2025-04-10,25
4664,1230,3,2025-04-10,2025-05-01,21
4665,1230,4,2025-05-01,2025-05-11,10
4666,1230,5,2025-05-11,2025-05-22,11
4667,1231,1,2025-09-08,2025-09-28,20
4668,1231,2,2025-09-28,2025-10-07,9
4669,1231,3,2025-10-07,2025-10-12,5
4670,1231,4,2025-10-12,2025-10-30,18
4671,1231,5,2025-10-30,2025-11-18,19
4672,1232,1,2025-09-17,2025-10-08,21
4673,1232,2,2025-10-08,2025-11-12,35
4674,1232,3,2025-11-12,2025-12-16,34
4675,1232,4,2025-12-16,2026-01-21,36
4676,1232,5,2026-01-21,2026-02-14,24
4677,1233,1,2026-01-25,2026-01-31,6
4678,1233,2,2026-01-31,2026-02-26,26
4679,1233,3,2026-02-26,2026-03-15,17
4680,1233,4,2026-03-15,2026-04-07,23
4681,1233,5,2026-04-07,2026-04-20,13
4682,1234,1,2025-12-19,2026-01-01,13
4683,1234,2,2026-01-01,2026-01-16,15
4684,1234,3,2026-01-16,2026-01-22,6
4685,1234,4,2026-01-22,2026-02-16,25
4686,1234,5,2026-02-16,2026-03-02,14
4687,1235,1,2025-12-01,2025-12-07,6
4688,1235,2,2025-12-07,2025-12-31,24
4689,1235,3,2025-12-31,2026-01-06,6
4690,1236,1,2025-05-31,2025-06-06,6
4691,1236,2,2025-06-06,2025-06-24,18
4692,1236,3,2025-06-24,2025-07-09,15
4693,1236,4,2025-07-09,2025-07-16,7
4694,1237,1,2025-11-05,2025-12-09,34
4695,1237,2,2025-12-09,2026-01-03,25
4696,1238,1,2025-03-25,2025-05-04,40
4697,1238,2,2025-05-04,2025-05-25,21
4698,1239,1,2025-06-17,2025-07-25,38
4699,1239,2,2025-07-25,2025-08-28,34
4700,1239,3,2025-08-28,2025-10-08,41
4701,1240,1,2026-04-05,2026-04-17,12
4702,1240,2,2026-04-17,2026-04-23,6
4703,1240,3,2026-04-23,2026-05-15,22
4704,1240,4,2026-05-15,2026-06-03,19
4705,1241,1,2025-06-25,2025-07-15,20
4706,1242,1,2025-04-21,2025-05-01,10
4707,1242,2,2025-05-01,2025-05-06,5
4708,1242,3,2025-05-06,2025-06-02,27
4709,1243,1,2026-04-20,2026-05-13,23
4710,1243,2,2026-05-13,2026-06-08,26
4711,1243,3,2026-06-08,2026-07-20,42
4712,1243,4,2026-07-20,2026-08-10,21
4713,1244,1,2025-11-06,2025-11-15,9
4714,1244,2,2025-11-15,2025-11-23,8
4715,1244,3,2025-11-23,2025-12-06,13
4716,1244,4,2025-12-06,2025-12-28,22
4717,1245,1,2026-09-05,,25
4718,1246,1,2025-02-22,2025-03-16,22
4719,1246,2,2025-03-16,2025-04-07,22
4720,1246,3,2025-04-07,2025-04-19,12
4721,1246,4,2025-04-19,2025-05-01,12
4722,1246,5,2025-05-01,2025-05-28,27
4723,1247,1,2026-05-06,2026-06-13,38
4724,1247,2,2026-06-13,2026-07-04,21
4725,1247,3,2026-07-04,2026-07-30,26
4726,1247,4,2026-07-30,2026-08-29,30
4727,1247,5,2026-08-29,2026-09-19,21
4728,1248,1,2025-03-31,2025-05-09,39
4729,1248,2,2025-05-09,2025-06-19,41
4730,1248,3,2025-06-19,2025-07-10,21
4731,1248,4,2025-07-10,2025-08-16,37
4732,1248,5,2025-08-16,2025-09-06,21
4733,1249,1,2026-01-30,2026-03-09,38
4734,1249,2,2026-03-09,2026-04-18,40
4735,1249,3,2026-04-18,2026-05-26,38
4736,1249,4,2026-05-26,2026-06-20,25
4737,1249,5,2026-06-20,2026-08-01,42
4738,1250,1,2025-07-26,2025-08-19,24
4739,1250,2,2025-08-19,2025-09-10,22
4740,1250,3,2025-09-10,2025-10-02,22
4741,1250,4,2025-10-02,2025-10-20,18
4742,1250,5,2025-10-20,2025-11-14,25
4743,1251,1,2026-04-09,2026-04-22,13
4744,1251,2,2026-04-22,2026-05-09,17
4745,1251,3,2026-05-09,2026-05-18,9
4746,1251,4,2026-05-18,2026-06-13,26
4747,1251,5,2026-06-13,2026-06-21,8
4748,1252,1,2026-04-06,2026-05-03,27
4749,1252,2,2026-05-03,2026-05-14,11
4750,1253,1,2026-05-08,2026-05-30,22
4751,1253,2,2026-05-30,2026-06-12,13
4752,1253,3,2026-06-12,2026-07-06,24
4753,1254,1,2025-04-27,2025-05-17,20
4754,1254,2,2025-05-17,2025-06-27,41
4755,1254,3,2025-06-27,2025-08-08,42
4756,1254,4,2025-08-08,2025-09-09,32
4757,1255,1,2025-02-08,2025-03-04,24
4758,1255,2,2025-03-04,2025-03-13,9
4759,1255,3,2025-03-13,2025-03-31,18
4760,1255,4,2025-03-31,2025-04-05,5
4761,1255,5,2025-04-05,2025-04-13,8
4762,1256,1,2026-07-14,2026-07-20,6
4763,1256,2,2026-07-20,2026-08-04,15
4764,1256,3,2026-08-04,2026-08-19,15
4765,1256,4,2026-08-19,2026-08-25,6
4766,1256,5,2026-08-25,2026-09-18,24
4767,1257,1,2026-01-19,2026-02-05,17
4768,1257,2,2026-02-05,2026-02-18,13
4769,1257,3,2026-02-18,2026-02-24,6
4770,1257,4,2026-02-24,2026-03-04,8
4771,1257,5,2026-03-04,2026-03-17,13
4772,1258,1,2026-07-18,2026-08-20,33
4773,1258,2,2026-08-20,2026-09-09,20
4774,1258,3,2026-09-09,,21
4775,1259,1,2026-04-22,2026-05-12,20
4776,1259,2,2026-05-12,2026-05-24,12
4777,1259,3,2026-05-24,2026-06-19,26
4778,1259,4,2026-06-19,2026-07-01,12
4779,1259,5,2026-07-01,2026-07-20,19
4780,1260,1,2025-02-19,2025-02-28,9
4781,1260,2,2025-02-28,2025-03-09,9
4782,1261,1,2025-11-30,2025-12-26,26
4783,1261,2,2025-12-26,2026-01-03,8
4784,1262,1,2025-11-25,2025-12-09,14
4785,1262,2,2025-12-09,2026-01-05,27
4786,1262,3,2026-01-05,2026-01-17,12
4787,1262,4,2026-01-17,2026-02-03,17
4788,1262,5,2026-02-03,2026-02-17,14
4789,1263,1,2026-08-12,2026-08-22,10
4790,1263,2,2026-08-22,2026-08-29,7
4791,1263,3,2026-08-29,2026-09-12,14
4792,1263,4,2026-09-12,,18
4793,1264,1,2026-02-10,2026-03-23,41
4794,1264,2,2026-03-23,2026-04-28,36
4795,1265,1,2025-06-02,2025-07-06,34
4796,1265,2,2025-07-06,2025-07-28,22
4797,1265,3,2025-07-28,2025-09-05,39
4798,1265,4,2025-09-05,2025-09-29,24
4799,1265,5,2025-09-29,2025-10-30,31
4800,1266,1,2025-06-29,2025-08-08,40
4801,1266,2,2025-08-08,2025-09-07,30
4802,1266,3,2025-09-07,2025-10-10,33
4803,1266,4,2025-10-10,2025-11-19,40
4804,1266,5,2025-11-19,2025-12-31,42
4805,1267,1,2025-02-10,2025-02-26,16
4806,1267,2,2025-02-26,2025-03-03,5
4807,1267,3,2025-03-03,2025-03-16,13
4808,1267,4,2025-03-16,2025-04-07,22
4809,1267,5,2025-04-07,2025-04-14,7
4810,1268,1,2025-10-11,2025-11-06,26
4811,1268,2,2025-11-06,2025-11-17,11
4812,1268,3,2025-11-17,2025-12-11,24
4813,1268,4,2025-12-11,2026-01-07,27
4814,1268,5,2026-01-07,2026-01-17,10
4815,1269,1,2026-07-21,2026-08-10,20
4816,1269,2,2026-08-10,2026-08-30,20
4817,1269,3,2026-08-30,2026-09-09,10
4818,1269,4,2026-09-09,2026-09-30,21
4819,1269,5,2026-09-30,,0
4820,1270,1,2026-01-03,2026-01-28,25
4821,1270,2,2026-01-28,2026-03-01,32
4822,1270,3,2026-03-01,2026-03-23,22
4823,1270,4,2026-03-23,2026-04-22,30
4824,1271,1,2026-09-11,2026-09-25,14
4825,1272,1,2026-03-11,2026-03-22,11
4826,1272,2,2026-03-22,2026-04-11,20
4827,1272,3,2026-04-11,2026-04-29,18
4828,1273,1,2025-08-30,2025-09-09,10
4829,1273,2,2025-09-09,2025-09-30,21
4830,1273,3,2025-09-30,2025-10-22,22
4831,1274,1,2025-04-22,2025-04-29,7
4832,1274,2,2025-04-29,2025-05-12,13
4833,1274,3,2025-05-12,2025-05-26,14
4834,1275,1,2026-07-30,2026-08-20,21
4835,1275,2,2026-08-20,2026-09-11,22
4836,1275,3,2026-09-11,,19
4837,1276,1,2026-01-23,2026-02-11,19
4838,1277,1,2025-08-22,2025-09-19,28
4839,1277,2,2025-09-19,2025-10-17,28
4840,1277,3,2025-10-17,2025-11-28,42
4841,1277,4,2025-11-28,2025-12-20,22
4842,1277,5,2025-12-20,2026-01-10,21
4843,1278,1,2025-07-13,2025-08-08,26
4844,1278,2,2025-08-08,2025-09-01,24
4845,1278,3,2025-09-01,2025-09-30,29
4846,1278,4,2025-09-30,2025-11-02,33
4847,1278,5,2025-11-02,2025-12-06,34
4848,1279,1,2025-11-03,2025-11-09,6
4849,1279,2,2025-11-09,2025-11-22,13
4850,1279,3,2025-11-22,2025-11-30,8
4851,1279,4,2025-11-30,2025-12-25,25
4852,1279,5,2025-12-25,2026-01-14,20
4853,1280,1,2026-08-22,2026-09-05,14
4854,1281,1,2025-07-12,2025-08-20,39
4855,1281,2,2025-08-20,2025-09-09,20
4856,1281,3,2025-09-09,2025-10-06,27
4857,1281,4,2025-10-06,2025-10-30,24
4858,1281,5,2025-10-30,2025-12-08,39
4859,1282,1,2025-10-11,2025-10-29,18
4860,1282,2,2025-10-29,2025-11-16,18
4861,1283,1,2025-01-08,2025-02-02,25
4862,1283,2,2025-02-02,2025-02-08,6
4863,1283,3,2025-02-08,2025-02-18,10
4864,1283,4,2025-02-18,2025-03-06,16
4865,1284,1,2026-07-30,2026-08-05,6
4866,1284,2,2026-08-05,2026-08-25,20
4867,1284,3,2026-08-25,2026-09-15,21
4868,1285,1,2025-08-18,2025-09-11,24
4869,1285,2,2025-09-11,2025-10-05,24
4870,1286,1,2025-10-02,2025-10-13,11
4871,1286,2,2025-10-13,2025-10-29,16
4872,1286,3,2025-10-29,2025-11-13,15
4873,1286,4,2025-11-13,2025-12-07,24
4874,1287,1,2025-11-14,2025-12-10,26
4875,1288,1,2026-04-07,2026-04-15,8
4876,1289,1,2025-03-03,2025-03-09,6
4877,1289,2,2025-03-09,2025-03-25,16
4878,1289,3,2025-03-25,2025-03-30,5
4879,1289,4,2025-03-30,2025-04-24,25
4880,1290,1,2026-04-10,2026-05-20,40
4881,1290,2,2026-05-20,2026-06-12,23
4882,1290,3,2026-06-12,2026-07-18,36
4883,1290,4,2026-07-18,2026-08-27,40
4884,1290,5,2026-08-27,,34
4885,1291,1,2026-03-18,2026-04-08,21
4886,1291,2,2026-04-08,2026-05-20,42
4887,1291,3,2026-05-20,2026-06-23,34
4888,1291,4,2026-06-23,2026-07-23,30
4889,1291,5,2026-07-23,2026-08-23,31
4890,1292,1,2025-05-05,2025-05-29,24
4891,1292,2,2025-05-29,2025-07-09,41
4892,1292,3,2025-07-09,2025-07-31,22
4893,1292,4,2025-07-31,2025-08-28,28
4894,1292,5,2025-08-28,2025-10-07,40
4895,1293,1,2026-03-13,2026-03-26,13
4896,1293,2,2026-03-26,2026-04-01,6
4897,1293,3,2026-04-01,2026-04-15,14
4898,1293,4,2026-04-15,2026-05-07,22
4899,1293,5,2026-05-07,2026-05-23,16
4900,1294,1,2026-09-10,2026-09-23,13
4901,1294,2,2026-09-23,,7
4902,1295,1,2026-04-09,2026-04-29,20
4903,1296,1,2026-07-30,2026-08-14,15
4904,1296,2,2026-08-14,2026-09-02,19
4905,1296,3,2026-09-02,2026-09-07,5
4906,1296,4,2026-09-07,2026-09-15,8
4907,1296,5,2026-09-15,,15
4908,1297,1,2025-11-02,2025-11-11,9
4909,1297,2,2025-11-11,2025-11-17,6
4910,1297,3,2025-11-17,2025-12-06,19
4911,1297,4,2025-12-06,2025-12-23,17
4912,1298,1,2025-03-10,2025-04-15,36
4913,1298,2,2025-04-15,2025-05-20,35
4914,1298,3,2025-05-20,2025-06-26,37
4915,1298,4,2025-06-26,2025-07-18,22
4916,1299,1,2026-04-21,2026-05-12,21
4917,1299,2,2026-05-12,2026-05-26,14
4918,1299,3,2026-05-26,2026-06-11,16
4919,1299,4,2026-06-11,2026-06-26,15
4920,1299,5,2026-06-26,2026-07-13,17
4921,1300,1,2026-07-23,2026-08-19,27
4922,1300,2,2026-08-19,2026-09-11,23
4923,1300,3,2026-09-11,,19
4924,1301,1,2026-02-18,2026-03-23,33
4925,1302,1,2026-03-30,2026-04-19,20
4926,1302,2,2026-04-19,2026-05-07,18
4927,1302,3,2026-05-07,2026-06-02,26
4928,1302,4,2026-06-02,2026-06-09,7
4929,1302,5,2026-06-09,2026-06-27,18
4930,1303,1,2026-03-31,2026-04-15,15
4931,1303,2,2026-04-15,2026-04-28,13
4932,1303,3,2026-04-28,2026-05-12,14
4933,1303,4,2026-05-12,2026-05-20,8
4934,1303,5,2026-05-20,2026-06-05,16
4935,1304,1,2025-11-24,2025-12-20,26
4936,1304,2,2025-12-20,2025-12-27,7
4937,1304,3,2025-12-27,2026-01-04,8
4938,1304,4,2026-01-04,2026-01-23,19
4939,1304,5,2026-01-23,2026-02-19,27
4940,1305,1,2026-08-20,2026-08-30,10
4941,1306,1,2025-12-18,2026-01-12,25
4942,1306,2,2026-01-12,2026-01-25,13
4943,1306,3,2026-01-25,2026-02-17,23
4944,1306,4,2026-02-17,2026-03-11,22
4945,1306,5,2026-03-11,2026-04-05,25
4946,1307,1,2026-06-17,2026-07-09,22
4947,1308,1,2025-03-22,2025-04-12,21
4948,1308,2,2025-04-12,2025-05-22,40
4949,1309,1,2025-08-12,2025-08-23,11
4950,1309,2,2025-08-23,2025-09-14,22
4951,1310,1,2025-07-11,2025-07-24,13
4952,1310,2,2025-07-24,2025-08-04,11
4953,1310,3,2025-08-04,2025-08-27,23
4954,1310,4,2025-08-27,2025-09-23,27
4955,1310,5,2025-09-23,2025-09-30,7
4956,1311,1,2025-02-21,2025-03-14,21
4957,1311,2,2025-03-14,2025-03-22,8
4958,1311,3,2025-03-22,2025-04-10,19
4959,1312,1,2025-10-11,2025-10-25,14
4960,1312,2,2025-10-25,2025-11-17,23
4961,1312,3,2025-11-17,2025-11-29,12
4962,1312,4,2025-11-29,2025-12-19,20
4963,1313,1,2026-06-20,2026-07-11,21
4964,1313,2,2026-07-11,2026-08-03,23
4965,1313,3,2026-08-03,2026-09-11,39
4966,1313,4,2026-09-11,,19
4967,1314,1,2025-03-15,2025-03-23,8
4968,1314,2,2025-03-23,2025-04-05,13
4969,1315,1,2025-09-28,2025-10-22,24
4970,1315,2,2025-10-22,2025-11-03,12
4971,1315,3,2025-11-03,2025-11-18,15
4972,1315,4,2025-11-18,2025-12-12,24
4973,1315,5,2025-12-12,2025-12-22,10
4974,1316,1,2026-03-10,2026-03-18,8
4975,1316,2,2026-03-18,2026-03-23,5
4976,1316,3,2026-03-23,2026-04-13,21
4977,1316,4,2026-04-13,2026-05-09,26
4978,1316,5,2026-05-09,2026-05-22,13
4979,1317,1,2025-12-19,2025-12-30,11
4980,1317,2,2025-12-30,2026-01-19,20
4981,1317,3,2026-01-19,2026-02-12,24
4982,1318,1,2025-07-05,2025-08-03,29
4983,1318,2,2025-08-03,2025-09-04,32
4984,1318,3,2025-09-04,2025-10-04,30
4985,1318,4,2025-10-04,2025-11-15,42
4986,1318,5,2025-11-15,2025-12-27,42
4987,1319,1,2025-12-26,2026-01-07,12
4988,1319,2,2026-01-07,2026-01-17,10
4989,1319,3,2026-01-17,2026-01-28,11
4990,1319,4,2026-01-28,2026-02-02,5
4991,1319,5,2026-02-02,2026-02-26,24
4992,1320,1,2025-04-11,2025-04-26,15
4993,1320,2,2025-04-26,2025-05-21,25
4994,1320,3,2025-05-21,2025-06-15,25
4995,1320,4,2025-06-15,2025-06-27,12
4996,1320,5,2025-06-27,2025-07-08,11
4997,1321,1,2026-07-15,2026-07-31,16
4998,1321,2,2026-07-31,2026-08-19,19
4999,1321,3,2026-08-19,2026-09-06,18
5000,1321,4,2026-09-06,,24
5001,1322,1,2026-05-24,2026-06-17,24
5002,1322,2,2026-06-17,2026-07-14,27
5003,1322,3,2026-07-14,2026-08-24,41
5004,1322,4,2026-08-24,,37
5005,1323,1,2025-01-27,2025-02-12,16
5006,1323,2,2025-02-12,2025-03-01,17
5007,1323,3,2025-03-01,2025-03-10,9
5008,1323,4,2025-03-10,2025-03-29,19
5009,1323,5,2025-03-29,2025-04-18,20
5010,1324,1,2026-03-30,2026-04-07,8
5011,1324,2,2026-04-07,2026-04-14,7
5012,1325,1,2026-09-29,,1
5013,1326,1,2025-02-06,2025-02-14,8
5014,1326,2,2025-02-14,2025-02-21,7
5015,1326,3,2025-02-21,2025-03-20,27
5016,1327,1,2026-03-08,2026-03-18,10
5017,1327,2,2026-03-18,2026-03-30,12
5018,1327,3,2026-03-30,2026-04-26,27
5019,1327,4,2026-04-26,2026-05-18,22
5020,1328,1,2025-09-14,2025-10-26,42
5021,1328,2,2025-10-26,2025-11-28,33
5022,1328,3,2025-11-28,2025-12-29,31
5023,1328,4,2025-12-29,2026-02-04,37
5024,1328,5,2026-02-04,2026-03-02,26
5025,1329,1,2026-01-07,2026-01-30,23
5026,1329,2,2026-01-30,2026-02-20,21
5027,1329,3,2026-02-20,2026-04-03,42
5028,1329,4,2026-04-03,2026-04-27,24
5029,1329,5,2026-04-27,2026-05-27,30
5030,1330,1,2026-06-13,2026-07-05,22
5031,1330,2,2026-07-05,2026-07-13,8
5032,1331,1,2025-01-19,2025-02-03,15
5033,1331,2,2025-02-03,2025-03-01,26
5034,1332,1,2025-09-21,2025-10-16,25
5035,1332,2,2025-10-16,2025-10-29,13
5036,1332,3,2025-10-29,2025-11-24,26
5037,1332,4,2025-11-24,2025-12-02,8
5038,1332,5,2025-12-02,2025-12-18,16
5039,1333,1,2025-08-31,2025-09-21,21
5040,1333,2,2025-09-21,2025-10-03,12
5041,1333,3,2025-10-03,2025-10-09,6
5042,1333,4,2025-10-09,2025-10-20,11
5043,1333,5,2025-10-20,2025-11-01,12
5044,1334,1,2025-08-03,2025-08-26,23
5045,1334,2,2025-08-26,2025-09-07,12
5046,1334,3,2025-09-07,2025-09-27,20
5047,1334,4,2025-09-27,2025-10-21,24
5048,1334,5,2025-10-21,2025-11-09,19
5049,1335,1,2026-03-20,2026-04-15,26
5050,1335,2,2026-04-15,2026-05-17,32
5051,1335,3,2026-05-17,2026-06-17,31
5052,1335,4,2026-06-17,2026-07-10,23
5053,1336,1,2025-08-14,2025-09-23,40
5054,1336,2,2025-09-23,2025-10-15,22
5055,1336,3,2025-10-15,2025-11-09,25
5056,1336,4,2025-11-09,2025-12-19,40
5057,1336,5,2025-12-19,2026-01-15,27
5058,1337,1,2026-08-03,2026-08-19,16
5059,1337,2,2026-08-19,2026-08-29,10
5060,1337,3,2026-08-29,2026-09-19,21
5061,1337,4,2026-09-19,,11
5062,1338,1,2026-04-24,2026-05-20,26
5063,1338,2,2026-05-20,2026-06-03,14
5064,1338,3,2026-06-03,2026-06-27,24
5065,1338,4,2026-06-27,2026-07-09,12
5066,1339,1,2025-10-28,2025-11-08,11
5067,1340,1,2026-03-12,2026-03-31,19
5068,1340,2,2026-03-31,2026-04-19,19
5069,1340,3,2026-04-19,2026-05-14,25
5070,1341,1,2025-02-19,2025-02-27,8
5071,1341,2,2025-02-27,2025-03-20,21
5072,1341,3,2025-03-20,2025-03-27,7
5073,1341,4,2025-03-27,2025-04-15,19
5074,1341,5,2025-04-15,2025-05-07,22
5075,1342,1,2025-08-20,2025-09-02,13
5076,1342,2,2025-09-02,2025-09-07,5
5077,1342,3,2025-09-07,2025-09-13,6
5078,1342,4,2025-09-13,2025-10-01,18
5079,1342,5,2025-10-01,2025-10-15,14
5080,1343,1,2025-04-08,2025-04-21,13
5081,1343,2,2025-04-21,2025-05-04,13
5082,1343,3,2025-05-04,2025-05-09,5
5083,1343,4,2025-05-09,2025-05-31,22
5084,1343,5,2025-05-31,2025-06-22,22
5085,1344,1,2025-05-29,2025-06-11,13
5086,1344,2,2025-06-11,2025-06-18,7
5087,1345,1,2025-04-12,2025-05-02,20
5088,1346,1,2025-04-15,2025-04-21,6
5089,1346,2,2025-04-21,2025-05-06,15
5090,1346,3,2025-05-06,2025-05-20,14
5091,1346,4,2025-05-20,2025-06-06,17
5092,1346,5,2025-06-06,2025-06-28,22
5093,1347,1,2026-01-22,2026-02-16,25
5094,1347,2,2026-02-16,2026-02-21,5
5095,1347,3,2026-02-21,2026-03-09,16
5096,1348,1,2025-02-22,2025-03-02,8
5097,1348,2,2025-03-02,2025-03-18,16
5098,1349,1,2026-01-21,2026-02-03,13
5099,1350,1,2025-10-11,2025-10-26,15
5100,1350,2,2025-10-26,2025-11-22,27
5101,1350,3,2025-11-22,2025-12-02,10
5102,1350,4,2025-12-02,2025-12-11,9
5103,1350,5,2025-12-11,2025-12-21,10
5104,1351,1,2025-06-02,2025-07-09,37
5105,1351,2,2025-07-09,2025-08-03,25
5106,1351,3,2025-08-03,2025-08-29,26
5107,1351,4,2025-08-29,2025-10-06,38
5108,1351,5,2025-10-06,2025-10-28,22
5109,1352,1,2025-11-19,2025-11-29,10
5110,1352,2,2025-11-29,2025-12-16,17
5111,1352,3,2025-12-16,2025-12-27,11
5112,1352,4,2025-12-27,2026-01-07,11
5113,1352,5,2026-01-07,2026-02-03,27
5114,1353,1,2026-06-21,2026-07-01,10
5115,1353,2,2026-07-01,2026-07-18,17
5116,1353,3,2026-07-18,2026-07-28,10
5117,1353,4,2026-07-28,2026-08-09,12
5118,1353,5,2026-08-09,2026-08-27,18
5119,1354,1,2025-10-08,2025-10-20,12
5120,1354,2,2025-10-20,2025-11-08,19
5121,1354,3,2025-11-08,2025-12-03,25
5122,1354,4,2025-12-03,2025-12-26,23
5123,1355,1,2026-04-15,2026-04-21,6
5124,1355,2,2026-04-21,2026-05-04,13
5125,1355,3,2026-05-04,2026-05-13,9
5126,1355,4,2026-05-13,2026-05-29,16
5127,1355,5,2026-05-29,2026-06-25,27
5128,1356,1,2025-02-03,2025-03-07,32
5129,1356,2,2025-03-07,2025-04-17,41
5130,1356,3,2025-04-17,2025-05-14,27
5131,1356,4,2025-05-14,2025-06-07,24
5132,1356,5,2025-06-07,2025-06-28,21
5133,1357,1,2025-08-11,2025-08-20,9
5134,1357,2,2025-08-20,2025-09-07,18
5135,1358,1,2025-08-14,2025-09-10,27
5136,1358,2,2025-09-10,2025-10-07,27
5137,1358,3,2025-10-07,2025-10-28,21
5138,1358,4,2025-10-28,2025-11-06,9
5139,1358,5,2025-11-06,2025-11-30,24
5140,1359,1,2026-03-21,2026-04-06,16
5141,1359,2,2026-04-06,2026-04-25,19
5142,1360,1,2025-04-04,2025-04-25,21
5143,1360,2,2025-04-25,2025-05-14,19
5144,1360,3,2025-05-14,2025-06-09,26
5145,1361,1,2025-02-25,2025-03-26,29
5146,1362,1,2026-01-13,2026-02-21,39
5147,1362,2,2026-02-21,2026-04-01,39
5148,1362,3,2026-04-01,2026-05-05,34
5149,1362,4,2026-05-05,2026-05-29,24
5150,1362,5,2026-05-29,2026-06-25,27
5151,1363,1,2025-06-23,2025-06-29,6
5152,1363,2,2025-06-29,2025-07-13,14
5153,1363,3,2025-07-13,2025-07-28,15
5154,1364,1,2026-07-22,2026-08-24,33
5155,1364,2,2026-08-24,2026-09-21,28
5156,1364,3,2026-09-21,,9
5157,1365,1,2026-07-23,2026-08-28,36
5158,1365,2,2026-08-28,2026-09-30,33
5159,1365,3,2026-09-30,,0
5160,1366,1,2025-06-18,2025-06-30,12
5161,1367,1,2026-03-19,2026-04-15,27
5162,1367,2,2026-04-15,2026-04-24,9
5163,1368,1,2025-08-27,2025-09-01,5
5164,1368,2,2025-09-01,2025-09-09,8
5165,1368,3,2025-09-09,2025-09-20,11
5166,1368,4,2025-09-20,2025-10-06,16
5167,1368,5,2025-10-06,2025-10-20,14
5168,1369,1,2025-09-20,2025-09-29,9
5169,1369,2,2025-09-29,2025-10-10,11
5170,1369,3,2025-10-10,2025-10-25,15
5171,1369,4,2025-10-25,2025-11-08,14
5172,1369,5,2025-11-08,2025-11-15,7
5173,1370,1,2026-01-26,2026-02-09,14
5174,1370,2,2026-02-09,2026-02-17,8
5175,1370,3,2026-02-17,2026-02-28,11
5176,1370,4,2026-02-28,2026-03-14,14
5177,1370,5,2026-03-14,2026-03-26,12
5178,1371,1,2026-02-04,2026-02-28,24
5179,1371,2,2026-02-28,2026-03-16,16
5180,1371,3,2026-03-16,2026-03-31,15
5181,1372,1,2025-08-28,2025-09-04,7
5182,1372,2,2025-09-04,2025-09-21,17
5183,1372,3,2025-09-21,2025-10-17,26
5184,1372,4,2025-10-17,2025-10-26,9
5185,1373,1,2026-04-16,2026-05-10,24
5186,1373,2,2026-05-10,2026-05-30,20
5187,1373,3,2026-05-30,2026-06-10,11
5188,1373,4,2026-06-10,2026-06-18,8
5189,1373,5,2026-06-18,2026-07-13,25
5190,1374,1,2026-03-25,2026-04-05,11
5191,1374,2,2026-04-05,2026-04-23,18
5192,1374,3,2026-04-23,2026-04-28,5
5193,1374,4,2026-04-28,2026-05-07,9
5194,1374,5,2026-05-07,2026-06-02,26
5195,1375,1,2026-03-22,2026-03-30,8
5196,1375,2,2026-03-30,2026-04-11,12
5197,1375,3,2026-04-11,2026-04-16,5
5198,1376,1,2026-09-26,,4
5199,1377,1,2026-09-22,2026-09-28,6
5200,1377,2,2026-09-28,,2
5201,1378,1,2026-09-25,,5
5202,1379,1,2026-05-17,2026-05-28,11
5203,1379,2,2026-05-28,2026-06-24,27
5204,1379,3,2026-06-24,2026-07-13,19
5205,1379,4,2026-07-13,2026-08-01,19
5206,1379,5,2026-08-01,2026-08-15,14
5207,1380,1,2026-02-16,2026-02-21,5
5208,1380,2,2026-02-21,2026-03-07,14
5209,1380,3,2026-03-07,2026-03-25,18
5210,1380,4,2026-03-25,2026-04-20,26
5211,1380,5,2026-04-20,2026-04-28,8
5212,1381,1,2025-09-28,2025-10-04,6
5213,1381,2,2025-10-04,2025-10-18,14
5214,1381,3,2025-10-18,2025-10-25,7
5215,1381,4,2025-10-25,2025-11-16,22
5216,1381,5,2025-11-16,2025-11-22,6
5217,1382,1,2026-03-25,2026-03-30,5
5218,1382,2,2026-03-30,2026-04-25,26
5219,1382,3,2026-04-25,2026-05-13,18
5220,1382,4,2026-05-13,2026-06-09,27
5221,1382,5,2026-06-09,2026-07-05,26
5222,1383,1,2026-09-16,2026-09-30,14
5223,1383,2,2026-09-30,,0
5224,1384,1,2025-02-25,2025-03-12,15
5225,1384,2,2025-03-12,2025-03-17,5
5226,1384,3,2025-03-17,2025-03-23,6
5227,1385,1,2026-05-10,2026-06-06,27
5228,1385,2,2026-06-06,2026-07-01,25
5229,1385,3,2026-07-01,2026-07-16,15
5230,1385,4,2026-07-16,2026-08-09,24
5231,1385,5,2026-08-09,2026-08-16,7
5232,1386,1,2025-04-17,2025-05-25,38
5233,1386,2,2025-05-25,2025-06-23,29
5234,1386,3,2025-06-23,2025-07-31,38
5235,1387,1,2026-09-02,2026-09-23,21
5236,1387,2,2026-09-23,,7
5237,1388,1,2026-08-08,2026-09-03,26
5238,1388,2,2026-09-03,2026-09-12,9
5239,1388,3,2026-09-12,2026-09-27,15
5240,1388,4,2026-09-27,,3
5241,1389,1,2025-04-10,2025-05-01,21
5242,1390,1,2026-08-31,2026-09-14,14
5243,1390,2,2026-09-14,2026-09-26,12
5244,1390,3,2026-09-26,,4
5245,1391,1,2026-05-02,2026-05-18,16
5246,1392,1,2025-11-01,2025-11-26,25
5247,1392,2,2025-11-26,2025-12-08,12
5248,1392,3,2025-12-08,2025-12-29,21
5249,1392,4,2025-12-29,2026-01-10,12
5250,1392,5,2026-01-10,2026-01-15,5
5251,1393,1,2026-03-23,2026-04-21,29
5252,1393,2,2026-04-21,2026-05-16,25
5253,1394,1,2026-08-21,2026-09-04,14
5254,1394,2,2026-09-04,2026-09-21,17
5255,1394,3,2026-09-21,,9
5256,1395,1,2026-04-24,2026-05-17,23
5257,1395,2,2026-05-17,2026-06-09,23
5258,1395,3,2026-06-09,2026-06-19,10
5259,1395,4,2026-06-19,2026-07-07,18
5260,1395,5,2026-07-07,2026-07-20,13
5261,1396,1,2026-04-26,2026-05-23,27
5262,1396,2,2026-05-23,2026-06-19,27
5263,1396,3,2026-06-19,2026-07-26,37
5264,1396,4,2026-07-26,2026-09-02,38
5265,1396,5,2026-09-02,2026-09-30,28
5266,1397,1,2025-02-08,2025-02-14,6
5267,1397,2,2025-02-14,2025-02-24,10
5268,1397,3,2025-02-24,2025-03-23,27
5269,1397,4,2025-03-23,2025-04-15,23
5270,1397,5,2025-04-15,2025-05-05,20
5271,1398,1,2025-12-17,2025-12-22,5
5272,1398,2,2025-12-22,2026-01-06,15
5273,1398,3,2026-01-06,2026-01-16,10
5274,1398,4,2026-01-16,2026-02-07,22
5275,1398,5,2026-02-07,2026-03-02,23
5276,1399,1,2025-09-29,2025-10-25,26
5277,1399,2,2025-10-25,2025-11-12,18
5278,1399,3,2025-11-12,2025-11-24,12
5279,1399,4,2025-11-24,2025-12-11,17
5280,1399,5,2025-12-11,2025-12-21,10
5281,1400,1,2025-09-01,2025-09-06,5
5282,1400,2,2025-09-06,2025-09-25,19
5283,1400,3,2025-09-25,2025-10-13,18
